state,district,crop,season,unit_mean,unit_sd,n_years,last_year,tmax_c,tmin_c,irrigation_ratio,rain_normal,rain_sd,rain_p25,rain_p50,rain_p75,price_rs_qtl,price_year,cost_c2,cost_year,msp_rs_qtl,msp_year
ANDHRA PRADESH,CHITTOOR,CHICKPEA,RABI,1.2454936360509117,1.015194598264748,9,2014,30.37203703703704,19.520740740740738,0.18919848641210868,332.1222222222222,103.70896511124023,274.2,306.0,376.2,2116.0,2009.0,3085.18,2014.0,3000.0,2012
ANDHRA PRADESH,CHITTOOR,GROUNDNUT,KHARIF,0.7577661727510393,0.3071615883922538,18,2014,32.869305555555556,23.639444444444443,0.1744748515248391,414.4555555555555,87.58940455814088,364.0,412.5,449.45,4153.0,2014.0,4607.64,2014.0,3700.0,2012
ANDHRA PRADESH,CHITTOOR,GROUNDNUT,RABI,2.7040720409881467,0.31890758640375005,18,2014,30.265833333333333,19.306296296296296,1.3935827047751717,384.6611111111111,157.30571635733017,285.25,354.1,494.0,4153.0,2014.0,4607.64,2014.0,3700.0,2012
ANDHRA PRADESH,CHITTOOR,MAIZE,KHARIF,3.310098418823775,1.0704019209443865,18,2014,32.869305555555556,23.639444444444443,1.171390594860844,414.4555555555555,87.58940455814088,364.0,412.5,449.45,1101.0,2014.0,1130.4,2014.0,1175.0,2012
ANDHRA PRADESH,CHITTOOR,MAIZE,RABI,6.6231827716126865,1.6132668019843526,17,2014,30.209705882352946,19.278725490196077,1.450613341783414,375.99411764705883,157.65483845488313,285.0,332.0,461.0,1101.0,2014.0,1130.4,2014.0,1175.0,2012
ANDHRA PRADESH,CHITTOOR,RICE,KHARIF,2.641996317993552,0.4619919566076446,18,2014,32.869305555555556,23.639444444444443,1.5,414.4555555555555,87.58940455814088,364.0,412.5,449.45,1300.0,2014.0,1282.17,2014.0,1265.0,2012
ANDHRA PRADESH,CHITTOOR,RICE,RABI,2.8360988244053362,0.5057398316736339,18,2014,30.265833333333333,19.306296296296296,1.4504813307144029,384.6611111111111,157.30571635733017,285.25,354.1,494.0,1300.0,2014.0,1282.17,2014.0,1265.0,2012
ANDHRA PRADESH,CHITTOOR,SORGHUM,KHARIF,0.8029192096813237,0.21783087718298116,17,2014,32.83926470588236,23.608676470588236,0.017719209679956677,413.3941176470588,90.16568409453396,364.0,400.0,450.0,1051.0,2011.0,1732.18,2014.0,1510.0,2012
ANDHRA PRADESH,CHITTOOR,SORGHUM,RABI,1.3173762633057986,0.23749738301298998,8,2006,30.12375,19.176458333333333,1.3256972912145326,355.8,205.43339553246938,266.25,300.5,375.25,489.0,2006.0,1732.18,2014.0,1510.0,2012
ANDHRA PRADESH,EAST GODAVARI,CHICKPEA,RABI,1.6966492517862868,0.35004298541942047,16,2014,29.246770833333333,20.155729166666667,0.0,315.51875,175.33019598745676,169.75,334.5,380.0,3330.0,2012.0,3085.18,2014.0,3000.0,2012
ANDHRA PRADESH,EAST GODAVARI,GROUNDNUT,KHARIF,1.1886512724953515,0.3281162040514706,17,2014,31.66,24.5575,1.3171450144752814,703.8882352941176,206.73510491191664,595.0,659.0,806.0,3028.0,2012.0,4607.64,2014.0,3700.0,2012
ANDHRA PRADESH,EAST GODAVARI,GROUNDNUT,RABI,2.1488491076671514,0.43814857986851746,17,2014,29.31813725490196,20.225098039215684,0.4517799831077,318.0764705882353,175.77499299321477,174.0,334.0,376.0,3028.0,2012.0,4607.64,2014.0,3700.0,2012
ANDHRA PRADESH,EAST GODAVARI,MAIZE,KHARIF,2.827833763268826,0.7661117576918774,18,2014,31.654861111111114,24.55236111111111,1.5,718.1166666666667,209.4502081781786,598.0,695.0,878.75,1232.0,2014.0,1130.4,2014.0,1175.0,2012
ANDHRA PRADESH,EAST GODAVARI,MAIZE,RABI,6.869227968673636,1.5183520152621859,18,2014,29.307314814814813,20.212222222222223,0.978077516167226,322.18333333333334,171.41464433973442,175.75,334.5,388.0,1232.0,2014.0,1130.4,2014.0,1175.0,2012
ANDHRA PRADESH,EAST GODAVARI,RICE,KHARIF,2.505018915736467,0.6120129076292864,18,2014,31.654861111111114,24.55236111111111,1.4999891446357738,718.1166666666667,209.4502081781786,598.0,695.0,878.75,1322.0,2014.0,1282.17,2014.0,1265.0,2012
ANDHRA PRADESH,EAST GODAVARI,RICE,RABI,4.530586726908754,0.48831047633270414,18,2014,29.307314814814813,20.212222222222223,1.5,322.18333333333334,171.41464433973442,175.75,334.5,388.0,1322.0,2014.0,1282.17,2014.0,1265.0,2012
ANDHRA PRADESH,EAST GODAVARI,SORGHUM,KHARIF,1.185064387589526,0.892402277627943,18,2014,31.654861111111114,24.55236111111111,0.02959790474358705,718.1166666666667,209.4502081781786,598.0,695.0,878.75,1253.0,2012.0,1732.18,2014.0,1510.0,2012
ANDHRA PRADESH,EAST GODAVARI,SORGHUM,RABI,1.8903746403746404,1.4251514767858064,13,2014,29.326923076923077,20.24474358974359,0.49189189189189186,311.5615384615384,144.25555759635708,181.0,334.0,376.0,1039.0,2012.0,1732.18,2014.0,1510.0,2012
ANDHRA PRADESH,GUNTUR,CHICKPEA,RABI,1.7138405723556167,0.46664276858281045,18,2014,31.744999999999997,20.707407407407405,0.004029492809334961,252.80555555555554,106.22124232121105,167.75,243.0,325.75,3277.0,2014.0,3085.18,2014.0,3000.0,2012
ANDHRA PRADESH,GUNTUR,GROUNDNUT,KHARIF,1.1813672717736694,0.3051658524288608,17,2014,34.45485294117647,26.067647058823532,1.5,568.8941176470589,144.80607493553333,460.5,590.2,632.0,4587.0,2014.0,4607.64,2014.0,3700.0,2012
ANDHRA PRADESH,GUNTUR,GROUNDNUT,RABI,2.490846330433426,0.9316217769361742,18,2014,31.744999999999997,20.707407407407405,1.0030560673215578,252.80555555555554,106.22124232121105,167.75,243.0,325.75,4587.0,2014.0,4607.64,2014.0,3700.0,2012
ANDHRA PRADESH,GUNTUR,MAIZE,KHARIF,2.8242289292007294,0.7694040973157145,18,2014,34.415416666666665,26.02847222222222,1.2795278999762036,582.9555555555556,152.62494292419694,472.625,595.6,633.5,1193.0,2014.0,1130.4,2014.0,1175.0,2012
ANDHRA PRADESH,GUNTUR,MAIZE,RABI,7.623813495891635,2.108837531298184,18,2014,31.744999999999997,20.707407407407405,0.7309712799335217,252.80555555555554,106.22124232121105,167.75,243.0,325.75,1193.0,2014.0,1130.4,2014.0,1175.0,2012
ANDHRA PRADESH,GUNTUR,RICE,KHARIF,3.25436054648139,0.3835588936538209,18,2014,34.415416666666665,26.02847222222222,1.2994244967392428,582.9555555555556,152.62494292419694,472.625,595.6,633.5,1654.0,2014.0,1282.17,2014.0,1265.0,2012
ANDHRA PRADESH,GUNTUR,RICE,RABI,3.516899980942777,0.311285634814089,18,2014,31.744999999999997,20.707407407407405,1.5,252.80555555555554,106.22124232121105,167.75,243.0,325.75,1654.0,2014.0,1282.17,2014.0,1265.0,2012
ANDHRA PRADESH,GUNTUR,SORGHUM,KHARIF,1.0659721110434188,0.8869650431853273,14,2014,34.46071428571428,26.072321428571428,1.122149262225809,583.9785714285714,148.87752415258052,517.75,595.6,625.9,1171.0,2014.0,1732.18,2014.0,1510.0,2012
ANDHRA PRADESH,GUNTUR,SORGHUM,RABI,4.002488103689705,2.4846924178698315,18,2014,31.744999999999997,20.707407407407405,0.3586866236372239,252.80555555555554,106.22124232121105,167.75,243.0,325.75,1171.0,2014.0,1732.18,2014.0,1510.0,2012
ANDHRA PRADESH,KRISHNA,CHICKPEA,RABI,1.7156744843811342,0.354996008308623,17,2014,31.125686274509803,21.10205882352941,0.0,290.72352941176473,139.22488341444105,177.0,272.0,357.0,3277.0,2012.0,3085.18,2014.0,3000.0,2012
ANDHRA PRADESH,KRISHNA,GROUNDNUT,KHARIF,1.8230767675911315,0.7795611337181361,18,2014,33.48555555555556,25.709444444444443,1.2445034927048757,682.9777777777778,193.48985550412337,576.0,659.5,789.75,4023.0,2014.0,4607.64,2014.0,3700.0,2012
ANDHRA PRADESH,KRISHNA,GROUNDNUT,RABI,2.0185131316924485,0.33680611008872596,18,2014,31.183981481481478,21.156296296296297,0.7148608282696483,285.9611111111111,136.57089578370423,179.5,245.0,356.0,4023.0,2014.0,4607.64,2014.0,3700.0,2012
ANDHRA PRADESH,KRISHNA,MAIZE,KHARIF,3.6504304751743177,1.3896050321627054,18,2014,33.48555555555556,25.709444444444443,1.11007020698555,682.9777777777778,193.48985550412337,576.0,659.5,789.75,1233.0,2014.0,1130.4,2014.0,1175.0,2012
ANDHRA PRADESH,KRISHNA,MAIZE,RABI,6.889358178136082,1.506927670468936,18,2014,31.183981481481478,21.156296296296297,1.1541901758257507,285.9611111111111,136.57089578370423,179.5,245.0,356.0,1233.0,2014.0,1130.4,2014.0,1175.0,2012
ANDHRA PRADESH,KRISHNA,RICE,KHARIF,3.0514608972450445,0.4499497337246566,18,2014,33.48555555555556,25.709444444444443,1.2972483369875731,682.9777777777778,193.48985550412337,576.0,659.5,789.75,1410.0,2014.0,1282.17,2014.0,1265.0,2012
ANDHRA PRADESH,KRISHNA,RICE,RABI,3.5834717348865146,0.4258185104589588,18,2014,31.183981481481478,21.156296296296297,1.5,285.9611111111111,136.57089578370423,179.5,245.0,356.0,1410.0,2014.0,1282.17,2014.0,1265.0,2012
ANDHRA PRADESH,KRISHNA,SORGHUM,KHARIF,1.11542447304393,0.8954919288108965,11,2013,33.497727272727275,25.725,0.49845723597175395,642.8454545454546,163.13056956705796,572.0,623.0,734.1500000000001,837.0,2009.0,1732.18,2014.0,1510.0,2012
ANDHRA PRADESH,KRISHNA,SORGHUM,RABI,2.520821634472584,1.6678077957698736,17,2014,31.202647058823526,21.175980392156863,0.07722363919301743,281.7823529411765,139.5828572716494,177.0,218.0,353.0,1167.0,2012.0,1732.18,2014.0,1510.0,2012
ANDHRA PRADESH,KURNOOL,CHICKPEA,RABI,1.0945459445176673,0.365277085721702,18,2014,32.773518518518514,20.316388888888888,0.012241290606153494,158.6888888888889,68.43452765354195,118.80000000000001,136.25,193.0,3432.0,2014.0,3085.18,2014.0,3000.0,2012
ANDHRA PRADESH,KURNOOL,GROUNDNUT,KHARIF,0.731161454541378,0.2556833360218838,18,2014,32.97819444444444,23.872638888888886,0.16762205446525377,482.80555555555554,147.84168190499162,380.25,434.0,526.425,3851.0,2014.0,4607.64,2014.0,3700.0,2012
ANDHRA PRADESH,KURNOOL,GROUNDNUT,RABI,1.9612915500839554,0.2840158551440828,18,2014,32.773518518518514,20.316388888888888,1.1483433523077138,158.6888888888889,68.43452765354195,118.80000000000001,136.25,193.0,3851.0,2014.0,4607.64,2014.0,3700.0,2012
ANDHRA PRADESH,KURNOOL,MAIZE,KHARIF,3.5608334751191495,1.5951591331482773,18,2014,32.97819444444444,23.872638888888886,0.694317833763603,482.80555555555554,147.84168190499162,380.25,434.0,526.425,1248.0,2014.0,1130.4,2014.0,1175.0,2012
ANDHRA PRADESH,KURNOOL,MAIZE,RABI,6.626841120862075,1.7478466963820136,18,2014,32.773518518518514,20.316388888888888,1.5,158.6888888888889,68.43452765354195,118.80000000000001,136.25,193.0,1248.0,2014.0,1130.4,2014.0,1175.0,2012
ANDHRA PRADESH,KURNOOL,RICE,KHARIF,3.198328096577727,0.4769654698229181,18,2014,32.97819444444444,23.872638888888886,1.4168635673883552,482.80555555555554,147.84168190499162,380.25,434.0,526.425,1595.0,2014.0,1282.17,2014.0,1265.0,2012
ANDHRA PRADESH,KURNOOL,RICE,RABI,2.9852065847103133,0.48843116225943894,18,2014,32.773518518518514,20.316388888888888,1.5,158.6888888888889,68.43452765354195,118.80000000000001,136.25,193.0,1595.0,2014.0,1282.17,2014.0,1265.0,2012
ANDHRA PRADESH,KURNOOL,SORGHUM,KHARIF,2.5317407815767683,1.2432599673512579,18,2014,32.97819444444444,23.872638888888886,1.3704072478107838,482.80555555555554,147.84168190499162,380.25,434.0,526.425,1511.0,2014.0,1732.18,2014.0,1510.0,2012
ANDHRA PRADESH,KURNOOL,SORGHUM,RABI,1.5930809345510486,0.40293943304938307,18,2014,32.773518518518514,20.316388888888888,0.2793500064462762,158.6888888888889,68.43452765354195,118.80000000000001,136.25,193.0,1511.0,2014.0,1732.18,2014.0,1510.0,2012
ANDHRA PRADESH,KURNOOL,WHEAT,RABI,0.7196690066908538,0.3790008565705234,17,2014,32.80549019607844,20.345588235294116,0.1828995442123706,157.7294117647059,70.41578981934629,117.4,129.5,199.0,489.0,2000.0,,,1350.0,2012
ANDHRA PRADESH,SRIKAKULAM,CHICKPEA,RABI,1.795,0.16473885057535417,5,2014,29.311333333333334,20.371,0.0625,232.7,214.4455175563248,83.0,214.0,244.9,2116.0,2009.0,3085.18,2014.0,3000.0,2012
ANDHRA PRADESH,SRIKAKULAM,GROUNDNUT,KHARIF,0.966728880181576,0.20059964139560096,18,2014,32.27569444444444,26.085833333333333,0.4737428379566708,729.2722222222222,134.1791068401422,613.0,735.2,795.0999999999999,3666.0,2014.0,4607.64,2014.0,3700.0,2012
ANDHRA PRADESH,SRIKAKULAM,GROUNDNUT,RABI,1.5347649801976133,0.38264670882800583,18,2014,29.221944444444446,20.257407407407406,1.293894852584894,299.35,197.00867478661056,158.75,270.5,379.42499999999995,3666.0,2014.0,4607.64,2014.0,3700.0,2012
ANDHRA PRADESH,SRIKAKULAM,MAIZE,KHARIF,2.8787854874258056,0.8390754264360297,18,2014,32.27569444444444,26.085833333333333,1.4957004406361762,729.2722222222222,134.1791068401422,613.0,735.2,795.0999999999999,1258.0,2014.0,1130.4,2014.0,1175.0,2012
ANDHRA PRADESH,SRIKAKULAM,MAIZE,RABI,7.061503474167536,1.951470888128487,17,2014,29.187058823529412,20.254803921568627,1.5,292.31176470588235,200.72569243358254,141.0,267.0,366.0,1258.0,2014.0,1130.4,2014.0,1175.0,2012
ANDHRA PRADESH,SRIKAKULAM,RICE,KHARIF,2.008929915430989,0.4766378239753075,18,2014,32.27569444444444,26.085833333333333,1.1684929721352673,729.2722222222222,134.1791068401422,613.0,735.2,795.0999999999999,1302.0,2014.0,1282.17,2014.0,1265.0,2012
ANDHRA PRADESH,SRIKAKULAM,RICE,RABI,2.581725803364657,0.5322267815469951,18,2014,29.221944444444446,20.257407407407406,1.5,299.35,197.00867478661056,158.75,270.5,379.42499999999995,1302.0,2014.0,1282.17,2014.0,1265.0,2012
ANDHRA PRADESH,SRIKAKULAM,SORGHUM,KHARIF,1.2070056205836903,0.9085000796792656,17,2014,32.28058823529412,26.081764705882353,0.03685040449746332,715.6411764705882,124.8028698529381,608.0,729.4,763.0,1253.0,2012.0,1732.18,2014.0,1510.0,2012
ANDHRA PRADESH,SRIKAKULAM,SORGHUM,RABI,1.9704198122438814,1.5851243925734633,13,2013,29.186282051282053,20.230128205128207,0.07326007326007326,325.65384615384613,216.88551747940133,141.0,285.0,419.0,1180.0,2011.0,1732.18,2014.0,1510.0,2012
ANDHRA PRADESH,WEST GODAVARI,CHICKPEA,RABI,1.7040422399331876,0.461318288621851,6,2014,30.424166666666665,20.950277777777774,0.0,166.68333333333334,70.44403215792425,111.825,186.5,207.25,1510.0,2009.0,3085.18,2014.0,3000.0,2012
ANDHRA PRADESH,WEST GODAVARI,GROUNDNUT,KHARIF,1.2419367102206718,0.344119021080173,18,2014,32.865833333333335,25.425833333333333,1.5,734.4277777777778,203.81599777179514,612.425,668.0,892.25,3678.0,2014.0,4607.64,2014.0,3700.0,2012
ANDHRA PRADESH,WEST GODAVARI,GROUNDNUT,RABI,2.406008707643821,0.6470442122792347,18,2014,30.459722222222222,20.924166666666665,1.2142843050513719,254.16666666666666,139.14152761085512,159.75,232.0,337.75,3678.0,2014.0,4607.64,2014.0,3700.0,2012
ANDHRA PRADESH,WEST GODAVARI,MAIZE,KHARIF,3.8330691112699617,1.9934090264130817,18,2014,32.865833333333335,25.425833333333333,1.5,734.4277777777778,203.81599777179514,612.425,668.0,892.25,1238.0,2014.0,1130.4,2014.0,1175.0,2012
ANDHRA PRADESH,WEST GODAVARI,MAIZE,RABI,6.290086483075342,1.0447980822677332,18,2014,30.459722222222222,20.924166666666665,1.043470364601053,254.16666666666666,139.14152761085512,159.75,232.0,337.75,1238.0,2014.0,1130.4,2014.0,1175.0,2012
ANDHRA PRADESH,WEST GODAVARI,RICE,KHARIF,2.7692299055720233,0.4955075369708409,18,2014,32.865833333333335,25.425833333333333,1.5,734.4277777777778,203.81599777179514,612.425,668.0,892.25,1261.0,2014.0,1282.17,2014.0,1265.0,2012
ANDHRA PRADESH,WEST GODAVARI,RICE,RABI,4.4135884997101416,0.3540802937198,18,2014,30.459722222222222,20.924166666666665,1.5,254.16666666666666,139.14152761085512,159.75,232.0,337.75,1261.0,2014.0,1282.17,2014.0,1265.0,2012
ANDHRA PRADESH,WEST GODAVARI,SORGHUM,KHARIF,1.1183165648853255,0.8728666809013943,16,2014,32.9053125,25.4653125,0.2063237798153684,715.23125,207.47519922069398,590.7,651.0,852.75,1253.0,2012.0,1732.18,2014.0,1510.0,2012
ANDHRA PRADESH,WEST GODAVARI,SORGHUM,RABI,2.419168275907769,1.606304076533568,15,2014,30.502444444444443,20.972888888888885,0.06714157143402094,211.7866666666667,102.0373801720769,152.5,193.0,276.5,1039.0,2011.0,1732.18,2014.0,1510.0,2012
ASSAM,CACHAR,CHICKPEA,RABI,0.5423732841883981,0.05694973720390896,18,2014,27.70777777777778,15.332037037037038,0.0,339.5055555555556,198.08491783374785,222.75,316.6,382.15,3000.0,,,,3000.0,2012
ASSAM,CACHAR,MAIZE,KHARIF,0.7802285053697592,0.7440741823095439,16,2014,31.61953125,24.44015625,0.0,1737.625,312.3280380198572,1525.4,1681.45,1912.525,900.0,2007.0,,,1175.0,2012
ASSAM,CACHAR,RICE,WHOLE YEAR,1.8842703971131636,0.37777693271824286,17,2014,29.58078431372549,19.420245098039214,0.02729783396012441,2728.4176470588236,484.94677444449263,2433.0,2679.9,2954.199999999999,973.0,2014.0,1427.84,2014.0,1265.0,2012
ASSAM,CACHAR,WHEAT,RABI,1.1741293016964234,0.09665190145610517,18,2014,27.70777777777778,15.332037037037038,0.0,339.5055555555556,198.08491783374785,222.75,316.6,382.15,1350.0,,,,1350.0,2012
ASSAM,DARRANG,CHICKPEA,RABI,0.6724162259543696,0.05860855317528794,18,2014,27.76796296296296,15.692685185185187,,184.19444444444446,131.34918648720165,119.0,158.05,274.4,4112.0,2013.0,,,3000.0,2012
ASSAM,DARRANG,MAIZE,KHARIF,1.0951033073274574,1.416262167073506,16,2014,31.8875,25.185,,1094.0125,721.6981777954918,490.0,1120.4499999999998,1757.65,750.0,2013.0,,,1175.0,2012
ASSAM,DARRANG,RICE,WHOLE YEAR,1.6123261197648129,0.5233227858859628,17,2014,29.65220588235294,19.86700980392157,0.4234273874160662,1718.1647058823528,1023.0046529349074,907.3,1756.4,2450.5000000000005,939.0,2014.0,1427.84,2014.0,1265.0,2012
ASSAM,DARRANG,WHEAT,RABI,1.1531820757224982,0.2238366290047997,18,2014,27.76796296296296,15.692685185185187,,184.19444444444446,131.34918648720165,119.0,158.05,274.4,1244.0,2013.0,,,1350.0,2012
ASSAM,DIBRUGARH,CHICKPEA,RABI,0.5790694295873631,0.21855776910141286,15,2012,26.20677777777778,14.717333333333332,0.0,250.91333333333336,139.5747565524177,131.15,276.1,333.55,3000.0,,,,3000.0,2012
ASSAM,DIBRUGARH,MAIZE,KHARIF,0.9102178204920081,0.9022093746728836,15,2014,31.21916666666667,24.986833333333333,0.0,1412.6733333333332,289.92702398723594,1250.15,1423.1999999999998,1581.5,2400.0,2005.0,,,1175.0,2012
ASSAM,DIBRUGARH,RICE,WHOLE YEAR,1.7132658174157127,0.25967341528802945,17,2014,28.342598039215687,19.096862745098036,0.02201449495092431,2136.1352941176474,409.2052616676264,1853.6,2151.4,2382.6,917.0,2013.0,1427.84,2014.0,1265.0,2012
ASSAM,DIBRUGARH,WHEAT,RABI,1.1158539401190521,0.22150877222921234,18,2014,26.226666666666667,14.664166666666667,0.0,235.80555555555554,133.22416965057417,130.47500000000002,207.6,318.65,1350.0,,,,1350.0,2012
ASSAM,GOALPARA,CHICKPEA,RABI,0.5122161594104269,0.3059595141421889,18,2014,27.408796296296295,16.30462962962963,,225.8777777777778,256.70275223794533,96.0,168.4,239.85,3000.0,,,,3000.0,2012
ASSAM,GOALPARA,MAIZE,KHARIF,0.7970381010872214,0.56574740330039,16,2014,31.2084375,25.645625,,1337.16875,600.471212430982,1062.875,1385.9499999999998,1624.125,1175.0,,,,1175.0,2012
ASSAM,GOALPARA,RICE,WHOLE YEAR,1.708080935012186,0.41959000629596993,17,2014,29.27514705882353,20.476813725490196,0.2997313194002248,2117.8352941176468,676.3799588075259,1943.0,2067.9,2555.6,927.0,2014.0,1427.84,2014.0,1265.0,2012
ASSAM,GOALPARA,WHEAT,RABI,1.4670035501081293,0.26295663865962526,18,2014,27.408796296296295,16.30462962962963,0.18423270703964745,225.8777777777778,256.70275223794533,96.0,168.4,239.85,1265.0,2014.0,,,1350.0,2012
ASSAM,KAMRUP,CHICKPEA,RABI,0.3631932350688915,0.09391007325422979,18,2014,27.274722222222223,15.677407407407408,0.0,247.7611111111111,218.0073019254411,129.2,173.1,322.2,4013.0,2014.0,,,3000.0,2012
ASSAM,KAMRUP,MAIZE,KHARIF,0.9674148579664923,0.9074818705562011,16,2014,31.29265625,25.06265625,0.23610419777667163,1030.3125,294.8572397505839,915.425,988.45,1201.725,1058.0,2013.0,,,1175.0,2012
ASSAM,KAMRUP,RICE,WHOLE YEAR,1.7352092932132719,0.37273286017613405,17,2014,29.18406862745098,19.840392156862745,0.23942955975561533,1771.370588235294,370.1263428964256,1432.4,1752.0,1892.3,967.0,2014.0,1427.84,2014.0,1265.0,2012
ASSAM,KAMRUP,WHEAT,RABI,1.1901464912914481,0.22790644265926208,18,2014,27.274722222222223,15.677407407407408,0.0,247.7611111111111,218.0073019254411,129.2,173.1,322.2,1274.0,2014.0,,,1350.0,2012
ASSAM,KARBI ANGLONG,CHICKPEA,RABI,0.5284696094047248,0.06079360023598944,18,2014,25.765833333333333,13.23324074074074,,175.13333333333333,122.82245435634988,87.39999999999999,136.64999999999998,236.575,4140.0,2014.0,,,3000.0,2012
ASSAM,KARBI ANGLONG,MAIZE,KHARIF,1.0933786490526325,0.7989199392672187,15,2014,30.593833333333336,23.403666666666666,,718.7933333333333,157.80766080746463,632.4000000000001,675.7,827.5,1005.0,2014.0,,,1175.0,2012
ASSAM,KARBI ANGLONG,RICE,WHOLE YEAR,1.5469460073023074,0.18378954775001474,16,2014,28.056145833333332,17.7128125,0.1221179433663001,1145.43125,225.80294571078267,1008.1,1101.95,1268.375,978.0,2014.0,1427.84,2014.0,1265.0,2012
ASSAM,KARBI ANGLONG,WHEAT,RABI,1.3964543387702113,0.1127389943173775,18,2014,25.765833333333333,13.23324074074074,,175.13333333333333,122.82245435634988,87.39999999999999,136.64999999999998,236.575,987.0,2014.0,,,1350.0,2012
ASSAM,LAKHIMPUR,CHICKPEA,RABI,0.4377054172344027,0.05718639442909348,18,2014,26.987407407407407,15.165370370370372,0.0,301.9222222222222,241.68860265555503,107.025,258.0,356.32500000000005,3000.0,,,,3000.0,2012
ASSAM,LAKHIMPUR,MAIZE,KHARIF,1.0331054932547685,1.1576623466942924,16,2014,31.9709375,25.10375,0.0,1698.98125,435.816536658489,1233.1999999999998,1879.15,1991.0,1175.0,,,,1175.0,2012
ASSAM,LAKHIMPUR,RICE,WHOLE YEAR,1.2342871550769403,0.4894418561167519,17,2014,29.086960784313728,19.45377450980392,0.020562122362043266,2571.294117647059,542.8832349946307,2324.4,2703.8,2876.4,871.0,2014.0,1427.84,2014.0,1265.0,2012
ASSAM,LAKHIMPUR,WHEAT,RABI,0.7812601027490209,0.2612484282480524,18,2014,26.987407407407407,15.165370370370372,0.0140646976090014,301.9222222222222,241.68860265555503,107.025,258.0,356.32500000000005,550.0,2002.0,,,1350.0,2012
ASSAM,NAGAON,CHICKPEA,RABI,0.4461792123268054,0.041916191063328424,18,2014,27.573703703703703,15.00527777777778,,192.5055555555556,123.85955743227997,105.25,175.95,248.3,4208.0,2014.0,,,3000.0,2012
ASSAM,NAGAON,MAIZE,KHARIF,1.0563897925154146,1.0068418077916097,15,2014,32.409,25.226666666666667,,901.4466666666667,256.30776106265756,700.0,861.8,1118.5,2400.0,2011.0,,,1175.0,2012
ASSAM,NAGAON,RICE,WHOLE YEAR,1.8078581585335536,0.19390178683024778,16,2014,29.877604166666668,19.536458333333332,0.15866411671306374,1407.08125,363.89218040284044,1131.025,1347.1,1694.4499999999998,940.0,2014.0,1427.84,2014.0,1265.0,2012
ASSAM,NAGAON,WHEAT,RABI,0.9798518433438628,0.11079478219299141,18,2014,27.573703703703703,15.00527777777778,,192.5055555555556,123.85955743227997,105.25,175.95,248.3,1200.0,2013.0,,,1350.0,2012
BIHAR,BHAGALPUR,CHICKPEA,RABI,0.8561922945583442,0.19966101680506998,18,2014,28.937407407407406,15.242314814814815,0.08341926471294553,109.55555555555556,105.14845092547081,43.8,74.65,148.89999999999998,3554.0,2014.0,2389.66,2014.0,3000.0,2012
BIHAR,BHAGALPUR,MAIZE,KHARIF,1.4385337677808587,0.3166047071160684,8,2006,32.831875000000004,26.3521875,0.9713617629616326,936.0625,441.82136641569133,837.825,1026.5,1163.95,432.0,2006.0,1138.29,2014.0,1175.0,2012
BIHAR,BHAGALPUR,MAIZE,RABI,3.7192267441188482,1.9670891562793031,18,2014,28.937407407407406,15.242314814814815,1.5,109.55555555555556,105.14845092547081,43.8,74.65,148.89999999999998,1050.0,2014.0,1138.29,2014.0,1175.0,2012
BIHAR,BHAGALPUR,MAIZE,WHOLE YEAR,2.845170507074199,1.216846369101228,18,2014,31.61032407407407,20.428379629629628,1.1653091309799435,1090.6888888888889,494.2416114184603,944.5,1163.1999999999998,1302.9499999999998,1050.0,2014.0,1138.29,2014.0,1175.0,2012
BIHAR,BHAGALPUR,RICE,WHOLE YEAR,1.552903965403984,0.6819394587631095,18,2014,31.61032407407407,20.428379629629628,1.5,1090.6888888888889,494.2416114184603,944.5,1163.1999999999998,1302.9499999999998,1165.0,2014.0,1054.94,2014.0,1265.0,2012
BIHAR,BHAGALPUR,SORGHUM,KHARIF,1.0131509579522502,0.08265763284598716,14,2014,32.88214285714286,26.443214285714284,0.007492709017763478,919.5928571428573,351.64321398976966,780.825,927.65,1128.725,815.0,2014.0,,,1510.0,2012
BIHAR,BHAGALPUR,WHEAT,RABI,1.94597733357874,0.5274296474288177,18,2014,28.937407407407406,15.242314814814815,1.2291009313987764,109.55555555555556,105.14845092547081,43.8,74.65,148.89999999999998,1260.0,2014.0,1230.82,2014.0,1350.0,2012
BIHAR,DARBHANGA,CHICKPEA,RABI,0.9623372842543918,0.2757261826361177,18,2014,28.16361111111111,14.64925925925926,0.547767497744375,168.24444444444444,219.13549185572307,40.875,56.0,232.125,3600.0,2014.0,2389.66,2014.0,3000.0,2012
BIHAR,DARBHANGA,MAIZE,KHARIF,1.5042393132795149,0.28071276425063635,8,2006,32.29,25.7609375,1.5,691.3125,460.27326180836786,482.775,776.55,1021.5,432.0,2006.0,1138.29,2014.0,1175.0,2012
BIHAR,DARBHANGA,MAIZE,RABI,2.5894333019046902,0.6670351584714694,18,2014,28.16361111111111,14.64925925925926,1.5,168.24444444444444,219.13549185572307,40.875,56.0,232.125,1100.0,2014.0,1138.29,2014.0,1175.0,2012
BIHAR,DARBHANGA,MAIZE,WHOLE YEAR,2.590413149903971,0.8571814666795415,18,2014,30.77856481481481,19.756481481481483,1.5,994.4777777777776,276.3796824820683,794.35,948.05,1138.25,1100.0,2014.0,1138.29,2014.0,1175.0,2012
BIHAR,DARBHANGA,RICE,WHOLE YEAR,1.134939606692992,0.44582558448645937,18,2014,30.77856481481481,19.756481481481483,1.1958354683954147,994.4777777777776,276.3796824820683,794.35,948.05,1138.25,1050.0,2014.0,1054.94,2014.0,1265.0,2012
BIHAR,DARBHANGA,WHEAT,RABI,1.9583525646912214,0.6465528096344608,18,2014,28.16361111111111,14.64925925925926,1.5,168.24444444444444,219.13549185572307,40.875,56.0,232.125,1200.0,2014.0,1230.82,2014.0,1350.0,2012
BIHAR,GAYA,CHICKPEA,RABI,1.016292693864771,0.38953767274901496,18,2014,28.49824074074074,15.387777777777778,0.11473951960190319,87.05000000000001,62.569455525087335,41.050000000000004,97.05,122.225,3506.0,2014.0,2389.66,2014.0,3000.0,2012
BIHAR,GAYA,GROUNDNUT,KHARIF,0.875071727952639,0.29280426819203187,15,2014,33.771166666666666,26.366666666666667,0.8197201090624703,823.94,183.21678338592704,764.3,840.0999999999999,860.5,6571.0,2014.0,,,3700.0,2012
BIHAR,GAYA,MAIZE,KHARIF,1.2316758405308337,0.3074906685282385,8,2006,33.8396875,26.3540625,0.5314035323601151,831.8625,186.28802536088338,767.65,826.8000000000001,902.2499999999999,432.0,2006.0,1138.29,2014.0,1175.0,2012
BIHAR,GAYA,MAIZE,RABI,3.3720856476129,0.6011469725486803,17,2014,28.466274509803924,15.370392156862746,1.5,85.41176470588235,64.09596206424533,40.2,84.8,122.7,1085.0,2014.0,1138.29,2014.0,1175.0,2012
BIHAR,GAYA,MAIZE,WHOLE YEAR,2.412293706063151,0.6576767634793819,18,2014,32.11805555555556,20.774675925925926,0.8493610618410923,942.4277777777778,177.56231981560916,855.2,940.2,1050.525,1085.0,2014.0,1138.29,2014.0,1175.0,2012
BIHAR,GAYA,RICE,WHOLE YEAR,1.736415888070488,0.877656086478116,17,2014,32.10666666666666,20.768039215686276,1.5,943.5705882352942,182.95880261928465,836.2,957.4,1054.9,1027.0,2014.0,1054.94,2014.0,1265.0,2012
BIHAR,GAYA,SORGHUM,KHARIF,1.027894646494255,0.06773785031827506,10,2012,33.90525,26.450499999999998,0.6982942430703625,852.93,220.2855119561379,785.775,843.5,1015.4999999999999,745.0,2012.0,,,1510.0,2012
BIHAR,GAYA,WHEAT,RABI,2.0805794514099967,0.4505335059686235,18,2014,28.49824074074074,15.387777777777778,1.5,87.05000000000001,62.569455525087335,41.050000000000004,97.05,122.225,1300.0,2014.0,1230.82,2014.0,1350.0,2012
BIHAR,MUZAFFARPUR,CHICKPEA,RABI,1.0196435244881552,0.17409598156272516,15,2014,27.979888888888887,14.634666666666666,1.3911726132426896,76.65333333333334,39.18104254914735,56.85,77.5,87.55,3554.0,2014.0,2389.66,2014.0,3000.0,2012
BIHAR,MUZAFFARPUR,MAIZE,KHARIF,1.5293886042602618,0.18933651152282965,8,2006,32.6396875,26.055625,1.5,968.6,140.9424401256464,857.1750000000001,936.5999999999999,1106.3249999999998,498.0,2006.0,1138.29,2014.0,1175.0,2012
BIHAR,MUZAFFARPUR,MAIZE,RABI,2.5208715743388925,0.76196285218516,18,2014,27.95861111111111,14.625833333333333,1.5,97.61666666666666,71.13870668092929,60.650000000000006,77.85,99.57499999999999,1071.0,2014.0,1138.29,2014.0,1175.0,2012
BIHAR,MUZAFFARPUR,MAIZE,WHOLE YEAR,2.6516420830297918,1.1713097170099958,18,2014,30.84425925925926,19.924074074074074,1.4835708183243765,1239.2277777777776,411.71727564599416,1010.35,1119.05,1278.175,1071.0,2014.0,1138.29,2014.0,1175.0,2012
BIHAR,MUZAFFARPUR,RICE,WHOLE YEAR,1.0223321234981277,0.6400733576014443,18,2014,30.84425925925926,19.924074074074074,0.5980967590652791,1239.2277777777776,411.71727564599416,1010.35,1119.05,1278.175,1112.0,2014.0,1054.94,2014.0,1265.0,2012
BIHAR,MUZAFFARPUR,SORGHUM,KHARIF,1.4502179462994405,1.0818542021766127,5,2005,32.6815,26.0885,0.2412280701754386,1013.04,122.35110543023292,942.3,979.0,1106.1999999999998,313.0,2002.0,,,1510.0,2012
BIHAR,MUZAFFARPUR,WHEAT,RABI,2.1920344150001387,0.7410544958291149,18,2014,27.95861111111111,14.625833333333333,1.5,97.61666666666666,71.13870668092929,60.650000000000006,77.85,99.57499999999999,1260.0,2014.0,1230.82,2014.0,1350.0,2012
BIHAR,PATNA,CHICKPEA,RABI,1.3032131835441814,0.3123883294989339,18,2014,28.12185185185185,15.369814814814816,0.12773694895952978,82.37777777777778,55.925618201695634,60.3,74.45,101.94999999999999,3845.0,2014.0,2389.66,2014.0,3000.0,2012
BIHAR,PATNA,MAIZE,KHARIF,1.8238733768520725,0.7757855945637253,8,2006,33.575625,26.84125,0.9860416667821825,818.8125,160.9225495829771,702.65,775.35,890.25,482.0,2006.0,1138.29,2014.0,1175.0,2012
BIHAR,PATNA,MAIZE,RABI,2.616213067848688,0.9734102149168352,18,2014,28.12185185185185,15.369814814814816,1.5,82.37777777777778,55.925618201695634,60.3,74.45,101.94999999999999,1113.0,2014.0,1138.29,2014.0,1175.0,2012
BIHAR,PATNA,MAIZE,WHOLE YEAR,2.443447788761779,0.7812333024993979,18,2014,31.661342592592593,21.01351851851852,1.172501574635769,1015.1555555555556,288.80531651905784,828.475,917.1500000000001,1072.75,1113.0,2014.0,1138.29,2014.0,1175.0,2012
BIHAR,PATNA,RICE,WHOLE YEAR,1.9200085211155293,0.6748312035074717,18,2014,31.661342592592593,21.01351851851852,1.5,1015.1555555555556,288.80531651905784,828.475,917.1500000000001,1072.75,1108.0,2014.0,1054.94,2014.0,1265.0,2012
BIHAR,PATNA,SORGHUM,KHARIF,1.2110571389905025,0.3513117763310064,8,2014,33.7428125,26.8371875,0.2988922841864018,886.8874999999999,301.49941216479056,715.475,842.8499999999999,923.1,815.0,2014.0,,,1510.0,2012
BIHAR,PATNA,WHEAT,RABI,2.58741756359758,0.45474013386018686,18,2014,28.12185185185185,15.369814814814816,1.5,82.37777777777778,55.925618201695634,60.3,74.45,101.94999999999999,1267.0,2014.0,1230.82,2014.0,1350.0,2012
BIHAR,SAHARSA,CHICKPEA,RABI,0.9472222222222223,0.12927862531355663,6,2005,28.64,15.036111111111111,0.0,481.96666666666664,503.15386380973627,83.675,360.2,680.3,1698.0,2005.0,2389.66,2014.0,3000.0,2012
BIHAR,SAHARSA,MAIZE,KHARIF,2.6901607056286303,0.777352580529388,8,2006,32.303125,25.794375000000002,1.5,644.7625,543.1473226548603,46.05,816.75,1057.15,502.0,2006.0,1138.29,2014.0,1175.0,2012
BIHAR,SAHARSA,MAIZE,RABI,4.048010886101841,1.4052626110510587,18,2014,28.55194444444444,14.94638888888889,1.5,343.47222222222223,406.64597379850693,62.0,113.0,680.3,986.0,2014.0,1138.29,2014.0,1175.0,2012
BIHAR,SAHARSA,MAIZE,WHOLE YEAR,3.5628618471144446,1.274942366129358,18,2014,31.048425925925926,19.963379629629628,1.4747258270449881,1081.5888888888887,292.6461342120908,940.75,1078.9,1306.85,986.0,2014.0,1138.29,2014.0,1175.0,2012
BIHAR,SAHARSA,RICE,WHOLE YEAR,1.262408599656061,0.3832272592400152,18,2014,31.048425925925926,19.963379629629628,1.1525225412723488,1081.5888888888887,292.6461342120908,940.75,1078.9,1306.85,1100.0,2014.0,1054.94,2014.0,1265.0,2012
BIHAR,SAHARSA,WHEAT,RABI,2.0242211706503475,0.5582029598052005,18,2014,28.55194444444444,14.94638888888889,1.5,343.47222222222223,406.64597379850693,62.0,113.0,680.3,1250.0,2014.0,1230.82,2014.0,1350.0,2012
BIHAR,SARAN,CHICKPEA,RABI,1.136301306488706,0.38023036201572036,18,2014,27.992685185185184,14.96175925925926,0.8771774857952607,110.02777777777777,120.31905039888275,31.1,83.2,148.425,3376.0,2014.0,2389.66,2014.0,3000.0,2012
BIHAR,SARAN,MAIZE,KHARIF,1.4648319541125683,0.5512924887560464,8,2006,33.233125,26.5696875,1.4758513860917843,665.8875,336.52052553617415,425.625,730.7,836.675,488.0,2006.0,1138.29,2014.0,1175.0,2012
BIHAR,SARAN,MAIZE,RABI,2.4469471251792467,0.6463996150839986,18,2014,27.992685185185184,14.96175925925926,1.5,110.02777777777777,120.31905039888275,31.1,83.2,148.425,1175.0,2014.0,1138.29,2014.0,1175.0,2012
BIHAR,SARAN,MAIZE,WHOLE YEAR,2.21489816912281,0.8423215406316938,18,2014,31.257175925925928,20.460925925925928,1.3654769332137067,843.8944444444445,314.7779282048971,766.0999999999999,883.1000000000001,1078.25,1175.0,2014.0,1138.29,2014.0,1175.0,2012
BIHAR,SARAN,RICE,WHOLE YEAR,1.5008321372427238,0.4364112724188751,18,2014,31.257175925925928,20.460925925925928,0.32665553710819684,843.8944444444445,314.7779282048971,766.0999999999999,883.1000000000001,1078.25,1092.0,2014.0,1054.94,2014.0,1265.0,2012
BIHAR,SARAN,SORGHUM,KHARIF,1.1120401872552244,0.14371811135121404,6,2012,33.1675,26.523749999999996,0.11312217194570136,614.3000000000001,388.43491089241707,404.2,733.25,838.05,1510.0,,,,1510.0,2012
BIHAR,SARAN,WHEAT,RABI,2.4174257344103562,0.4039547512639709,18,2014,27.992685185185184,14.96175925925926,1.5,110.02777777777777,120.31905039888275,31.1,83.2,148.425,1271.0,2014.0,1230.82,2014.0,1350.0,2012
CHHATTISGARH,BASTAR,CHICKPEA,RABI,0.9092232877775593,0.22075769765608247,14,2014,29.723809523809525,15.44702380952381,0.3769410625432051,119.25,97.22983674698911,44.625,89.25,203.92499999999998,4500.0,2012.0,3101.72,2014.0,3000.0,2012
CHHATTISGARH,BASTAR,GROUNDNUT,KHARIF,1.4581509505286596,0.2820867770537832,10,2013,29.577499999999997,22.48725,0.0,1160.1799999999998,175.2269309590661,1035.4499999999998,1138.1999999999998,1339.25,2600.0,2012.0,,,3700.0,2012
CHHATTISGARH,BASTAR,MAIZE,KHARIF,1.8452341109930213,0.33182997874996445,12,2014,29.612916666666667,22.52270833333333,0.4726994451700045,1151.8333333333333,168.7073384906716,1014.0749999999999,1138.1999999999998,1321.5499999999997,835.0,2013.0,1446.82,2013.0,1175.0,2012
CHHATTISGARH,BASTAR,RICE,KHARIF,1.352175150688813,0.37082892292728487,12,2014,29.612916666666667,22.52270833333333,0.12935051077495952,1151.8333333333333,168.7073384906716,1014.0749999999999,1138.1999999999998,1321.5499999999997,1173.0,2013.0,1229.85,2014.0,1265.0,2012
CHHATTISGARH,BASTAR,SORGHUM,KHARIF,1.153807225417424,0.2715413130212359,10,2012,29.612000000000002,22.521,0.0,1147.2,183.76711711656498,993.025,1116.05,1339.25,1000.0,2007.0,,,1510.0,2012
CHHATTISGARH,BASTAR,WHEAT,RABI,1.8950201735131225,0.3301161815409077,14,2014,29.723809523809525,15.44702380952381,1.5,119.25,97.22983674698911,44.625,89.25,203.92499999999998,2000.0,2012.0,1821.47,2013.0,1350.0,2012
CHHATTISGARH,DURG,CHICKPEA,RABI,0.93093619273968,0.1901870708593654,14,2014,30.634642857142858,17.055119047619048,0.69356767384625,50.642857142857146,71.13616103356581,9.200000000000001,30.049999999999997,51.224999999999994,3255.0,2014.0,3101.72,2014.0,3000.0,2012
CHHATTISGARH,DURG,GROUNDNUT,KHARIF,1.6330970598962478,0.2084987443270906,9,2011,32.51416666666667,25.074722222222224,1.5,895.8444444444444,192.39414694261822,732.4,898.0,1058.9,3700.0,,,,3700.0,2012
CHHATTISGARH,DURG,MAIZE,KHARIF,1.135774279226104,0.22017572658507556,12,2014,32.47145833333334,25.03979166666667,1.5,963.7833333333333,218.58507323791403,777.25,996.95,1103.925,1175.0,,1446.82,2013.0,1175.0,2012
CHHATTISGARH,DURG,RICE,KHARIF,1.512417022943749,0.5252382067868415,12,2014,32.47145833333334,25.03979166666667,0.9545651001500316,963.7833333333333,218.58507323791403,777.25,996.95,1103.925,1307.0,2014.0,1229.85,2014.0,1265.0,2012
CHHATTISGARH,DURG,SORGHUM,KHARIF,1.0009796317357695,0.3811521271378153,9,2012,32.551944444444445,25.112222222222222,1.25,877.6777777777778,169.30800171416718,732.4,898.0,1009.3,1510.0,,,,1510.0,2012
CHHATTISGARH,DURG,WHEAT,RABI,0.918597842645003,0.17599118768706712,14,2014,30.634642857142858,17.055119047619048,0.9863235906161114,50.642857142857146,71.13616103356581,9.200000000000001,30.049999999999997,51.224999999999994,1592.0,2014.0,1821.47,2013.0,1350.0,2012
CHHATTISGARH,RAIGARH,CHICKPEA,RABI,0.9140041278638942,0.20873763749571575,14,2014,30.341785714285713,18.189047619047617,0.31366901958955623,59.48571428571428,52.62954503878037,28.025,46.45,77.82500000000002,4436.0,2014.0,3101.72,2014.0,3000.0,2012
CHHATTISGARH,RAIGARH,GROUNDNUT,KHARIF,1.276618847299072,0.23438191894490046,12,2014,30.999583333333334,24.608958333333334,0.2873247716662309,1116.3166666666666,146.2405977293666,987.425,1134.9,1201.275,3903.0,2014.0,,,3700.0,2012
CHHATTISGARH,RAIGARH,MAIZE,KHARIF,1.6259703141390307,0.3049668331518082,12,2014,30.999583333333334,24.608958333333334,0.053131920641661536,1116.3166666666666,146.2405977293666,987.425,1134.9,1201.275,1238.0,2014.0,1446.82,2013.0,1175.0,2012
CHHATTISGARH,RAIGARH,RICE,KHARIF,1.2528069567947953,0.2343509352558769,12,2014,30.999583333333334,24.608958333333334,0.21236087851641797,1116.3166666666666,146.2405977293666,987.425,1134.9,1201.275,1410.0,2014.0,1229.85,2014.0,1265.0,2012
CHHATTISGARH,RAIGARH,SORGHUM,KHARIF,1.1003908810487757,0.4197788421899192,10,2012,31.00575,24.64975,0.15,1119.02,156.09389481975265,973.475,1134.9,1212.825,1510.0,,,,1510.0,2012
CHHATTISGARH,RAIGARH,WHEAT,RABI,1.5364471086074953,0.2735988416594053,14,2014,30.341785714285713,18.189047619047617,1.4496393976169568,59.48571428571428,52.62954503878037,28.025,46.45,77.82500000000002,1986.0,2014.0,1821.47,2013.0,1350.0,2012
CHHATTISGARH,RAIPUR,CHICKPEA,RABI,0.9159168675479384,0.19292853492774584,14,2014,30.465,17.249880952380952,0.5764754617953013,69.62857142857142,56.54859623601399,27.25,59.95,85.8,2392.0,2011.0,3101.72,2014.0,3000.0,2012
CHHATTISGARH,RAIPUR,GROUNDNUT,KHARIF,1.2163640917054812,0.20250991635641014,12,2014,32.59916666666667,25.065416666666668,1.4305998261373516,1058.3833333333334,186.36895387831362,988.85,1073.5,1147.875,3833.0,2012.0,,,3700.0,2012
CHHATTISGARH,RAIPUR,MAIZE,KHARIF,1.2537784984652334,0.3119854964472851,12,2014,32.59916666666667,25.065416666666668,1.5,1058.3833333333334,186.36895387831362,988.85,1073.5,1147.875,1200.0,2005.0,1446.82,2013.0,1175.0,2012
CHHATTISGARH,RAIPUR,RICE,KHARIF,1.4741449442267534,0.3493676495551396,12,2014,32.59916666666667,25.065416666666668,1.0928876792681697,1058.3833333333334,186.36895387831362,988.85,1073.5,1147.875,1231.0,2013.0,1229.85,2014.0,1265.0,2012
CHHATTISGARH,RAIPUR,SORGHUM,KHARIF,1.0479603549438197,0.32243971601952365,8,2010,32.6790625,25.133125,,1005.5375,205.74991711506752,879.9,1033.55,1082.3249999999998,1510.0,,,,1510.0,2012
CHHATTISGARH,RAIPUR,WHEAT,RABI,1.3753305870579011,0.34957388455588867,14,2014,30.465,17.249880952380952,1.069840742601507,69.62857142857142,56.54859623601399,27.25,59.95,85.8,1474.0,2013.0,1821.47,2013.0,1350.0,2012
CHHATTISGARH,SURGUJA,CHICKPEA,RABI,0.7685999535040552,0.18202066492281302,14,2014,27.15952380952381,13.593809523809524,0.031072271331010898,76.12857142857142,60.82295149506828,31.799999999999997,62.45,85.475,4889.0,2014.0,3101.72,2014.0,3000.0,2012
CHHATTISGARH,SURGUJA,GROUNDNUT,KHARIF,1.222990756037586,0.09303191874466954,12,2014,30.565625,23.265,0.0035702310037264004,895.3249999999999,255.3576498133193,681.65,953.85,1051.8249999999998,6500.0,2014.0,,,3700.0,2012
CHHATTISGARH,SURGUJA,MAIZE,KHARIF,1.4746978431487856,0.3535859674686143,12,2014,30.565625,23.265,0.0187367049296251,895.3249999999999,255.3576498133193,681.65,953.85,1051.8249999999998,1300.0,2014.0,1446.82,2013.0,1175.0,2012
CHHATTISGARH,SURGUJA,RICE,KHARIF,1.2174422617388196,0.3592461395401737,12,2014,30.565625,23.265,0.045219007453492416,895.3249999999999,255.3576498133193,681.65,953.85,1051.8249999999998,1200.0,2014.0,1229.85,2014.0,1265.0,2012
CHHATTISGARH,SURGUJA,SORGHUM,KHARIF,0.9113008567189824,0.30874449605216747,10,2012,30.543,23.32825,0.0,944.85,249.64384964718573,883.5500000000001,1004.9000000000001,1057.275,986.0,2007.0,,,1510.0,2012
CHHATTISGARH,SURGUJA,WHEAT,RABI,1.3034328595872398,0.22410449965995127,14,2014,27.15952380952381,13.593809523809524,1.128542212092253,76.12857142857142,60.82295149506828,31.799999999999997,62.45,85.475,2200.0,2014.0,1821.47,2013.0,1350.0,2012
GUJARAT,AMRELI,CHICKPEA,RABI,0.9296138465582311,0.3944582667436974,14,2012,31.43702380952381,17.99642857142857,0.8016252442428482,25.071428571428573,38.018850154008696,2.325,9.6,23.525,2121.0,2007.0,,,3000.0,2012
GUJARAT,AMRELI,GROUNDNUT,KHARIF,0.8008096951822624,0.6755724018048497,14,2012,32.269285714285715,25.918928571428573,0.02432990224123134,609.8571428571429,244.44495593797078,494.225,579.55,687.4250000000001,2527.0,2012.0,,,3700.0,2012
GUJARAT,AMRELI,GROUNDNUT,WHOLE YEAR,1.5117501546072973,0.517703966520063,14,2012,32.727738095238095,22.051369047619044,1.2775,636.65,233.34724454868015,513.275,590.55,726.625,2527.0,2012.0,,,3700.0,2012
GUJARAT,AMRELI,MAIZE,KHARIF,1.3699873538439782,0.4898750120720361,13,2012,32.26596153846154,25.91423076923077,0.0020833333333333333,611.5307692307692,254.3428767910731,490.8,571.0,700.4000000000001,1066.5,2012.0,,,1175.0,2012
GUJARAT,AMRELI,SORGHUM,KHARIF,0.4662199798559324,0.4333486293640715,10,2009,32.34225,26.001749999999998,0.03135023087185323,562.6,216.17599311671958,494.225,563.75,601.6,589.0,1997.0,,,1510.0,2012
GUJARAT,AMRELI,SORGHUM,RABI,0.8090958605664488,0.30417519929723946,6,2009,31.444166666666664,17.997777777777777,0.5201525054466231,43.4,53.861303363360975,1.3,19.200000000000003,88.4,589.0,1997.0,,,1510.0,2012
GUJARAT,AMRELI,WHEAT,RABI,2.971896720987952,0.4750636906774811,15,2012,31.453111111111113,17.98811111111111,0.9094561531361037,23.833333333333332,36.948355205353224,2.55,6.5,23.25,1413.0,2012.0,,,1350.0,2012
GUJARAT,BHARUCH,CHICKPEA,RABI,0.5728671779695685,0.2709914823929311,15,2012,33.54988888888889,16.756,0.4147012117619837,14.113333333333333,20.509052588923705,0.2,4.3,18.65,3251.0,2012.0,,,3000.0,2012
GUJARAT,BHARUCH,GROUNDNUT,KHARIF,1.129972993982282,0.5531430099940551,14,2012,32.856249999999996,25.50482142857143,1.2055555555555555,667.8928571428571,209.84657935771045,446.675,741.65,805.55,2345.0,2009.0,,,3700.0,2012
GUJARAT,BHARUCH,GROUNDNUT,WHOLE YEAR,1.5107487750344892,0.4604442956496337,14,2012,34.21297619047619,21.012380952380955,1.0677447552447552,687.2785714285714,202.6420913773893,477.67499999999995,764.0,851.25,2345.0,2009.0,,,3700.0,2012
GUJARAT,BHARUCH,MAIZE,KHARIF,1.3428151507707125,0.48373419028515424,13,2012,32.87980769230769,25.526538461538465,0.10672183507549357,662.9230769230769,217.55602019497627,396.0,750.8,816.0,868.0,2012.0,,,1175.0,2012
GUJARAT,BHARUCH,RICE,KHARIF,1.2880461761694462,0.3187249628093317,13,2012,32.87980769230769,25.526538461538465,0.4833336612630428,662.9230769230769,217.55602019497627,396.0,750.8,816.0,945.0,2012.0,,,1265.0,2012
GUJARAT,BHARUCH,RICE,WHOLE YEAR,3.0640981528431728,0.9193571371065871,11,2012,34.17931818181818,21.00151515151515,1.3667330677290837,723.6090909090909,176.2708509909988,664.7,770.5,837.5,945.0,2012.0,,,1265.0,2012
GUJARAT,BHARUCH,SORGHUM,KHARIF,1.350653712409726,0.25878493234387223,14,2012,32.856249999999996,25.50482142857143,0.5001711518481444,667.8928571428571,209.84657935771045,446.675,741.65,805.55,1174.0,2012.0,,,1510.0,2012
GUJARAT,BHARUCH,SORGHUM,RABI,0.7645558629294252,0.16406536111200767,15,2012,33.54988888888889,16.756,0.1744300626364619,14.113333333333333,20.509052588923705,0.2,4.3,18.65,1877.0,2012.0,,,1510.0,2012
GUJARAT,BHARUCH,WHEAT,RABI,1.4687162439101837,0.4235559109895186,15,2012,33.54988888888889,16.756,0.6208177756552061,14.113333333333333,20.509052588923705,0.2,4.3,18.65,1439.0,2012.0,,,1350.0,2012
GUJARAT,BHAVNAGAR,CHICKPEA,RABI,0.8307752443409127,0.2891650958988437,14,2012,31.79654761904762,17.826785714285712,0.35306648996165124,21.900000000000002,37.64773974214532,1.25,7.0,16.7,3000.0,,,,3000.0,2012
GUJARAT,BHAVNAGAR,GROUNDNUT,KHARIF,0.9501685762241558,0.45460386315496787,14,2012,33.08339285714286,25.648571428571426,0.11334167404909597,566.5142857142857,223.05027324709647,394.29999999999995,527.45,710.375,2662.0,2012.0,,,3700.0,2012
GUJARAT,BHAVNAGAR,GROUNDNUT,WHOLE YEAR,1.324419183267088,0.3337350265161107,14,2012,33.25892857142857,21.726904761904763,1.1935036061138233,589.6285714285714,208.84347627449986,413.54999999999995,587.2,715.4,2662.0,2012.0,,,3700.0,2012
GUJARAT,BHAVNAGAR,MAIZE,KHARIF,1.365706716611694,0.5013262496502868,13,2012,33.09076923076923,25.655961538461536,,564.1923076923077,231.9819046877668,364.4,487.5,727.1,1175.0,,,,1175.0,2012
GUJARAT,BHAVNAGAR,SORGHUM,KHARIF,0.743027108953942,0.5287211733134239,11,2012,33.11590909090909,25.688181818181818,0.2115384615384615,548.6999999999999,224.14945460562691,364.25,567.4,693.6500000000001,589.0,1997.0,,,1510.0,2012
GUJARAT,BHAVNAGAR,WHEAT,RABI,2.551526650182497,0.46196875582448593,15,2012,31.81977777777778,17.811555555555557,0.905416952052674,20.586666666666666,36.63312058519618,1.5,2.4,16.6,1617.0,2012.0,,,1350.0,2012
GUJARAT,JAMNAGAR,CHICKPEA,RABI,1.0642290849391511,0.3748709321352133,15,2012,31.767,16.73922222222222,0.7804427296876878,25.1,59.65705562390994,0.75,2.8,4.800000000000001,3000.0,,,,3000.0,2012
GUJARAT,JAMNAGAR,GROUNDNUT,KHARIF,1.0467762751350076,0.7303794763732492,14,2012,32.81142857142857,25.62642857142857,0.05173999563555291,607.65,257.40249162023997,418.20000000000005,594.7,735.6,2695.0,2012.0,,,3700.0,2012
GUJARAT,JAMNAGAR,GROUNDNUT,WHOLE YEAR,1.783877803014669,0.5251270641518426,13,2012,32.98224358974359,21.002692307692307,1.5,660.8076923076923,238.3584501737473,546.0,626.4000000000001,778.7,2695.0,2012.0,,,3700.0,2012
GUJARAT,JAMNAGAR,MAIZE,KHARIF,1.3086526680787116,0.5023909827976086,12,2009,32.77979166666667,25.594583333333333,,624.6916666666667,269.3918081306089,477.4,594.7,786.675,1175.0,,,,1175.0,2012
GUJARAT,JAMNAGAR,SORGHUM,KHARIF,0.9232924632269114,0.31918291213422556,12,2009,32.8225,25.642083333333332,,630.6916666666667,268.9226670129042,477.4,621.6,786.675,589.0,1997.0,,,1510.0,2012
GUJARAT,JAMNAGAR,SORGHUM,RABI,0.8171550671550672,0.12170896134951706,11,2009,31.84878787878788,16.811515151515152,,33.85454545454545,68.30716453837567,1.75,4.4,21.95,589.0,1997.0,,,1510.0,2012
GUJARAT,JAMNAGAR,WHEAT,RABI,2.8877019064134486,0.5609464248032284,15,2012,31.767,16.73922222222222,0.9073191789055606,25.1,59.65705562390994,0.75,2.8,4.800000000000001,1455.0,2012.0,,,1350.0,2012
GUJARAT,JUNAGADH,CHICKPEA,RABI,1.220687762799765,0.42680535709907474,13,2012,30.909102564102565,18.508333333333333,0.6889904792584594,23.299999999999997,46.545998753920834,4.6,6.0,14.7,3000.0,,,,3000.0,2012
GUJARAT,JUNAGADH,GROUNDNUT,KHARIF,1.4763949017653717,0.6704764979893663,12,2012,31.2925,26.66208333333333,0.08750395551381432,797.0166666666668,348.2534756945483,448.825,819.25,970.825,2460.0,2012.0,,,3700.0,2012
GUJARAT,JUNAGADH,GROUNDNUT,WHOLE YEAR,1.5454962238699794,0.3083246235074281,12,2012,31.77444444444444,22.642777777777777,1.5,823.4333333333334,347.9953169312205,466.675,872.05,1005.25,2460.0,2012.0,,,3700.0,2012
GUJARAT,JUNAGADH,SORGHUM,KHARIF,0.9446576879910213,0.4621709429675663,9,2006,31.22277777777778,26.60361111111111,0.6583838383838383,791.2333333333333,234.45489438269362,736.8,870.1,965.1,556.0,2005.0,,,1510.0,2012
GUJARAT,JUNAGADH,SORGHUM,RABI,1.0596781874898245,0.46866858735899797,13,2012,30.909102564102565,18.508333333333333,0.39971257956041184,23.299999999999997,46.545998753920834,4.6,6.0,14.7,1295.0,2012.0,,,1510.0,2012
GUJARAT,JUNAGADH,WHEAT,RABI,3.457842559150949,0.49542392744827296,13,2012,30.909102564102565,18.508333333333333,0.9645124725689472,23.299999999999997,46.545998753920834,4.6,6.0,14.7,1125.0,2012.0,,,1350.0,2012
GUJARAT,KHEDA,CHICKPEA,RABI,0.8029071380387275,0.2430338343312279,15,2012,32.49922222222222,16.18277777777778,0.7781346946421448,12.606666666666666,22.035765300550654,0.0,0.2,13.399999999999999,2869.0,2012.0,,,3000.0,2012
GUJARAT,KHEDA,GROUNDNUT,KHARIF,1.1223584272418645,0.6607280402319091,14,2012,33.46696428571429,25.420892857142857,0.839983193277311,831.6142857142858,316.60453822769756,553.8,777.3499999999999,1110.75,3470.0,2012.0,,,3700.0,2012
GUJARAT,KHEDA,GROUNDNUT,WHOLE YEAR,1.8644685793362492,0.2449096377064878,14,2012,34.02303571428571,20.68035714285714,0.8972216312056738,848.5642857142857,309.50994915571556,609.8249999999999,799.55,1110.75,3470.0,2012.0,,,3700.0,2012
GUJARAT,KHEDA,MAIZE,KHARIF,1.6333912602011116,0.5697782686603492,13,2012,33.50192307692308,25.452884615384615,0.18365381810886233,807.8076923076923,316.2212344270449,523.5999999999999,757.9,1101.0,977.0,2012.0,,,1175.0,2012
GUJARAT,KHEDA,RICE,KHARIF,1.9678880000197454,0.5013251325847633,13,2012,33.50192307692308,25.452884615384615,1.2770395836936939,807.8076923076923,316.2212344270449,523.5999999999999,757.9,1101.0,950.0,2012.0,,,1265.0,2012
GUJARAT,KHEDA,RICE,WHOLE YEAR,3.1300609097869336,0.7882879824616894,12,2012,34.019375000000004,20.670902777777776,1.4575660200981537,868.0166666666668,327.2331552254262,613.0,799.55,1126.775,950.0,2012.0,,,1265.0,2012
GUJARAT,KHEDA,SORGHUM,KHARIF,0.9038184038184038,0.2950247497192229,13,2009,33.456153846153846,25.411923076923078,0.9261598124098125,846.0153846153846,324.72480103967484,523.5999999999999,796.8,1114.0,734.5,1998.0,,,1510.0,2012
GUJARAT,KHEDA,SORGHUM,RABI,0.8262896825396826,0.19215336980026163,12,2012,32.48388888888889,16.162222222222223,1.3347222222222221,14.541666666666666,24.23087655838886,0.0,0.1,15.149999999999999,734.5,1998.0,,,1510.0,2012
GUJARAT,KHEDA,WHEAT,RABI,2.3878832497847653,0.3739019966110841,15,2012,32.49922222222222,16.18277777777778,1.2266074582608113,12.606666666666666,22.035765300550654,0.0,0.2,13.399999999999999,1145.0,2012.0,,,1350.0,2012
GUJARAT,RAJKOT,CHICKPEA,RABI,1.0007667964502482,0.3251151962072228,13,2012,32.03346153846154,16.898717948717948,0.708067465505592,22.76153846153846,44.36796025777946,1.0,1.7,9.2,2743.0,2012.0,,,3000.0,2012
GUJARAT,RAJKOT,GROUNDNUT,KHARIF,1.0090382314731134,0.8648155531940096,12,2012,33.141666666666666,25.628958333333333,0.010719167885477734,563.0916666666667,250.48719966690854,339.475,515.9,739.9,2530.0,2012.0,,,3700.0,2012
GUJARAT,RAJKOT,GROUNDNUT,WHOLE YEAR,1.4712468458457764,0.35600259288100494,11,2012,33.56484848484849,21.287954545454546,1.3360610021786492,610.709090909091,234.24797738527198,425.15,592.4,752.85,2530.0,2012.0,,,3700.0,2012
GUJARAT,RAJKOT,MAIZE,KHARIF,1.2988324806506624,0.5823930466466856,11,2012,33.132954545454545,25.618636363636366,,553.7545454545455,260.5137630285063,339.25,503.8,750.8,1175.0,,,,1175.0,2012
GUJARAT,RAJKOT,SORGHUM,KHARIF,0.7911500068817142,0.33468957623858686,10,2007,33.1035,25.592000000000002,1.5,575.25,264.1229101510633,371.225,515.9,761.7,1510.0,,,,1510.0,2012
GUJARAT,RAJKOT,WHEAT,RABI,3.3480445796942893,0.5430717645225567,13,2012,32.03346153846154,16.898717948717948,0.8990541131377808,22.76153846153846,44.36796025777946,1.0,1.7,9.2,1182.0,2012.0,,,1350.0,2012
GUJARAT,SURAT,CHICKPEA,RABI,0.8278661916092394,0.12018407787812634,15,2012,33.07011111111111,17.308333333333334,1.1964285714285714,29.14,37.75887407522331,1.05,9.5,32.15,3000.0,,,,3000.0,2012
GUJARAT,SURAT,GROUNDNUT,KHARIF,1.0945179479975267,0.24956547897020107,14,2012,31.868035714285718,25.183392857142856,0.8790219649922285,1421.5285714285715,502.80911874200314,1092.425,1394.85,1732.1,2345.0,2009.0,,,3700.0,2012
GUJARAT,SURAT,GROUNDNUT,WHOLE YEAR,1.6739061613887727,0.18058565098128895,14,2012,33.33994047619048,21.122619047619047,0.9460876524080724,1455.75,491.95493813340886,1094.9,1461.1,1763.75,2345.0,2009.0,,,3700.0,2012
GUJARAT,SURAT,MAIZE,KHARIF,1.338582874615263,0.4762466504195382,13,2012,31.887884615384618,25.202692307692306,0.8636363636363636,1443.3076923076924,516.4214242611333,1077.1,1434.6,1778.0,1175.0,,,,1175.0,2012
GUJARAT,SURAT,RICE,KHARIF,1.9718758284458722,0.18097881086709972,13,2012,31.887884615384618,25.202692307692306,0.8066926842718969,1443.3076923076924,516.4214242611333,1077.1,1434.6,1778.0,1497.0,2012.0,,,1265.0,2012
GUJARAT,SURAT,RICE,WHOLE YEAR,3.023675759524848,0.7041093363597911,12,2012,33.32006944444445,21.093333333333334,1.428793428793429,1488.7916666666667,513.4240378590733,1129.9,1470.7,1873.0,1497.0,2012.0,,,1265.0,2012
GUJARAT,SURAT,SORGHUM,KHARIF,1.4225374469557384,0.21558391003415944,14,2012,31.868035714285718,25.183392857142856,0.11130545687121686,1421.5285714285715,502.80911874200314,1092.425,1394.85,1732.1,1847.0,2012.0,,,1510.0,2012
GUJARAT,SURAT,SORGHUM,RABI,1.124478373917683,0.21427373307169403,15,2012,33.07011111111111,17.308333333333334,0.596677990046643,29.14,37.75887407522331,1.05,9.5,32.15,1907.0,2012.0,,,1510.0,2012
GUJARAT,SURAT,WHEAT,RABI,2.253428972032005,0.37347344924974546,15,2012,33.07011111111111,17.308333333333334,1.2584546714640372,29.14,37.75887407522331,1.05,9.5,32.15,1943.0,2012.0,,,1350.0,2012
GUJARAT,SURENDRANAGAR,CHICKPEA,RABI,0.7392735259390366,0.34481837329526493,15,2012,33.031111111111116,16.234444444444446,0.28475947045578853,14.686666666666666,30.581573973009736,0.0,1.6,9.899999999999999,2703.0,2012.0,,,3000.0,2012
GUJARAT,SURENDRANAGAR,GROUNDNUT,KHARIF,1.4789629271836688,0.4470360845451706,14,2012,34.449464285714285,25.358750000000004,0.4295013405911874,543.9285714285714,237.93464981464467,323.55,552.75,702.25,3500.0,2012.0,,,3700.0,2012
GUJARAT,SURENDRANAGAR,GROUNDNUT,WHOLE YEAR,1.7560134592751508,0.33497002458995867,14,2012,34.83363095238095,20.724464285714284,1.4645454545454546,561.5071428571429,230.5768367320591,330.40000000000003,555.65,716.8750000000001,3500.0,2012.0,,,3700.0,2012
GUJARAT,SURENDRANAGAR,RICE,KHARIF,1.6297949735449737,0.6593346263103524,12,2012,34.46895833333333,25.376875000000002,0.44441428571428576,514.2416666666667,238.75872743052224,320.65,452.15,668.75,1265.0,,,,1265.0,2012
GUJARAT,SURENDRANAGAR,SORGHUM,RABI,0.8873511904761904,0.20199937767915632,8,2012,32.97125,16.2975,1.0302380952380952,4.6,7.925366147467797,0.0,0.2,5.3999999999999995,589.0,1997.0,,,1510.0,2012
GUJARAT,SURENDRANAGAR,WHEAT,RABI,2.329917732951069,0.38823658952373535,15,2012,33.031111111111116,16.234444444444446,0.7234434655394589,14.686666666666666,30.581573973009736,0.0,1.6,9.899999999999999,1550.0,2012.0,,,1350.0,2012
GUJARAT,VALSAD,CHICKPEA,RABI,0.8803113845219108,0.27333275935280366,15,2012,31.777111111111108,18.191333333333333,0.6,47.513333333333335,73.52589307435139,1.1,20.0,43.35,3000.0,,,,3000.0,2012
GUJARAT,VALSAD,GROUNDNUT,KHARIF,0.9668650793650794,0.5518633363105908,12,2012,30.72458333333333,24.567083333333333,0.7333333333333334,2045.75,339.66054578598977,1771.5,2076.7,2289.5,2345.0,2009.0,,,3700.0,2012
GUJARAT,VALSAD,GROUNDNUT,WHOLE YEAR,1.6190476190476193,0.329914439536929,6,2002,32.11041666666667,21.467361111111114,0.7222222222222222,2074.0333333333333,351.95207438892413,1819.35,1978.7,2214.8500000000004,1345.0,1997.0,,,3700.0,2012
GUJARAT,VALSAD,RICE,KHARIF,1.9690701520897063,0.20475936075362242,13,2012,30.72576923076923,24.56326923076923,0.7580468868201399,2034.9846153846156,392.0165065533037,1783.8000000000002,2098.6,2354.4,1060.0,2012.0,,,1265.0,2012
GUJARAT,VALSAD,RICE,WHOLE YEAR,2.947305450723494,0.6195247591228398,12,2012,32.086111111111116,21.454583333333332,1.4054656999442274,2001.9666666666665,396.17872994471327,1799.45,1978.7,2273.875,1060.0,2012.0,,,1265.0,2012
GUJARAT,VALSAD,SORGHUM,KHARIF,1.1074850471589601,0.33387973794370696,14,2012,30.71375,24.552321428571428,0.9659222661396574,2013.457142857143,385.1541084458886,1746.9,2076.7,2327.05,1385.0,2012.0,,,1510.0,2012
GUJARAT,VALSAD,SORGHUM,RABI,0.7666666666666666,0.21602468994692867,8,2011,31.89,18.278333333333332,0.6805555555555555,62.8125,95.811160064249,7.199999999999999,19.15,64.3,1385.0,2011.0,,,1510.0,2012
GUJARAT,VALSAD,WHEAT,RABI,2.707482993197279,0.3890237629968415,14,2011,31.788571428571426,18.200714285714287,1.3928571428571428,48.214285714285715,76.24939704319338,0.55,19.15,43.2,629.0,1997.0,,,1350.0,2012
HARYANA,AMBALA,CHICKPEA,RABI,0.0,0.0,5,2003,25.776666666666664,10.962,0.6864158144306077,107.82000000000001,51.37472141043686,83.0,88.0,133.0,2100.0,2003.0,,,3000.0,2012
HARYANA,AMBALA,GROUNDNUT,KHARIF,0.0,0.0,5,2003,34.1595,25.2905,0.0,883.0799999999999,140.21156157749618,795.9,804.5,930.5,1800.0,2003.0,,,3700.0,2012
HARYANA,AMBALA,MAIZE,KHARIF,2.4432123791270017,0.5734012425824518,16,2012,34.16203125,25.38234375,0.1073916410730736,922.09375,302.1843377118234,756.175,933.4,1082.375,1350.0,2012.0,,,1175.0,2012
HARYANA,AMBALA,RICE,KHARIF,3.2871611104370304,0.42046607276633774,16,2012,34.16203125,25.38234375,1.5,922.09375,302.1843377118234,756.175,933.4,1082.375,525.0,1999.0,,,1265.0,2012
HARYANA,AMBALA,WHEAT,RABI,3.770340291787761,0.4237194334297004,16,2012,25.48875,10.994687500000001,1.5,133.75,114.24304501077226,50.925,92.25,181.65,1200.0,2012.0,,,1350.0,2012
HARYANA,GURGAON,CHICKPEA,RABI,1.0042971829245522,0.2253320167820768,8,2004,26.907708333333332,12.094375,,77.3125,60.3373004154857,48.525000000000006,55.1,86.42500000000001,1950.0,2004.0,,,3000.0,2012
HARYANA,GURGAON,GROUNDNUT,KHARIF,0.381546612213584,0.31922881097846934,9,2012,35.369166666666665,27.012222222222224,1.25,406.56666666666666,153.7865810140794,332.6,381.2,479.69999999999993,1800.0,2012.0,,,3700.0,2012
HARYANA,GURGAON,MAIZE,KHARIF,0.0,0.0,5,2003,35.1555,26.7935,,390.58000000000004,182.77650833736814,332.6,334.7,381.2,672.5,2003.0,,,1175.0,2012
HARYANA,GURGAON,RICE,KHARIF,2.790002479037799,0.3892895322882532,16,2012,35.157812500000006,26.98875,1.5,420.925,224.93452232446074,313.225,412.8,501.0999999999999,1950.0,2012.0,,,1265.0,2012
HARYANA,GURGAON,SORGHUM,KHARIF,0.4500718065517094,0.3602934342178214,16,2012,35.157812500000006,26.98875,1.1511496067937388,420.925,224.93452232446074,313.225,412.8,501.0999999999999,1000.0,2011.0,,,1510.0,2012
HARYANA,GURGAON,WHEAT,RABI,3.910594634393745,0.5110556884723945,16,2012,27.061875,12.347291666666667,1.5,78.1875,83.95766294190582,26.275,54.400000000000006,91.9,1300.0,2012.0,,,1350.0,2012
HARYANA,JIND,CHICKPEA,RABI,1.2410936928045668,0.49005927337899224,9,2006,26.55537037037037,10.96537037037037,0.4907330621727726,94.33333333333333,71.73639243786937,42.9,66.6,163.8,1550.0,2006.0,,,3000.0,2012
HARYANA,JIND,MAIZE,KHARIF,1.0321453529000701,1.7428845294966977,6,2003,35.27625,25.709166666666665,1.2826205450733752,314.8,107.54691999308953,222.8,314.35,388.425,605.0,2003.0,,,1175.0,2012
HARYANA,JIND,RICE,KHARIF,2.37923393971743,0.3350655734146414,16,2012,35.35875,26.00921875,1.2859406506999407,387.20625,176.29710328022975,258.05,358.6,495.25000000000006,570.0,2011.0,,,1265.0,2012
HARYANA,JIND,SORGHUM,KHARIF,0.20136019137345598,0.2238417823918918,6,2003,35.27625,25.709166666666665,0.5535974548453552,314.8,107.54691999308953,222.8,314.35,388.425,612.0,2003.0,,,1510.0,2012
HARYANA,JIND,WHEAT,RABI,4.271998041384518,0.3637150331364892,16,2012,26.646979166666664,11.035833333333333,1.147209430464503,92.825,72.66790671724807,29.225,70.15,164.875,1200.0,2012.0,,,1350.0,2012
HARYANA,KARNAL,CHICKPEA,RABI,0.9206887095959944,1.0512739417720263,8,2008,25.865000000000002,11.483958333333334,1.3899220374220373,74.175,44.556024123728605,40.925,65.15,92.6,2100.0,2008.0,,,3000.0,2012
HARYANA,KARNAL,MAIZE,KHARIF,3.1168311613389177,2.2766264297669565,10,2009,34.448750000000004,25.5365,1.4845575959933222,391.35,107.41051314156046,358.5,401.95,436.15,800.0,2009.0,,,1175.0,2012
HARYANA,KARNAL,RICE,KHARIF,2.9607489709749424,0.3563547576151684,16,2012,34.4478125,25.64234375,1.5,390.95,101.93511007825843,347.35,397.85,434.05,525.0,2004.0,,,1265.0,2012
HARYANA,KARNAL,WHEAT,RABI,4.456015865605112,0.43060695315740327,16,2012,25.852395833333333,11.545,1.5,77.45,63.178625077368274,36.775000000000006,58.45,117.85,1250.0,2012.0,,,1350.0,2012
HARYANA,ROHTAK,CHICKPEA,RABI,1.0139144391161854,0.31586858025859565,16,2012,26.969583333333333,11.599270833333334,0.47877151316088695,56.6,57.80914575855047,18.25,40.0,68.75,2550.0,2012.0,,,3000.0,2012
HARYANA,ROHTAK,MAIZE,KHARIF,1.836803517356818,1.6961794763786004,10,2012,35.3815,26.63225,1.3203931203931203,330.48,102.63326079893508,239.25,326.95000000000005,414.95,1250.0,2012.0,,,1175.0,2012
HARYANA,ROHTAK,RICE,KHARIF,1.6083514483376875,0.372698691818776,16,2012,35.44046875,26.53328125,1.5,347.11875,115.90845363906813,241.75,358.45000000000005,438.57500000000005,650.0,2004.0,,,1265.0,2012
HARYANA,ROHTAK,SORGHUM,KHARIF,0.29839005751378656,0.14317590318211057,16,2012,35.44046875,26.53328125,1.5,347.11875,115.90845363906813,241.75,358.45000000000005,438.57500000000005,1150.0,2012.0,,,1510.0,2012
HARYANA,ROHTAK,WHEAT,RABI,3.926369307757486,0.4224819857538475,16,2012,26.969583333333333,11.599270833333334,1.5,56.6,57.80914575855047,18.25,40.0,68.75,1175.0,2012.0,,,1350.0,2012
HIMACHAL PRADESH,CHAMBA,MAIZE,KHARIF,2.3956902560643125,0.5156490567237455,12,2010,19.061041666666668,11.449583333333335,0.04066734774925346,784.8333333333334,281.094967237161,648.5,838.45,969.025,739.0,2010.0,,,1175.0,2012
HIMACHAL PRADESH,CHAMBA,RICE,KHARIF,1.4855857308300318,0.17372822850314357,12,2010,19.061041666666668,11.449583333333335,0.7937828704373713,784.8333333333334,281.094967237161,648.5,838.45,969.025,1380.0,2010.0,,,1265.0,2012
HIMACHAL PRADESH,CHAMBA,WHEAT,RABI,1.2651491088645157,0.3345140798109807,12,2010,5.975138888888889,-2.535,0.14646946804376568,516.8833333333333,308.3624191031578,312.725,503.0,668.175,916.0,2010.0,,,1350.0,2012
HIMACHAL PRADESH,KANGRA,CHICKPEA,RABI,0.7203872967983722,0.1295046056560223,10,2010,17.2775,6.718166666666667,0.0598314035527114,228.95,120.26417449376463,144.1,211.50000000000003,297.1,3250.0,2010.0,,,3000.0,2012
HIMACHAL PRADESH,KANGRA,MAIZE,KHARIF,1.5280378672839372,0.4646266362053174,12,2010,27.378125,19.717708333333334,0.18189188299490197,1355.825,283.76585778675786,1183.025,1358.45,1508.0249999999999,858.0,2010.0,,,1175.0,2012
HIMACHAL PRADESH,KANGRA,RICE,KHARIF,1.4209364718523136,0.18571494908985292,12,2010,27.378125,19.717708333333334,0.7252063347708376,1355.825,283.76585778675786,1183.025,1358.45,1508.0249999999999,960.0,2010.0,,,1265.0,2012
HIMACHAL PRADESH,KANGRA,WHEAT,RABI,1.3868093134840542,0.3285415255529247,12,2010,17.24833333333333,6.657361111111111,0.3761659491923466,250.70833333333334,120.1190807515861,146.5,279.75,355.35,1020.0,2010.0,,,1350.0,2012
HIMACHAL PRADESH,KINNAUR,MAIZE,KHARIF,2.206229802027559,0.25364461497190904,12,2010,12.675208333333332,4.0043750000000005,0.6218814523694295,209.8083333333333,143.3830943396893,102.94999999999999,192.55,253.5,1133.0,2010.0,,,1175.0,2012
HIMACHAL PRADESH,KINNAUR,RICE,KHARIF,1.477721743115256,0.16766722915745125,12,2010,12.675208333333332,4.0043750000000005,0.16487455197132617,209.8083333333333,143.3830943396893,102.94999999999999,192.55,253.5,965.0,2008.0,,,1265.0,2012
HIMACHAL PRADESH,KINNAUR,WHEAT,RABI,1.5980027727628145,0.2854455870123925,12,2010,-3.2606944444444443,-13.300972222222223,0.3084084761745007,341.9166666666667,274.3021453975469,138.675,315.29999999999995,425.05,1150.0,2010.0,,,1350.0,2012
HIMACHAL PRADESH,KULLU,CHICKPEA,RABI,0.36902972449225746,0.25731261310271664,10,2010,4.4235,-4.157333333333333,0.06636666774579945,329.53000000000003,108.98343452103168,289.85,335.75,363.52500000000003,3838.0,2010.0,,,3000.0,2012
HIMACHAL PRADESH,KULLU,GROUNDNUT,KHARIF,0.5364457381698762,0.2499744661498326,10,2010,16.9075,9.612,0.0,650.9200000000001,285.95517830597163,421.525,577.1,876.275,2317.0,2006.0,,,3700.0,2012
HIMACHAL PRADESH,KULLU,MAIZE,KHARIF,2.617251788284206,0.6126474586949874,12,2010,16.921458333333334,9.5575,0.00216838214702085,619.1083333333333,269.41590848059485,425.65,513.0,755.2249999999999,740.0,2010.0,,,1175.0,2012
HIMACHAL PRADESH,KULLU,RICE,KHARIF,1.356540259546165,0.19649166951084454,12,2010,16.921458333333334,9.5575,0.8198320235351791,619.1083333333333,269.41590848059485,425.65,513.0,755.2249999999999,1440.0,2010.0,,,1265.0,2012
HIMACHAL PRADESH,KULLU,WHEAT,RABI,1.6302438393678813,0.16998173252520485,12,2010,4.4118055555555555,-4.226944444444444,0.025730707548327524,347.7166666666667,107.62529132751898,307.15000000000003,350.90000000000003,429.475,1100.0,2010.0,,,1350.0,2012
HIMACHAL PRADESH,MANDI,CHICKPEA,RABI,0.7562408323698646,0.26839698450016675,10,2010,17.97133333333333,9.105,0.19671391123004026,195.42000000000002,77.93328771028035,134.575,190.10000000000002,242.775,3271.0,2010.0,,,3000.0,2012
HIMACHAL PRADESH,MANDI,GROUNDNUT,KHARIF,0.4601731601731602,0.41574711596903896,7,2010,25.895357142857144,19.7925,0.0,1198.9285714285713,279.40235452530766,1063.25,1131.2999999999995,1257.15,3700.0,,,,3700.0,2012
HIMACHAL PRADESH,MANDI,MAIZE,KHARIF,2.7806419628020618,0.32459842732998384,12,2010,25.998333333333335,19.764583333333334,0.044257525845494534,1126.4333333333332,244.6260126409415,1029.7,1087.65,1215.525,730.0,2010.0,,,1175.0,2012
HIMACHAL PRADESH,MANDI,RICE,KHARIF,1.4187499219420878,0.16670585449998057,12,2010,25.998333333333335,19.764583333333334,0.511865875526323,1126.4333333333332,244.6260126409415,1029.7,1087.65,1215.525,1046.0,2010.0,,,1265.0,2012
HIMACHAL PRADESH,MANDI,WHEAT,RABI,1.3384968438416471,0.42087407931598897,12,2010,17.958194444444445,9.0325,0.16753163868554843,211.70000000000002,80.16078161477039,137.725,212.0,276.7,973.0,2010.0,,,1350.0,2012
HIMACHAL PRADESH,SHIMLA,CHICKPEA,RABI,0.9875167434843167,0.31196620484447907,10,2010,12.630333333333335,4.579666666666666,0.05129870129870129,252.54000000000002,100.32827451255535,180.15,240.6,337.925,3500.0,2010.0,,,3000.0,2012
HIMACHAL PRADESH,SHIMLA,GROUNDNUT,KHARIF,0.5733333333333334,0.40735521551213544,10,2010,21.49725,15.609,0.15,674.08,187.24634872571244,504.125,673.55,747.675,2317.0,2006.0,,,3700.0,2012
HIMACHAL PRADESH,SHIMLA,MAIZE,KHARIF,2.2124050603288516,0.3848197494153739,12,2010,21.520625,15.553333333333335,0.0457905835091448,648.75,182.7640729564658,488.25,633.95,746.825,1000.0,2010.0,,,1175.0,2012
HIMACHAL PRADESH,SHIMLA,RICE,KHARIF,1.0651220270734072,0.1293062425974191,12,2010,21.520625,15.553333333333335,0.616679839401456,648.75,182.7640729564658,488.25,633.95,746.825,1055.0,2008.0,,,1265.0,2012
HIMACHAL PRADESH,SHIMLA,WHEAT,RABI,1.178557018051644,0.405988575026223,12,2010,12.635694444444445,4.493611111111111,0.06617622743543965,270.89166666666665,105.36689542505819,187.45,276.79999999999995,352.025,1100.0,2010.0,,,1350.0,2012
HIMACHAL PRADESH,SIRMAUR,CHICKPEA,RABI,0.7712879158640813,0.3340814897005666,10,2010,20.622666666666667,10.063166666666667,0.26628323871173737,201.44,142.447886767212,97.57499999999999,143.35,325.5,3550.0,2010.0,,,3000.0,2012
HIMACHAL PRADESH,SIRMAUR,GROUNDNUT,KHARIF,0.5606727681740856,0.37459019086864026,10,2010,27.75875,21.375999999999998,0.23380638927987132,1073.85,308.5939952249377,848.525,978.5,1245.0,2833.0,2008.0,,,3700.0,2012
HIMACHAL PRADESH,SIRMAUR,MAIZE,KHARIF,2.841839961083199,0.37228373435112405,12,2010,27.787499999999998,21.315416666666668,0.24437513914656406,1062.05,289.92618025973434,839.7,978.5,1240.2,890.0,2010.0,,,1175.0,2012
HIMACHAL PRADESH,SIRMAUR,RICE,KHARIF,1.67214208723429,0.4155279293160749,12,2010,27.787499999999998,21.315416666666668,0.7518783960859264,1062.05,289.92618025973434,839.7,978.5,1240.2,910.0,2010.0,,,1265.0,2012
HIMACHAL PRADESH,SIRMAUR,WHEAT,RABI,1.4050445836683378,0.3960918723566216,12,2010,20.64222222222222,9.9625,0.34983482664129445,213.19166666666663,131.92853064053168,119.12499999999999,164.39999999999998,310.05,1070.0,2010.0,,,1350.0,2012
HIMACHAL PRADESH,SOLAN,CHICKPEA,RABI,0.900807326811876,0.31293323744637336,10,2010,21.5195,10.553,0.05543726418977794,175.32999999999998,100.41627856079907,95.025,129.35,254.7,3214.0,2010.0,,,3000.0,2012
HIMACHAL PRADESH,SOLAN,GROUNDNUT,KHARIF,1.1366555608440425,0.28502129107213314,8,2007,29.200625000000002,22.2209375,0.0065445026178010375,718.3,179.52374295817881,583.4250000000001,719.0999999999999,828.8999999999999,2350.0,2007.0,,,3700.0,2012
HIMACHAL PRADESH,SOLAN,MAIZE,KHARIF,2.144716125892548,0.3288201172711141,12,2010,29.065625,22.172291666666666,0.1564109739731235,776.3416666666667,263.19768739773366,583.4250000000001,719.35,949.6999999999999,900.0,2010.0,,,1175.0,2012
HIMACHAL PRADESH,SOLAN,RICE,KHARIF,2.0138511923354314,0.35488774603086376,12,2010,29.065625,22.172291666666666,0.7227724414049304,776.3416666666667,263.19768739773366,583.4250000000001,719.35,949.6999999999999,980.0,2010.0,,,1265.0,2012
HIMACHAL PRADESH,SOLAN,WHEAT,RABI,1.5312189742691515,0.37522723944856445,12,2010,21.525555555555556,10.46125,0.3284754238489623,185.26666666666665,94.3256962322408,98.675,177.39999999999998,262.84999999999997,1154.0,2010.0,,,1350.0,2012
JHARKHAND,DHANBAD,MAIZE,WHOLE YEAR,1.8604573276982947,1.8552580595499923,6,2007,32.12708333333334,21.307916666666667,0.009456922429251433,1385.05,267.03279761107996,1265.675,1396.0,1465.6499999999999,728.0,2007.0,,,1175.0,2012
JHARKHAND,DHANBAD,RICE,WHOLE YEAR,1.3062040533782928,0.4033517985249995,6,2007,32.12708333333334,21.307916666666667,0.0013490548971457834,1385.05,267.03279761107996,1265.675,1396.0,1465.6499999999999,591.5,2007.0,,,1265.0,2012
JHARKHAND,DHANBAD,WHEAT,RABI,1.3514556608435915,0.294714625594064,7,2010,29.206666666666667,16.802142857142858,1.451971960805777,156.67142857142858,73.84661387600912,106.05,136.9,224.25,912.0,2007.0,,,1350.0,2012
JHARKHAND,HAZARIBAGH,CHICKPEA,RABI,0.8732990239436511,0.09112641253193864,7,2010,27.746904761904762,14.948333333333334,0.8029441603927774,138.21428571428572,68.45568952666702,98.9,134.0,169.05,1866.0,2007.0,,,3000.0,2012
JHARKHAND,HAZARIBAGH,MAIZE,WHOLE YEAR,1.2771888143280803,0.22256048178184729,6,2007,30.892777777777777,19.759166666666665,0.016500981146326952,1197.3666666666668,281.8237226825781,995.075,1147.1999999999998,1333.75,1260.0,2007.0,,,1175.0,2012
JHARKHAND,HAZARIBAGH,RICE,WHOLE YEAR,1.0298292540823344,0.32709811296012725,6,2007,30.892777777777777,19.759166666666665,0.045254927325021496,1197.3666666666668,281.8237226825781,995.075,1147.1999999999998,1333.75,590.0,2007.0,,,1265.0,2012
JHARKHAND,HAZARIBAGH,WHEAT,RABI,1.5551157688715571,0.22921202522687464,7,2010,27.746904761904762,14.948333333333334,1.4985189076360415,138.21428571428572,68.45568952666702,98.9,134.0,169.05,817.0,2007.0,,,1350.0,2012
JHARKHAND,RANCHI,CHICKPEA,RABI,0.8216715597427401,0.2626390325943047,7,2010,27.74547619047619,14.732619047619048,0.17349391949345047,154.05714285714288,88.3165869121397,104.15,140.10000000000002,155.0,2406.5,2007.0,,,3000.0,2012
JHARKHAND,RANCHI,MAIZE,WHOLE YEAR,1.2770018200945372,0.21586938694126295,6,2007,30.544861111111107,19.253333333333334,0.07825196734439516,1184.7666666666667,220.56702987225142,1060.2,1164.2499999999998,1346.75,866.0,2007.0,,,1175.0,2012
JHARKHAND,RANCHI,RICE,WHOLE YEAR,0.9465799073252231,0.24721337490203377,6,2007,30.544861111111107,19.253333333333334,0.02444421128652265,1184.7666666666667,220.56702987225142,1060.2,1164.2499999999998,1346.75,960.0,2007.0,,,1265.0,2012
JHARKHAND,RANCHI,WHEAT,RABI,1.3510406908218937,0.4685282263139496,7,2010,27.74547619047619,14.732619047619048,1.4598609240806868,154.05714285714288,88.3165869121397,104.15,140.10000000000002,155.0,1106.5,2007.0,,,1350.0,2012
KARNATAKA,BELGAUM,CHICKPEA,RABI,0.4899062957948266,0.1633693076554035,17,2014,31.00970588235294,17.321078431372552,0.4481561689508619,134.6,53.3021458292253,97.0,129.0,171.0,3506.0,2014.0,2919.6,2014.0,3000.0,2012
KARNATAKA,BELGAUM,GROUNDNUT,KHARIF,0.7170277640122887,0.16306315966330343,18,2014,27.40902777777778,20.55638888888889,0.22281177383763046,699.5666666666667,204.81446697524305,618.9000000000001,763.5,849.3,4295.0,2014.0,4541.52,2014.0,3700.0,2012
KARNATAKA,BELGAUM,GROUNDNUT,RABI,1.0296584008750196,0.2439262127883741,15,2012,31.071444444444445,17.377444444444446,1.4876105048469384,135.18666666666667,50.92314751054723,104.9,131.0,165.0,3094.0,2012.0,4541.52,2014.0,3700.0,2012
KARNATAKA,BELGAUM,MAIZE,KHARIF,2.9450942422345925,0.5717450429017555,18,2014,27.40902777777778,20.55638888888889,1.2097062080128496,699.5666666666667,204.81446697524305,618.9000000000001,763.5,849.3,1231.0,2014.0,1273.66,2014.0,1175.0,2012
KARNATAKA,BELGAUM,MAIZE,RABI,2.7108327096482547,0.5902644966489698,18,2014,31.02527777777778,17.36,1.5,135.95555555555555,52.02950771632012,98.35,130.0,168.0,1231.0,2014.0,1273.66,2014.0,1175.0,2012
KARNATAKA,BELGAUM,MAIZE,WHOLE YEAR,2.8484964948099583,0.6402997964247614,18,2014,30.540879629629632,19.13324074074074,1.5,907.2222222222222,224.5073837526889,755.275,962.0,1062.5,1231.0,2014.0,1273.66,2014.0,1175.0,2012
KARNATAKA,BELGAUM,RICE,KHARIF,1.6355611425763021,0.5912759323388757,18,2014,27.40902777777778,20.55638888888889,0.11809619249568969,699.5666666666667,204.81446697524305,618.9000000000001,763.5,849.3,650.0,2010.0,1195.71,2014.0,1265.0,2012
KARNATAKA,BELGAUM,RICE,WHOLE YEAR,3.1227205854169044,0.6463092467577551,16,2013,30.556302083333335,19.1565625,1.5,900.325,237.9909760194001,747.25,960.45,1080.5,650.0,2010.0,1195.71,2014.0,1265.0,2012
KARNATAKA,BELGAUM,SORGHUM,KHARIF,1.413675181903938,0.27566234704063663,18,2014,27.40902777777778,20.55638888888889,0.543938142045548,699.5666666666667,204.81446697524305,618.9000000000001,763.5,849.3,1305.0,2010.0,2266.91,2014.0,1510.0,2012
KARNATAKA,BELGAUM,SORGHUM,RABI,0.7468338852842545,0.2476280748425783,18,2014,31.02527777777778,17.36,0.14280656458619373,135.95555555555555,52.02950771632012,98.35,130.0,168.0,1305.0,2010.0,2266.91,2014.0,1510.0,2012
KARNATAKA,BELGAUM,SORGHUM,WHOLE YEAR,1.711560872911936,0.5143705365082539,18,2014,30.540879629629632,19.13324074074074,1.5,907.2222222222222,224.5073837526889,755.275,962.0,1062.5,1305.0,2010.0,2266.91,2014.0,1510.0,2012
KARNATAKA,BELGAUM,WHEAT,RABI,1.0738034719992224,0.23916843193790172,18,2014,31.02527777777778,17.36,0.738630331548275,135.95555555555555,52.02950771632012,98.35,130.0,168.0,2021.0,2014.0,2354.04,2014.0,1350.0,2012
KARNATAKA,BELLARY,CHICKPEA,RABI,0.6388421627178111,0.18415901867334755,17,2014,31.62196078431373,19.42754901960784,0.4063756852316476,146.9,54.82686385340675,102.1,155.0,172.0,3498.0,2014.0,2919.6,2014.0,3000.0,2012
KARNATAKA,BELLARY,GROUNDNUT,KHARIF,0.6310038112775435,0.29531310283556844,18,2014,29.824027777777776,21.50125,0.25973082473120673,351.2555555555556,107.24617762129839,253.25,376.55,444.475,4387.0,2014.0,4541.52,2014.0,3700.0,2012
KARNATAKA,BELLARY,GROUNDNUT,RABI,0.9310362896139476,0.24789998259627552,15,2012,31.674555555555557,19.43922222222222,1.3998878633260001,140.2133333333333,55.371238881192596,100.69999999999999,140.0,167.5,3948.0,2012.0,4541.52,2014.0,3700.0,2012
KARNATAKA,BELLARY,MAIZE,KHARIF,2.7441027691454254,0.414182541269046,18,2014,29.824027777777776,21.50125,0.5313075318491052,351.2555555555556,107.24617762129839,253.25,376.55,444.475,1230.0,2014.0,1273.66,2014.0,1175.0,2012
KARNATAKA,BELLARY,MAIZE,RABI,2.5722798535876503,0.4362883150864252,18,2014,31.65092592592593,19.454907407407408,1.5,147.2388888888889,53.20929970562851,102.82499999999999,154.0,171.0,1230.0,2014.0,1273.66,2014.0,1175.0,2012
KARNATAKA,BELLARY,MAIZE,WHOLE YEAR,2.80568978354553,0.5319774545015209,18,2014,31.818055555555556,20.77699074074074,1.5,573.7888888888889,147.4026294317666,435.5,570.5,667.35,1230.0,2014.0,1273.66,2014.0,1175.0,2012
KARNATAKA,BELLARY,RICE,KHARIF,3.474823667378543,0.27696210459533416,18,2014,29.824027777777776,21.50125,1.398716199960413,351.2555555555556,107.24617762129839,253.25,376.55,444.475,1076.0,2010.0,1195.71,2014.0,1265.0,2012
KARNATAKA,BELLARY,RICE,RABI,3.930350349832114,0.7556332466568194,8,2014,31.454375000000002,19.357083333333332,1.5,144.6125,69.46862472676835,96.8,128.55,174.0,1076.0,2010.0,1195.71,2014.0,1265.0,2012
KARNATAKA,BELLARY,RICE,WHOLE YEAR,3.4195795817452055,0.5548758590741814,18,2014,31.818055555555556,20.77699074074074,1.4844702272373762,573.7888888888889,147.4026294317666,435.5,570.5,667.35,1076.0,2010.0,1195.71,2014.0,1265.0,2012
KARNATAKA,BELLARY,SORGHUM,KHARIF,1.4869632842095133,0.33515492111421463,18,2014,29.824027777777776,21.50125,0.5509746325114295,351.2555555555556,107.24617762129839,253.25,376.55,444.475,1053.0,2011.0,2266.91,2014.0,1510.0,2012
KARNATAKA,BELLARY,SORGHUM,RABI,1.138616691435873,0.34589221741692455,18,2014,31.65092592592593,19.454907407407408,0.6608512678960102,147.2388888888889,53.20929970562851,102.82499999999999,154.0,171.0,1053.0,2011.0,2266.91,2014.0,1510.0,2012
KARNATAKA,BELLARY,SORGHUM,WHOLE YEAR,2.238488272501715,0.710451710366275,18,2014,31.818055555555556,20.77699074074074,1.5,573.7888888888889,147.4026294317666,435.5,570.5,667.35,1053.0,2011.0,2266.91,2014.0,1510.0,2012
KARNATAKA,BELLARY,WHEAT,RABI,1.0078430201923951,0.25391046670648193,18,2014,31.65092592592593,19.454907407407408,0.5266037110718134,147.2388888888889,53.20929970562851,102.82499999999999,154.0,171.0,1019.0,2008.0,2354.04,2014.0,1350.0,2012
KARNATAKA,BIDAR,CHICKPEA,RABI,0.5858870368727206,0.11120873502648415,16,2014,30.821458333333332,18.289375,0.08314593019899716,112.76875,72.19199141871626,52.25,98.0,155.45000000000002,3126.0,2014.0,2919.6,2014.0,3000.0,2012
KARNATAKA,BIDAR,GROUNDNUT,KHARIF,0.4072416375700524,0.12927255893761166,18,2014,31.02638888888889,22.21125,0.7397891340395638,638.7444444444444,131.4601448089976,528.75,619.5,748.8,3925.0,2012.0,4541.52,2014.0,3700.0,2012
KARNATAKA,BIDAR,GROUNDNUT,RABI,1.054547606288295,0.2656475901000765,15,2012,30.88222222222222,18.349888888888888,0.9243346084645384,103.83333333333333,64.4056415748393,50.5,95.0,134.8,3925.0,2012.0,4541.52,2014.0,3700.0,2012
KARNATAKA,BIDAR,MAIZE,KHARIF,1.9549677556572975,0.6683886795397653,18,2014,31.02638888888889,22.21125,0.42471559516073276,638.7444444444444,131.4601448089976,528.75,619.5,748.8,984.0,2010.0,1273.66,2014.0,1175.0,2012
KARNATAKA,BIDAR,MAIZE,RABI,2.290228601678984,0.5920233013323859,18,2014,30.857962962962958,18.358148148148146,1.3529706002330957,119.05555555555556,72.1141841495524,56.475,109.45,175.15,984.0,2010.0,1273.66,2014.0,1175.0,2012
KARNATAKA,BIDAR,MAIZE,WHOLE YEAR,2.4009903175685947,0.6403282484258331,11,2014,32.22257575757576,20.82022727272727,1.5,813.2545454545453,149.26618748823435,724.0,780.0,901.4,984.0,2010.0,1273.66,2014.0,1175.0,2012
KARNATAKA,BIDAR,RICE,KHARIF,0.7809741342751814,0.26433312139439785,18,2014,31.02638888888889,22.21125,0.402811089033307,638.7444444444444,131.4601448089976,528.75,619.5,748.8,909.0,2013.0,1195.71,2014.0,1265.0,2012
KARNATAKA,BIDAR,RICE,RABI,1.6568340797857604,0.18433090704097443,7,2007,30.77547619047619,18.309761904761903,1.5,121.77142857142857,94.05582941859079,45.5,93.0,201.0,744.0,2007.0,1195.71,2014.0,1265.0,2012
KARNATAKA,BIDAR,SORGHUM,KHARIF,1.4259432375923875,0.2543379618324852,18,2014,31.02638888888889,22.21125,0.011678407196247595,638.7444444444444,131.4601448089976,528.75,619.5,748.8,2422.0,2014.0,2266.91,2014.0,1510.0,2012
KARNATAKA,BIDAR,SORGHUM,RABI,0.49426932265509405,0.17577902404663015,18,2014,30.857962962962958,18.358148148148146,0.024600668100223717,119.05555555555556,72.1141841495524,56.475,109.45,175.15,2422.0,2014.0,2266.91,2014.0,1510.0,2012
KARNATAKA,BIDAR,SORGHUM,WHOLE YEAR,1.5531598432527225,0.683629450734261,5,2012,32.0735,20.648999999999997,1.2891402714932128,832.1,123.0042682186273,762.4999999999999,811.0,814.0,1526.5,2012.0,2266.91,2014.0,1510.0,2012
KARNATAKA,BIDAR,WHEAT,RABI,0.9550300459328722,0.32913670195029526,18,2014,30.857962962962958,18.358148148148146,0.6127234035221196,119.05555555555556,72.1141841495524,56.475,109.45,175.15,1994.0,2014.0,2354.04,2014.0,1350.0,2012
KARNATAKA,CHITRADURGA,CHICKPEA,RABI,0.4465160052500032,0.13798340833231176,17,2014,31.36098039215686,19.12843137254902,0.019165357106494654,175.56470588235294,69.3270684975976,120.0,173.0,223.0,3433.0,2014.0,2919.6,2014.0,3000.0,2012
KARNATAKA,CHITRADURGA,GROUNDNUT,KHARIF,0.6547366095790388,0.2647588283452177,18,2014,29.245277777777776,20.95777777777778,0.06928622379998012,317.71666666666664,110.65611410236353,228.0,337.0,408.925,3175.0,2014.0,4541.52,2014.0,3700.0,2012
KARNATAKA,CHITRADURGA,GROUNDNUT,RABI,0.9298762584336401,0.19478904471490052,14,2011,31.38952380952381,19.094642857142855,1.483051910056006,188.00714285714284,66.23415879445281,133.075,186.8,222.25,2723.0,2011.0,4541.52,2014.0,3700.0,2012
KARNATAKA,CHITRADURGA,MAIZE,KHARIF,2.1824312575215163,0.6673166219040528,18,2014,29.245277777777776,20.95777777777778,0.4353253213863488,317.71666666666664,110.65611410236353,228.0,337.0,408.925,1115.0,2014.0,1273.66,2014.0,1175.0,2012
KARNATAKA,CHITRADURGA,MAIZE,RABI,2.5311466717506703,0.44744747553238484,18,2014,31.40027777777778,19.15398148148148,1.5,178.03333333333333,68.06773443114024,121.775,178.3,222.25,1115.0,2014.0,1273.66,2014.0,1175.0,2012
KARNATAKA,CHITRADURGA,MAIZE,WHOLE YEAR,2.707095884987103,0.5756384332937591,18,2014,31.406481481481478,20.324166666666667,1.5,611.0999999999999,162.49762351203427,522.75,585.4,692.2500000000001,1115.0,2014.0,1273.66,2014.0,1175.0,2012
KARNATAKA,CHITRADURGA,RICE,KHARIF,2.41851951517679,0.5517114400147013,18,2014,29.245277777777776,20.95777777777778,1.4668589609118243,317.71666666666664,110.65611410236353,228.0,337.0,408.925,998.0,2014.0,1195.71,2014.0,1265.0,2012
KARNATAKA,CHITRADURGA,RICE,RABI,2.3777535527475173,0.6348839908686812,18,2014,31.40027777777778,19.15398148148148,1.5,178.03333333333333,68.06773443114024,121.775,178.3,222.25,998.0,2014.0,1195.71,2014.0,1265.0,2012
KARNATAKA,CHITRADURGA,RICE,WHOLE YEAR,2.536545981386921,0.5596293256057208,18,2014,31.406481481481478,20.324166666666667,1.4771645393800865,611.0999999999999,162.49762351203427,522.75,585.4,692.2500000000001,998.0,2014.0,1195.71,2014.0,1265.0,2012
KARNATAKA,CHITRADURGA,SORGHUM,KHARIF,1.3175557903560688,0.23927001072011825,18,2014,29.245277777777776,20.95777777777778,0.824769799245324,317.71666666666664,110.65611410236353,228.0,337.0,408.925,651.0,2008.0,2266.91,2014.0,1510.0,2012
KARNATAKA,CHITRADURGA,SORGHUM,RABI,0.553781643000466,0.19605055830528526,18,2014,31.40027777777778,19.15398148148148,0.5451328570948264,178.03333333333333,68.06773443114024,121.775,178.3,222.25,651.0,2008.0,2266.91,2014.0,1510.0,2012
KARNATAKA,CHITRADURGA,SORGHUM,WHOLE YEAR,1.8824381071561713,0.5967824774802599,18,2014,31.406481481481478,20.324166666666667,1.5,611.0999999999999,162.49762351203427,522.75,585.4,692.2500000000001,651.0,2008.0,2266.91,2014.0,1510.0,2012
KARNATAKA,CHITRADURGA,WHEAT,RABI,1.273326426719301,0.35205423301948197,18,2014,31.40027777777778,19.15398148148148,1.2623064550781329,178.03333333333333,68.06773443114024,121.775,178.3,222.25,1089.0,2014.0,2354.04,2014.0,1350.0,2012
KARNATAKA,DHARWAD,CHICKPEA,RABI,0.5166755413592778,0.20777122254960037,17,2014,31.08392156862745,18.118725490196077,0.41767725258005817,135.35882352941175,59.652599050916564,99.8,117.8,159.0,3418.0,2014.0,2919.6,2014.0,3000.0,2012
KARNATAKA,DHARWAD,GROUNDNUT,KHARIF,0.7314506177648282,0.28560226893376983,18,2014,27.67638888888889,20.560138888888886,0.4391712607275266,454.15,127.25107765636362,378.0,460.5,516.375,3276.0,2014.0,4541.52,2014.0,3700.0,2012
KARNATAKA,DHARWAD,GROUNDNUT,RABI,1.06023807468836,0.1576642895693367,14,2011,31.127976190476186,18.138809523809524,1.4687477036879792,140.67142857142858,60.968912993822926,105.25,118.05,170.25,2862.0,2011.0,4541.52,2014.0,3700.0,2012
KARNATAKA,DHARWAD,MAIZE,KHARIF,2.5427459540361803,0.7045685606895067,18,2014,27.67638888888889,20.560138888888886,1.4273983704216238,454.15,127.25107765636362,378.0,460.5,516.375,1130.0,2014.0,1273.66,2014.0,1175.0,2012
KARNATAKA,DHARWAD,MAIZE,RABI,2.6659921936405016,0.46767409310809827,18,2014,31.107777777777773,18.15564814814815,1.5,139.72777777777776,60.76753008324676,101.1,118.05,170.25,1130.0,2014.0,1273.66,2014.0,1175.0,2012
KARNATAKA,DHARWAD,MAIZE,WHOLE YEAR,2.5966350897090034,0.6116514235041474,18,2014,30.597083333333337,19.549444444444443,1.5,700.7222222222222,144.30997093901135,649.0,699.15,779.775,1130.0,2014.0,1273.66,2014.0,1175.0,2012
KARNATAKA,DHARWAD,RICE,KHARIF,1.0317698331347842,0.48303669192329624,18,2014,27.67638888888889,20.560138888888886,1.1508291597935458,454.15,127.25107765636362,378.0,460.5,516.375,1102.0,2013.0,1195.71,2014.0,1265.0,2012
KARNATAKA,DHARWAD,RICE,WHOLE YEAR,3.185497875652091,0.4291929712005823,18,2014,30.597083333333337,19.549444444444443,1.5,700.7222222222222,144.30997093901135,649.0,699.15,779.775,1102.0,2013.0,1195.71,2014.0,1265.0,2012
KARNATAKA,DHARWAD,SORGHUM,KHARIF,0.847850656956889,0.24777701655139692,18,2014,27.67638888888889,20.560138888888886,1.0387111045568282,454.15,127.25107765636362,378.0,460.5,516.375,1974.0,2014.0,2266.91,2014.0,1510.0,2012
KARNATAKA,DHARWAD,SORGHUM,RABI,0.5928217125801736,0.21559822371912782,18,2014,31.107777777777773,18.15564814814815,0.2517387283146937,139.72777777777776,60.76753008324676,101.1,118.05,170.25,1974.0,2014.0,2266.91,2014.0,1510.0,2012
KARNATAKA,DHARWAD,SORGHUM,WHOLE YEAR,2.097936507936508,0.37435322573276714,5,2014,30.578999999999997,19.549999999999997,1.5,746.1800000000001,94.83919021164198,686.3,712.0,744.0,1974.0,2014.0,2266.91,2014.0,1510.0,2012
KARNATAKA,DHARWAD,WHEAT,RABI,0.6484423922687186,0.28028752691087805,18,2014,31.107777777777773,18.15564814814815,0.4975751133850577,139.72777777777776,60.76753008324676,101.1,118.05,170.25,1768.0,2014.0,2354.04,2014.0,1350.0,2012
KARNATAKA,HASSAN,CHICKPEA,RABI,0.5540695123686591,0.18198871425542051,17,2014,29.223725490196077,17.230294117647055,0.011852793741898494,237.88823529411764,109.23678914606185,156.0,216.9,313.49999999999994,4837.0,2014.0,2919.6,2014.0,3000.0,2012
KARNATAKA,HASSAN,GROUNDNUT,KHARIF,0.6897371938066708,0.22192967538855884,18,2014,26.135694444444443,19.198333333333334,0.8581765995195852,772.9944444444444,242.1906625494546,658.375,807.65,941.5,1184.5,1999.0,4541.52,2014.0,3700.0,2012
KARNATAKA,HASSAN,GROUNDNUT,RABI,1.0831065456780282,0.2713113656089318,14,2011,29.25583333333333,17.191071428571426,1.1355207894253998,272.2285714285714,112.62358974492406,197.475,244.0,370.125,1184.5,1999.0,4541.52,2014.0,3700.0,2012
KARNATAKA,HASSAN,MAIZE,KHARIF,3.404839723278157,0.7146919888902511,18,2014,26.135694444444443,19.198333333333334,0.0996595979761964,772.9944444444444,242.1906625494546,658.375,807.65,941.5,1390.0,2014.0,1273.66,2014.0,1175.0,2012
KARNATAKA,HASSAN,MAIZE,RABI,2.6449240681228936,0.5842202551394374,18,2014,29.272499999999997,17.25462962962963,0.7321811412748761,245.95000000000002,111.35803016555627,157.85,222.95,327.0,1390.0,2014.0,1273.66,2014.0,1175.0,2012
KARNATAKA,HASSAN,MAIZE,WHOLE YEAR,3.0672484559649034,0.6641322553266941,17,2014,28.710833333333333,18.403921568627453,1.4461460446247465,1175.929411764706,314.84686905840806,1005.0,1206.0,1436.0,1390.0,2014.0,1273.66,2014.0,1175.0,2012
KARNATAKA,HASSAN,RICE,KHARIF,2.5263941071451246,0.4476290862065431,18,2014,26.135694444444443,19.198333333333334,1.0119152405513243,772.9944444444444,242.1906625494546,658.375,807.65,941.5,1244.0,2014.0,1195.71,2014.0,1265.0,2012
KARNATAKA,HASSAN,RICE,RABI,2.385208506793866,0.6050177971240822,18,2014,29.272499999999997,17.25462962962963,1.5,245.95000000000002,111.35803016555627,157.85,222.95,327.0,1244.0,2014.0,1195.71,2014.0,1265.0,2012
KARNATAKA,HASSAN,RICE,WHOLE YEAR,2.8460982857971864,0.6042510445989688,18,2014,28.72023148148148,18.406111111111112,1.5,1198.6555555555556,320.3030701258203,1016.225,1210.25,1440.5,1244.0,2014.0,1195.71,2014.0,1265.0,2012
KARNATAKA,HASSAN,SORGHUM,KHARIF,1.1064837785976522,0.407024344915197,18,2014,26.135694444444443,19.198333333333334,0.01508067727704535,772.9944444444444,242.1906625494546,658.375,807.65,941.5,399.0,1997.0,2266.91,2014.0,1510.0,2012
KARNATAKA,HASSAN,SORGHUM,RABI,0.6765449803720448,0.20865583624191528,17,2013,29.282647058823528,17.24098039215686,0.09248347042526107,249.04705882352943,113.98336017620652,156.0,229.0,331.5,399.0,1997.0,2266.91,2014.0,1510.0,2012
KARNATAKA,KOLAR,CHICKPEA,RABI,0.6265518324346847,0.16077333413964837,10,2014,29.258166666666664,17.5305,0.0,231.03000000000003,113.79811607501341,191.875,218.65,266.32500000000005,1606.0,2005.0,2919.6,2014.0,3000.0,2012
KARNATAKA,KOLAR,GROUNDNUT,KHARIF,0.760307668158754,0.31673761885505847,18,2014,29.960972222222225,20.780555555555555,0.06526444624371218,375.57222222222225,92.64692500249699,297.925,387.0,441.5,3495.0,2014.0,4541.52,2014.0,3700.0,2012
KARNATAKA,KOLAR,GROUNDNUT,RABI,1.0584022874310794,0.27666546691245975,14,2011,29.222023809523808,17.386309523809523,1.1168338485699272,208.31428571428572,98.19512644292921,184.075,209.5,218.75,2385.0,2011.0,4541.52,2014.0,3700.0,2012
KARNATAKA,KOLAR,MAIZE,KHARIF,2.6440668039632405,0.7103771483552054,18,2014,29.960972222222225,20.780555555555555,0.9180093601796993,375.57222222222225,92.64692500249699,297.925,387.0,441.5,776.0,2009.0,1273.66,2014.0,1175.0,2012
KARNATAKA,KOLAR,MAIZE,RABI,2.755497201075168,0.48099641440840485,16,2014,29.301458333333333,17.5340625,1.5,215.55625,94.06845712033338,187.35,215.5,228.75,776.0,2009.0,1273.66,2014.0,1175.0,2012
KARNATAKA,KOLAR,MAIZE,WHOLE YEAR,2.9035362918143184,0.4849279206716654,18,2014,30.37541666666667,19.319537037037037,1.5,705.95,165.27931527817847,579.0,690.8,785.0,776.0,2009.0,1273.66,2014.0,1175.0,2012
KARNATAKA,KOLAR,RICE,KHARIF,2.122612194731622,0.35519017986172446,18,2014,29.960972222222225,20.780555555555555,1.2340290272460908,375.57222222222225,92.64692500249699,297.925,387.0,441.5,1638.0,2014.0,1195.71,2014.0,1265.0,2012
KARNATAKA,KOLAR,RICE,WHOLE YEAR,2.766697299354062,0.862387238199441,17,2013,30.343627450980392,19.28333333333333,1.4546115247158637,717.0058823529412,163.36120435475274,594.0,717.8,788.0,1143.0,2013.0,1195.71,2014.0,1265.0,2012
KARNATAKA,MANDYA,CHICKPEA,RABI,0.6247363547283609,0.1395999744569908,14,2014,30.285833333333333,18.389285714285712,0.35079607770000937,243.04285714285714,120.4963881634614,161.4,225.45,274.975,3000.0,,2919.6,2014.0,3000.0,2012
KARNATAKA,MANDYA,GROUNDNUT,KHARIF,0.7733161612000256,0.21132801946077232,18,2014,28.69166666666667,20.115833333333335,0.044329935097093404,299.95000000000005,108.70470118087593,179.25,320.0,384.45,2615.0,2010.0,4541.52,2014.0,3700.0,2012
KARNATAKA,MANDYA,GROUNDNUT,RABI,0.964757213321127,0.17556896553039947,14,2011,30.295714285714286,18.309761904761903,1.270812621561307,272.0785714285714,126.17290443350669,178.625,273.95000000000005,317.0,2615.0,2010.0,4541.52,2014.0,3700.0,2012
KARNATAKA,MANDYA,MAIZE,KHARIF,2.5425613035511923,0.8576057194986592,17,2014,28.71588235294118,20.139264705882354,0.3142048064261195,299.00588235294117,111.97414584731287,173.0,324.0,387.0,1005.0,2014.0,1273.66,2014.0,1175.0,2012
KARNATAKA,MANDYA,MAIZE,RABI,2.8891197912852267,0.5618435436811552,12,2014,30.29444444444444,18.48,1.4364035087719298,246.11666666666667,113.6753897834718,206.825,227.95,279.825,1005.0,2014.0,1273.66,2014.0,1175.0,2012
KARNATAKA,MANDYA,MAIZE,WHOLE YEAR,3.056291059130632,0.34902892020653636,13,2014,30.380448717948717,19.542820512820512,1.5,691.0307692307692,205.9909236860344,529.0,610.0,787.0,1005.0,2014.0,1273.66,2014.0,1175.0,2012
KARNATAKA,MANDYA,RICE,KHARIF,3.2467420022753077,0.3022434528192667,18,2014,28.69166666666667,20.115833333333335,1.2289083861595853,299.95000000000005,108.70470118087593,179.25,320.0,384.45,765.0,2008.0,1195.71,2014.0,1265.0,2012
KARNATAKA,MANDYA,RICE,RABI,2.804532422313319,0.6501159554080133,14,2014,30.317738095238095,18.420238095238094,1.5,274.0142857142857,113.23977187395747,222.64999999999998,240.5,297.75,765.0,2008.0,1195.71,2014.0,1265.0,2012
KARNATAKA,MANDYA,RICE,WHOLE YEAR,3.4008914428125796,0.558149770687046,18,2014,30.37875,19.465092592592594,1.5,717.8555555555555,183.5826732251623,605.8499999999999,699.5,823.25,765.0,2008.0,1195.71,2014.0,1265.0,2012
KARNATAKA,MANDYA,SORGHUM,KHARIF,1.076371918141037,0.41069167984620436,16,2014,28.6878125,20.110625,0.14744159367012621,288.35,107.89017255215292,172.0,303.3,379.35,399.0,1997.0,2266.91,2014.0,1510.0,2012
KARNATAKA,MANDYA,SORGHUM,RABI,0.5401609195402299,0.3177075077960464,5,2014,30.219666666666665,18.452333333333332,0.9270114942528735,296.98,131.46483179923064,226.9,229.0,276.0,1510.0,,2266.91,2014.0,1510.0,2012
KARNATAKA,MYSORE,CHICKPEA,RABI,0.5815164644199351,0.25808562024916415,17,2014,29.695882352941176,18.701274509803923,0.038112365263259,241.37647058823526,100.74904794470619,186.9,224.0,269.0,2181.0,2006.0,2919.6,2014.0,3000.0,2012
KARNATAKA,MYSORE,GROUNDNUT,KHARIF,0.738131814805609,0.18128277897002895,18,2014,27.438055555555554,19.95111111111111,0.11610047864021797,362.02777777777777,94.07453744117609,287.0,331.5,464.75,2832.0,2013.0,4541.52,2014.0,3700.0,2012
KARNATAKA,MYSORE,GROUNDNUT,RABI,1.035962464741182,0.27151454926174606,15,2012,29.74588888888889,18.685,1.404681127080315,254.19333333333333,110.6411862519473,184.0,241.4,315.5,1651.0,2012.0,4541.52,2014.0,3700.0,2012
KARNATAKA,MYSORE,MAIZE,KHARIF,3.3296186551460423,0.6731031542173819,18,2014,27.438055555555554,19.95111111111111,0.4615605277024348,362.02777777777777,94.07453744117609,287.0,331.5,464.75,1212.0,2014.0,1273.66,2014.0,1175.0,2012
KARNATAKA,MYSORE,MAIZE,RABI,2.550735955080685,0.6035813533518469,18,2014,29.74546296296296,18.72277777777778,1.4835160272380004,248.2444444444444,101.99182909730747,187.175,232.7,286.25,1212.0,2014.0,1273.66,2014.0,1175.0,2012
KARNATAKA,MYSORE,MAIZE,WHOLE YEAR,2.9303669748857173,0.5547481179274891,18,2014,29.46430555555556,19.576203703703705,1.5,787.55,154.15722779796263,728.1999999999999,787.0,874.5,1212.0,2014.0,1273.66,2014.0,1175.0,2012
KARNATAKA,MYSORE,RICE,KHARIF,3.096654127798508,0.23097517389273806,18,2014,27.438055555555554,19.95111111111111,1.2583262491121894,362.02777777777777,94.07453744117609,287.0,331.5,464.75,691.0,2013.0,1195.71,2014.0,1265.0,2012
KARNATAKA,MYSORE,RICE,RABI,2.406716576689449,0.38482100209642195,14,2013,29.770119047619044,18.699880952380955,1.5,261.6,99.76718282697355,192.75,247.7,286.25,691.0,2013.0,1195.71,2014.0,1265.0,2012
KARNATAKA,MYSORE,RICE,WHOLE YEAR,3.179265601295633,0.4574858664410263,18,2014,29.46430555555556,19.576203703703705,1.5,787.55,154.15722779796263,728.1999999999999,787.0,874.5,691.0,2013.0,1195.71,2014.0,1265.0,2012
KARNATAKA,MYSORE,SORGHUM,KHARIF,1.050600460478166,0.46198843034108417,18,2014,27.438055555555554,19.95111111111111,0.0708146509691,362.02777777777777,94.07453744117609,287.0,331.5,464.75,668.0,2007.0,2266.91,2014.0,1510.0,2012
KARNATAKA,MYSORE,SORGHUM,RABI,0.5870927868416118,0.17784256090618614,17,2014,29.742941176470588,18.714901960784314,1.1629938052727582,247.14117647058822,105.0199984456742,186.9,224.0,292.0,668.0,2007.0,2266.91,2014.0,1510.0,2012
KARNATAKA,MYSORE,SORGHUM,WHOLE YEAR,1.9087977189464338,0.5071173265272393,13,2013,29.46423076923077,19.54653846153846,1.5,797.7153846153846,162.43783347357763,727.5999999999999,791.0,875.0,668.0,2007.0,2266.91,2014.0,1510.0,2012
KARNATAKA,RAICHUR,CHICKPEA,RABI,0.5607291977596528,0.21743177267766142,17,2014,32.11235294117647,20.146568627450982,0.15185098031036176,158.03529411764706,157.93578972630172,81.0,101.0,157.7,2903.0,2012.0,2919.6,2014.0,3000.0,2012
KARNATAKA,RAICHUR,GROUNDNUT,KHARIF,0.5601219746552384,0.1354368144109506,18,2014,32.08097222222222,23.02375,1.4065360683122647,403.7388888888889,114.75827863966884,303.5,406.0,471.25,4361.0,2014.0,4541.52,2014.0,3700.0,2012
KARNATAKA,RAICHUR,GROUNDNUT,RABI,0.9010699710813804,0.17995342052950797,14,2011,32.14107142857143,20.145000000000003,1.4837645928005092,162.28571428571428,173.5811486447626,77.25,97.0,146.75,2944.0,2011.0,4541.52,2014.0,3700.0,2012
KARNATAKA,RAICHUR,MAIZE,KHARIF,2.838977398100059,0.7726660620162065,18,2014,32.08097222222222,23.02375,1.4698062758551105,403.7388888888889,114.75827863966884,303.5,406.0,471.25,776.0,2009.0,1273.66,2014.0,1175.0,2012
KARNATAKA,RAICHUR,MAIZE,RABI,2.90476989301684,0.5455051964345553,11,2014,32.16060606060606,20.28530303030303,1.5,146.5090909090909,190.11575134399283,72.35,91.0,117.75,776.0,2009.0,1273.66,2014.0,1175.0,2012
KARNATAKA,RAICHUR,MAIZE,WHOLE YEAR,2.813077180114907,0.5331980484680681,15,2013,33.09355555555556,21.93211111111111,1.5,616.8933333333333,218.89332844583276,458.0,573.0,732.45,776.0,2009.0,1273.66,2014.0,1175.0,2012
KARNATAKA,RAICHUR,RICE,KHARIF,3.1529806846329924,0.33857003534675006,18,2014,32.08097222222222,23.02375,1.4673579026152541,403.7388888888889,114.75827863966884,303.5,406.0,471.25,1921.0,2014.0,1195.71,2014.0,1265.0,2012
KARNATAKA,RAICHUR,RICE,WHOLE YEAR,2.8090857722857727,0.3566343803775549,18,2014,33.08097222222222,21.917731481481482,1.4757040482775963,619.4388888888889,198.85797515072343,494.75,595.0,694.3499999999999,1921.0,2014.0,1195.71,2014.0,1265.0,2012
KARNATAKA,RAICHUR,SORGHUM,KHARIF,0.9199208477055782,0.30977104869960953,17,2013,32.046617647058824,22.98985294117647,1.4446687904757631,401.86470588235295,118.0058311121556,294.0,396.0,480.0,2289.0,2012.0,2266.91,2014.0,1510.0,2012
KARNATAKA,RAICHUR,SORGHUM,RABI,0.9625165349341979,0.34340937699557944,18,2014,32.13361111111111,20.177777777777777,0.15790707512801405,156.42222222222222,153.37298464299587,83.5,103.75,155.02499999999998,2289.0,2012.0,2266.91,2014.0,1510.0,2012
KARNATAKA,RAICHUR,SORGHUM,WHOLE YEAR,1.9167007104299576,0.5638320709825712,16,2012,33.077083333333334,21.90984375,1.5,608.83125,208.24305580659023,475.5,576.5,667.45,2289.0,2012.0,2266.91,2014.0,1510.0,2012
KARNATAKA,RAICHUR,WHEAT,RABI,0.5085168107397744,0.21931216338165177,18,2014,32.13361111111111,20.177777777777777,0.3640041274997203,156.42222222222222,153.37298464299587,83.5,103.75,155.02499999999998,1611.0,2013.0,2354.04,2014.0,1350.0,2012
KARNATAKA,TUMKUR,CHICKPEA,RABI,0.5661116542906477,0.1567010174138899,17,2014,30.666274509803916,18.28186274509804,0.0845880991484304,196.93529411764706,80.98864072492258,146.0,166.1,236.0,3000.0,,2919.6,2014.0,3000.0,2012
KARNATAKA,TUMKUR,GROUNDNUT,KHARIF,0.5371313703886611,0.3409410490446489,18,2014,29.115833333333335,20.39638888888889,0.05413559617230566,365.70000000000005,103.61199112980289,258.05,385.0,442.5,4164.0,2014.0,4541.52,2014.0,3700.0,2012
KARNATAKA,TUMKUR,GROUNDNUT,RABI,1.291746502891833,0.2801245329835314,15,2012,30.71522222222222,18.259999999999998,1.1687288938813767,201.72,85.93396301812223,145.5,166.1,252.5,3202.0,2012.0,4541.52,2014.0,3700.0,2012
KARNATAKA,TUMKUR,MAIZE,KHARIF,2.255521326587808,0.47451532724413464,18,2014,29.115833333333335,20.39638888888889,0.3336022288119564,365.70000000000005,103.61199112980289,258.05,385.0,442.5,1302.0,2014.0,1273.66,2014.0,1175.0,2012
KARNATAKA,TUMKUR,MAIZE,RABI,2.464903989982694,0.7379514943488276,18,2014,30.713240740740744,18.30388888888889,1.5,198.66111111111113,78.91095606395923,148.125,170.75,234.0,1302.0,2014.0,1273.66,2014.0,1175.0,2012
KARNATAKA,TUMKUR,MAIZE,WHOLE YEAR,2.825081742761689,0.47761989494731694,18,2014,30.90740740740741,19.602268518518517,1.5,686.4388888888889,134.79163064823595,588.0,679.0,754.0,1302.0,2014.0,1273.66,2014.0,1175.0,2012
KARNATAKA,TUMKUR,RICE,KHARIF,2.663237526061113,0.244816246711141,18,2014,29.115833333333335,20.39638888888889,1.275524531054517,365.70000000000005,103.61199112980289,258.05,385.0,442.5,1054.0,2014.0,1195.71,2014.0,1265.0,2012
KARNATAKA,TUMKUR,RICE,RABI,2.5454007729674157,0.45470836347493027,18,2014,30.713240740740744,18.30388888888889,1.5,198.66111111111113,78.91095606395923,148.125,170.75,234.0,1054.0,2014.0,1195.71,2014.0,1265.0,2012
KARNATAKA,TUMKUR,RICE,WHOLE YEAR,3.180815583579086,0.5851687300740427,18,2014,30.90740740740741,19.602268518518517,1.5,686.4388888888889,134.79163064823595,588.0,679.0,754.0,1054.0,2014.0,1195.71,2014.0,1265.0,2012
KARNATAKA,TUMKUR,SORGHUM,KHARIF,0.9748387439338456,0.33484828966001534,17,2014,29.093529411764706,20.373529411764707,0.14721166267473754,370.9647058823529,104.28959644408731,252.0,392.0,448.0,500.0,2008.0,2266.91,2014.0,1510.0,2012
KARNATAKA,TUMKUR,SORGHUM,RABI,0.8125250650707344,0.3641959504207291,15,2014,30.72311111111111,18.298333333333332,0.5454529379809842,198.55333333333334,83.11368175720585,145.5,175.4,232.0,500.0,2008.0,2266.91,2014.0,1510.0,2012
KARNATAKA,TUMKUR,SORGHUM,WHOLE YEAR,1.838420319481102,0.3596734233728157,6,2014,30.987916666666667,19.64736111111111,1.4196165191740413,651.9,59.30207416271372,626.25,652.5999999999999,691.4000000000001,500.0,1999.0,2266.91,2014.0,1510.0,2012
KERALA,ALAPPUZHA,RICE,WHOLE YEAR,2.658666575502489,0.379990561840228,17,2014,31.124362745098043,23.931323529411763,0.9325044647352934,2729.011764705883,342.42044675068865,2565.4,2796.1,3053.0,1773.0,2014.0,1479.24,2014.0,1265.0,2012
KERALA,KANNUR,RICE,WHOLE YEAR,1.9207594414519449,0.18897063653643015,17,2014,30.382745098039216,22.584460784313727,1.1047382653121491,3297.1529411764704,436.5082790131922,3037.0,3422.5,3500.7000000000003,1800.0,2014.0,1479.24,2014.0,1265.0,2012
KERALA,KOLLAM,RICE,WHOLE YEAR,2.192169539361965,0.12909052304005542,17,2014,30.006911764705883,22.89245098039216,0.8190995679394848,2436.029411764706,326.29951686431036,2267.0,2505.6000000000004,2696.0,1900.0,2014.0,1479.24,2014.0,1265.0,2012
KERALA,KOTTAYAM,RICE,WHOLE YEAR,2.652853678280464,0.25465805684418646,17,2014,30.73475490196078,23.079460784313728,1.0806239570862302,3045.864705882353,468.6000626082657,2777.1000000000004,3039.0,3398.9,1850.0,2014.0,1479.24,2014.0,1265.0,2012
KERALA,KOZHIKODE,RICE,WHOLE YEAR,1.3863108069504815,0.1042863364247089,17,2014,30.15294117647059,22.27813725490196,1.2267410520962234,3352.176470588235,634.190624466938,2819.0,3348.2,3843.6,1700.0,2013.0,1479.24,2014.0,1265.0,2012
KERALA,MALAPPURAM,RICE,WHOLE YEAR,2.1759641777672987,0.2577927497731568,17,2014,30.451470588235292,22.168088235294118,0.5849693562751503,2693.0470588235294,452.182141284968,2279.8,2625.8000000000006,3031.9,1540.0,2014.0,1479.24,2014.0,1265.0,2012
KERALA,PALAKKAD,GROUNDNUT,KHARIF,0.7413855301495844,0.001846955640797045,12,2009,27.955416666666668,21.380416666666665,0.0,1521.7833333333335,439.28466817881286,1268.4,1421.05,1727.525,938.0,2005.0,,,3700.0,2012
KERALA,PALAKKAD,RICE,WHOLE YEAR,2.4105694280437215,0.26567277313718524,17,2014,30.007745098039216,21.177254901960783,0.530351391395297,2251.1352941176474,412.24733313445535,1883.7,2278.4999999999995,2455.2000000000003,1705.0,2014.0,1479.24,2014.0,1265.0,2012
KERALA,PALAKKAD,SORGHUM,KHARIF,0.509802651180436,0.0003836080717276322,12,2009,27.955416666666668,21.380416666666665,0.0,1521.7833333333335,439.28466817881286,1268.4,1421.05,1727.525,1510.0,,,,1510.0,2012
KERALA,THIRUVANANTHAPURAM,RICE,WHOLE YEAR,2.3485442761897506,0.23451681113336606,17,2014,29.84970588235294,23.1475,0.6059130490867363,1818.9176470588234,320.4234234479709,1518.3,1911.5,2052.7,1643.0,2014.0,1479.24,2014.0,1265.0,2012
KERALA,THRISSUR,RICE,WHOLE YEAR,2.4919125829470814,0.3423247212582876,17,2014,30.716813725490198,22.59926470588235,0.7940243748333733,2890.2999999999997,489.9460072293682,2529.7,2927.7000000000003,3142.6,1604.0,2014.0,1479.24,2014.0,1265.0,2012
MADHYA PRADESH,BALAGHAT,CHICKPEA,RABI,0.8526096345368085,0.07932699268798374,14,2013,29.256547619047616,14.584047619047618,0.0240086672478731,100.64285714285714,63.05102590863902,61.2,97.65,157.45,2388.0,2008.0,2928.41,2013.0,3000.0,2012
MADHYA PRADESH,BALAGHAT,GROUNDNUT,KHARIF,1.1493056269548962,0.3368151759738372,14,2013,30.868392857142858,23.438035714285714,0.7661936365411195,1346.8785714285714,269.32331779015067,1140.325,1331.9,1525.3,1324.0,2004.0,,,3700.0,2012
MADHYA PRADESH,BALAGHAT,MAIZE,KHARIF,1.6552231576548273,0.42744166599029076,14,2013,30.868392857142858,23.438035714285714,0.00016069419893941428,1346.8785714285714,269.32331779015067,1140.325,1331.9,1525.3,600.0,2012.0,1161.84,2013.0,1175.0,2012
MADHYA PRADESH,BALAGHAT,RICE,KHARIF,1.2682289632632782,0.30825815269518747,14,2013,30.868392857142858,23.438035714285714,0.5149266147293577,1346.8785714285714,269.32331779015067,1140.325,1331.9,1525.3,1175.0,2013.0,1134.09,2013.0,1265.0,2012
MADHYA PRADESH,BALAGHAT,SORGHUM,KHARIF,1.4367472248268214,0.24887126267003554,15,2013,30.963666666666665,23.53083333333333,0.02079439252336448,1321.8466666666668,277.0431706087561,1104.6000000000001,1278.9,1496.5,900.0,2009.0,1547.98,2013.0,1510.0,2012
MADHYA PRADESH,BALAGHAT,WHEAT,RABI,0.9339809585607323,0.22768194293669153,15,2013,29.191333333333333,14.600333333333333,0.564227684898777,127.53999999999999,120.5956751179032,62.6,125.5,164.55,1125.0,2008.0,1074.73,2013.0,1350.0,2012
MADHYA PRADESH,BETUL,CHICKPEA,RABI,0.666752055269727,0.2623406495646486,14,2013,29.853928571428572,14.87404761904762,0.32230192127398677,78.18571428571428,52.10644219941828,34.45,72.8,121.175,3030.0,2013.0,2928.41,2013.0,3000.0,2012
MADHYA PRADESH,BETUL,GROUNDNUT,KHARIF,1.110034161196339,0.22140187315536594,14,2013,30.056964285714287,22.864464285714288,0.0031105078611016784,991.9714285714286,301.7459589394093,771.9000000000001,964.9000000000001,1122.4,3099.0,2013.0,,,3700.0,2012
MADHYA PRADESH,BETUL,MAIZE,KHARIF,1.844274680930407,0.7005635827175167,14,2013,30.056964285714287,22.864464285714288,0.0,991.9714285714286,301.7459589394093,771.9000000000001,964.9000000000001,1122.4,1165.0,2013.0,1161.84,2013.0,1175.0,2012
MADHYA PRADESH,BETUL,RICE,KHARIF,1.1435997361433523,0.5994799180001427,14,2013,30.056964285714287,22.864464285714288,0.05137133699787048,991.9714285714286,301.7459589394093,771.9000000000001,964.9000000000001,1122.4,1616.0,2013.0,1134.09,2013.0,1265.0,2012
MADHYA PRADESH,BETUL,SORGHUM,KHARIF,0.954603477978037,0.31584256427916274,15,2013,30.148000000000003,22.953500000000002,0.0,982.5266666666666,293.06153051307615,796.0,952.2,1121.0,1296.0,2013.0,1547.98,2013.0,1510.0,2012
MADHYA PRADESH,BETUL,WHEAT,RABI,1.5360414765859292,0.3476089573222059,15,2013,29.79222222222222,14.883999999999999,0.9053997509146056,93.42666666666668,77.49481518754905,38.1,84.6,127.05,1469.0,2013.0,1074.73,2013.0,1350.0,2012
MADHYA PRADESH,BHIND,CHICKPEA,RABI,1.0805990790793536,0.22026385074754376,14,2013,28.736666666666668,13.203333333333333,0.07851890164462837,53.13571428571429,52.980484173860695,22.425,42.6,69.60000000000001,2650.0,2013.0,2928.41,2013.0,3000.0,2012
MADHYA PRADESH,BHIND,GROUNDNUT,KHARIF,0.8705357142857143,0.29892146993734725,8,2006,34.869375,27.19,0.3348214285714286,542.2375,195.87203503089174,380.24999999999994,441.35,731.25,3700.0,,,,3700.0,2012
MADHYA PRADESH,BHIND,MAIZE,KHARIF,1.6042110874200426,0.5929319529671684,7,2008,34.723571428571425,27.21535714285714,0.0,625.9428571428572,240.43439061514513,379.15,712.5999999999999,804.35,1175.0,,1161.84,2013.0,1175.0,2012
MADHYA PRADESH,BHIND,RICE,KHARIF,2.072633642837564,0.8839324530831467,14,2013,34.738035714285715,27.209107142857142,1.00009876592197,633.35,223.8837189600544,393.65,698.55,812.925,458.0,2012.0,1134.09,2013.0,1265.0,2012
MADHYA PRADESH,BHIND,SORGHUM,KHARIF,1.270481857794804,0.43864009536182175,15,2013,34.80433333333334,27.2545,0.0006634975098447467,616.0,225.96233567313192,381.04999999999995,694.9000000000001,804.35,1031.0,2012.0,1547.98,2013.0,1510.0,2012
MADHYA PRADESH,BHIND,WHEAT,RABI,2.227998016451848,0.7272035942033306,15,2013,28.579444444444444,13.131888888888888,0.9764543590446165,63.653333333333336,65.31264225320577,24.25,45.5,70.85,1457.0,2013.0,1074.73,2013.0,1350.0,2012
MADHYA PRADESH,CHHATARPUR,CHICKPEA,RABI,1.020282167429992,0.287281849665339,14,2013,29.314999999999998,13.489285714285716,0.44189012076102513,66.70714285714287,77.67106643042543,22.675,55.85,76.225,2388.0,2008.0,2928.41,2013.0,3000.0,2012
MADHYA PRADESH,CHHATARPUR,GROUNDNUT,KHARIF,0.7294310160954337,0.2608147766805788,14,2013,33.82232142857143,25.652142857142856,0.013346819763814093,922.5928571428573,288.6120485365079,773.65,892.95,996.5500000000001,1272.0,2004.0,,,3700.0,2012
MADHYA PRADESH,CHHATARPUR,MAIZE,KHARIF,0.8409219914393645,0.20011144242263695,14,2013,33.82232142857143,25.652142857142856,0.0,922.5928571428573,288.6120485365079,773.65,892.95,996.5500000000001,407.0,1997.0,1161.84,2013.0,1175.0,2012
MADHYA PRADESH,CHHATARPUR,RICE,KHARIF,0.6205172651535892,0.20991840021429659,14,2013,33.82232142857143,25.652142857142856,0.0,922.5928571428573,288.6120485365079,773.65,892.95,996.5500000000001,609.0,1999.0,1134.09,2013.0,1265.0,2012
MADHYA PRADESH,CHHATARPUR,SORGHUM,KHARIF,0.8299405672386092,0.2219226570462652,15,2013,33.90933333333333,25.733999999999998,0.005386936070026767,898.4333333333333,293.4320599551519,762.8499999999999,885.1000000000001,978.9000000000001,926.0,2009.0,1547.98,2013.0,1510.0,2012
MADHYA PRADESH,CHHATARPUR,WHEAT,RABI,1.7614402115594747,0.43280630016194166,15,2013,29.168999999999997,13.463555555555557,0.7942288885910874,74.53999999999999,80.7600484681097,23.25,56.3,77.30000000000001,1095.0,2008.0,1074.73,2013.0,1350.0,2012
MADHYA PRADESH,CHHINDWARA,CHICKPEA,RABI,1.4020253800441336,0.6727933030987505,14,2013,29.082261904761904,14.525714285714287,0.4449217621942698,96.32142857142857,69.79049063029707,40.95,83.3,143.0,2805.0,2013.0,2928.41,2013.0,3000.0,2012
MADHYA PRADESH,CHHINDWARA,GROUNDNUT,KHARIF,1.3431389022490645,0.4177534232130463,14,2013,30.103571428571428,22.968392857142856,0.012268447783470157,910.3571428571429,242.14749705431672,730.2,916.9000000000001,1081.4249999999997,2341.0,2012.0,,,3700.0,2012
MADHYA PRADESH,CHHINDWARA,MAIZE,KHARIF,2.296148572104759,0.5759880963569233,14,2013,30.103571428571428,22.968392857142856,0.0009116660369379928,910.3571428571429,242.14749705431672,730.2,916.9000000000001,1081.4249999999997,748.0,2012.0,1161.84,2013.0,1175.0,2012
MADHYA PRADESH,CHHINDWARA,RICE,KHARIF,0.919737093629809,0.6617398819985105,14,2013,30.103571428571428,22.968392857142856,0.0025874954233163143,910.3571428571429,242.14749705431672,730.2,916.9000000000001,1081.4249999999997,789.0,2008.0,1134.09,2013.0,1265.0,2012
MADHYA PRADESH,CHHINDWARA,SORGHUM,KHARIF,1.0425806498374746,0.3256989413792554,15,2013,30.195666666666668,23.057833333333335,8.406565360048e-05,923.6266666666667,238.93172804520262,769.5,937.2,1100.05,938.0,2013.0,1547.98,2013.0,1510.0,2012
MADHYA PRADESH,CHHINDWARA,SORGHUM,RABI,2.0709474387536106,1.0918624159332138,15,2012,29.005666666666666,14.53488888888889,0.05234567901234567,107.12666666666668,109.05530357619128,43.5,68.3,142.3,761.0,2009.0,1547.98,2013.0,1510.0,2012
MADHYA PRADESH,CHHINDWARA,WHEAT,RABI,1.9054186905180157,0.5406724226149296,15,2013,29.007,14.53588888888889,0.8413028398310548,119.88666666666667,113.36935757997061,43.5,98.3,148.3,1311.0,2013.0,1074.73,2013.0,1350.0,2012
MADHYA PRADESH,DAMOH,CHICKPEA,RABI,0.7659708981987418,0.23970903007811176,14,2013,29.44738095238095,14.523928571428572,0.36310709954614445,66.42857142857143,64.20460597629604,21.8,42.75,90.525,3136.0,2013.0,2928.41,2013.0,3000.0,2012
MADHYA PRADESH,DAMOH,GROUNDNUT,KHARIF,0.8981528868210704,0.20427522642540147,14,2013,32.56125,24.856785714285714,0.0,1093.2214285714285,306.6472721311809,847.1,1012.35,1300.05,3750.0,2013.0,,,3700.0,2012
MADHYA PRADESH,DAMOH,MAIZE,KHARIF,1.7015035143254433,0.42541735062654007,14,2013,32.56125,24.856785714285714,0.0,1093.2214285714285,306.6472721311809,847.1,1012.35,1300.05,815.0,2012.0,1161.84,2013.0,1175.0,2012
MADHYA PRADESH,DAMOH,RICE,KHARIF,0.6713940700965255,0.22143236820458617,14,2013,32.56125,24.856785714285714,0.05309935840392462,1093.2214285714285,306.6472721311809,847.1,1012.35,1300.05,1108.5,2012.0,1134.09,2013.0,1265.0,2012
MADHYA PRADESH,DAMOH,SORGHUM,KHARIF,1.2455225086973138,0.4463030544508759,15,2013,32.6565,24.94816666666667,0.0020898641588296737,1059.9866666666667,322.31068832653347,823.5500000000001,972.7,1283.5,1010.0,2009.0,1547.98,2013.0,1510.0,2012
MADHYA PRADESH,DAMOH,WHEAT,RABI,1.5120603073699228,0.2710732807281716,15,2013,29.31933333333333,14.50988888888889,0.6757399063736,76.19333333333334,72.51237792529598,24.4,45.6,108.25,1427.0,2013.0,1074.73,2013.0,1350.0,2012
MADHYA PRADESH,DATIA,CHICKPEA,RABI,1.2636005685194254,0.19089384868029577,14,2013,29.023690476190474,13.116190476190477,0.35719195507155127,45.58571428571429,52.568590463286185,9.725,33.35,55.2,3273.0,2013.0,2928.41,2013.0,3000.0,2012
MADHYA PRADESH,DATIA,GROUNDNUT,KHARIF,0.9470762304611632,0.2211090620585213,14,2013,34.67375,26.497142857142855,0.10550933261136983,710.4857142857143,271.218429873961,515.875,739.4000000000001,953.85,1739.0,2006.0,,,3700.0,2012
MADHYA PRADESH,DATIA,MAIZE,KHARIF,1.228554218012738,0.33303884237013887,14,2013,34.67375,26.497142857142855,0.008226976661807514,710.4857142857143,271.218429873961,515.875,739.4000000000001,953.85,755.0,2008.0,1161.84,2013.0,1175.0,2012
MADHYA PRADESH,DATIA,RICE,KHARIF,1.0869152407406406,0.3819938074086124,14,2013,34.67375,26.497142857142855,0.7433243302044744,710.4857142857143,271.218429873961,515.875,739.4000000000001,953.85,1225.0,2013.0,1134.09,2013.0,1265.0,2012
MADHYA PRADESH,DATIA,SORGHUM,KHARIF,0.9873588853559961,0.21287724374557346,15,2013,34.74166666666667,26.555666666666664,0.00118087314506196,704.38,262.4202496541977,522.95,636.4,930.2,1036.0,2013.0,1547.98,2013.0,1510.0,2012
MADHYA PRADESH,DATIA,WHEAT,RABI,2.259751174149931,0.4408315526967626,15,2013,28.852,13.066444444444445,0.9748264836958866,55.666666666666664,63.956633372785916,12.05,38.7,68.85,1486.0,2013.0,1074.73,2013.0,1350.0,2012
MADHYA PRADESH,DEWAS,CHICKPEA,RABI,1.0998004934250634,0.1836743881679537,14,2013,31.407142857142855,15.119642857142855,0.557973286378779,33.45,52.478534073100214,0.0,7.6,31.599999999999998,3308.0,2013.0,2928.41,2013.0,3000.0,2012
MADHYA PRADESH,DEWAS,GROUNDNUT,KHARIF,1.2152589535939398,0.28253928805447787,14,2013,31.707500000000003,23.74642857142857,0.0,884.842857142857,285.51923204598995,776.7499999999999,861.05,1126.7749999999999,2220.0,2006.0,,,3700.0,2012
MADHYA PRADESH,DEWAS,MAIZE,KHARIF,1.3847991850752197,0.3290466958611966,14,2013,31.707500000000003,23.74642857142857,0.0020299247547858855,884.842857142857,285.51923204598995,776.7499999999999,861.05,1126.7749999999999,1005.0,2013.0,1161.84,2013.0,1175.0,2012
MADHYA PRADESH,DEWAS,RICE,KHARIF,0.6295399181293104,0.10952144257019905,14,2013,31.707500000000003,23.74642857142857,0.0,884.842857142857,285.51923204598995,776.7499999999999,861.05,1126.7749999999999,609.0,1999.0,1134.09,2013.0,1265.0,2012
MADHYA PRADESH,DEWAS,SORGHUM,KHARIF,1.2370777918693474,0.26816395606435267,15,2013,31.783666666666665,23.820333333333334,0.00089102759483314,869.9333333333333,281.12754265296604,715.8999999999999,845.3,1088.9499999999998,1109.0,2013.0,1547.98,2013.0,1510.0,2012
MADHYA PRADESH,DEWAS,SORGHUM,RABI,1.8821577380952381,0.6576218321153495,8,2008,31.329166666666666,15.112708333333334,0.6949404761904762,60.9,78.7963559708551,0.0,16.5,124.05,880.0,2008.0,1547.98,2013.0,1510.0,2012
MADHYA PRADESH,DEWAS,WHEAT,RABI,2.2651998291940667,0.46521990756654386,15,2013,31.32411111111111,15.113444444444443,0.9763988887645798,44.63333333333333,66.58293074554969,0.0,9.2,78.25,1467.0,2013.0,1074.73,2013.0,1350.0,2012
MADHYA PRADESH,DHAR,CHICKPEA,RABI,0.8447492695023219,0.2329022205819686,14,2013,31.963809523809523,15.594999999999999,0.39353777546102353,35.52142857142857,50.15226321408143,1.675,10.9,56.775,3441.0,2013.0,2928.41,2013.0,3000.0,2012
MADHYA PRADESH,DHAR,GROUNDNUT,KHARIF,0.940752195592248,0.305936780446829,14,2013,31.707678571428573,23.741785714285715,0.01001996031434542,772.3928571428571,237.83274816328617,629.1999999999999,724.8499999999999,913.75,4349.0,2013.0,,,3700.0,2012
MADHYA PRADESH,DHAR,MAIZE,KHARIF,1.6552649572167932,0.7836899099657035,14,2013,31.707678571428573,23.741785714285715,0.023563674778622496,772.3928571428571,237.83274816328617,629.1999999999999,724.8499999999999,913.75,1255.0,2013.0,1161.84,2013.0,1175.0,2012
MADHYA PRADESH,DHAR,RICE,KHARIF,0.5786876213191007,0.15043974700841117,14,2013,31.707678571428573,23.741785714285715,0.0,772.3928571428571,237.83274816328617,629.1999999999999,724.8499999999999,913.75,418.0,1997.0,1134.09,2013.0,1265.0,2012
MADHYA PRADESH,DHAR,SORGHUM,KHARIF,0.8014572132359566,0.3788894736998402,15,2013,31.790833333333335,23.82283333333333,0.0008566903896940266,761.14,233.28845357502925,614.5,703.6999999999999,898.9000000000001,750.0,2009.0,1547.98,2013.0,1510.0,2012
MADHYA PRADESH,DHAR,SORGHUM,RABI,0.8680718453353498,0.34221749102716653,16,2013,31.9140625,15.61375,0.11761327018599949,34.675,47.697162738818484,2.0999999999999996,10.9,57.150000000000006,838.0,2011.0,1547.98,2013.0,1510.0,2012
MADHYA PRADESH,DHAR,WHEAT,RABI,2.080719131881873,0.5466900679042265,15,2013,31.898666666666664,15.597333333333331,0.9221840391779584,33.34,49.060863075513524,1.4,9.8,49.05,1428.0,2013.0,1074.73,2013.0,1350.0,2012
MADHYA PRADESH,GUNA,CHICKPEA,RABI,0.9344360147778816,0.2963830208585518,14,2013,30.23428571428571,13.768690476190475,0.4196154927753749,47.128571428571426,42.96276435332253,13.0,34.900000000000006,77.975,2471.0,2008.0,2928.41,2013.0,3000.0,2012
MADHYA PRADESH,GUNA,GROUNDNUT,KHARIF,1.474872305014209,0.34407649177888006,14,2013,32.81464285714286,24.608392857142857,0.0,862.2357142857143,225.5554395679282,731.975,876.2,907.5,1196.0,1997.0,,,3700.0,2012
MADHYA PRADESH,GUNA,MAIZE,KHARIF,1.3321296672334875,0.442436251605368,14,2013,32.81464285714286,24.608392857142857,0.00012158274870138571,862.2357142857143,225.5554395679282,731.975,876.2,907.5,765.0,2013.0,1161.84,2013.0,1175.0,2012
MADHYA PRADESH,GUNA,RICE,KHARIF,0.8490248386162261,0.31107515626440485,14,2013,32.81464285714286,24.608392857142857,0.2808823694751296,862.2357142857143,225.5554395679282,731.975,876.2,907.5,971.5,2012.0,1134.09,2013.0,1265.0,2012
MADHYA PRADESH,GUNA,SORGHUM,KHARIF,0.809614810751418,0.16195023567246197,15,2013,32.90183333333333,24.692833333333333,0.0,843.14,229.58877150244084,727.9000000000001,868.1,905.4000000000001,1270.0,2012.0,1547.98,2013.0,1510.0,2012
MADHYA PRADESH,GUNA,WHEAT,RABI,1.7778794153802575,0.8993559527327755,15,2013,30.105,13.741777777777777,0.6650510666741181,62.77333333333333,73.38484143459705,13.2,35.2,83.4,1151.0,2008.0,1074.73,2013.0,1350.0,2012
MADHYA PRADESH,GWALIOR,CHICKPEA,RABI,1.241225010140283,0.204566356415797,14,2013,28.94845238095238,12.862380952380951,0.23378113927157435,59.17857142857143,53.66726804431785,25.35,49.55,87.35,3465.0,2013.0,2928.41,2013.0,3000.0,2012
MADHYA PRADESH,GWALIOR,GROUNDNUT,KHARIF,1.0324549604213706,0.2786102285155002,14,2013,34.17232142857143,26.555714285714284,0.1533701471377587,675.1857142857143,147.74966279874502,526.9749999999999,696.55,806.8,5457.0,2013.0,,,3700.0,2012
MADHYA PRADESH,GWALIOR,MAIZE,KHARIF,2.1831114614045717,0.9444849233536224,13,2013,34.155,26.537307692307692,0.056085314519497394,665.2,148.78437417954885,490.19999999999993,681.6,807.4,1142.0,2013.0,1161.84,2013.0,1175.0,2012
MADHYA PRADESH,GWALIOR,RICE,KHARIF,2.019567014491316,0.5105553431868028,14,2013,34.17232142857143,26.555714285714284,0.9999751013664943,675.1857142857143,147.74966279874502,526.9749999999999,696.55,806.8,1200.0,2013.0,1134.09,2013.0,1265.0,2012
MADHYA PRADESH,GWALIOR,SORGHUM,KHARIF,1.9245722767381204,0.5113645677424231,15,2013,34.239000000000004,26.608666666666668,0.00012820512820512666,655.2866666666666,161.89583452978408,483.04999999999995,681.6,806.2,1207.0,2013.0,1547.98,2013.0,1510.0,2012
MADHYA PRADESH,GWALIOR,WHEAT,RABI,2.6520043937206084,0.52710792562898,15,2013,28.78022222222222,12.800888888888888,0.9733104306595994,69.89333333333335,66.30641497371629,26.4,54.5,91.5,1443.0,2013.0,1074.73,2013.0,1350.0,2012
MADHYA PRADESH,HOSHANGABAD,CHICKPEA,RABI,1.2345058419997295,0.1749511625550457,14,2013,30.042738095238093,15.343333333333334,1.2949752310151343,57.80714285714286,40.830389592627135,28.75,48.55,86.2,3283.0,2013.0,2928.41,2013.0,3000.0,2012
MADHYA PRADESH,HOSHANGABAD,GROUNDNUT,KHARIF,0.959920177207317,0.17000650338149761,13,2013,31.34423076923077,24.0775,0.0048685491723466385,1234.2692307692307,413.84588593786003,821.0,1146.7,1663.8,3700.0,,,,3700.0,2012
MADHYA PRADESH,HOSHANGABAD,MAIZE,KHARIF,1.7732365005300712,0.7545332890448279,14,2013,31.326964285714286,24.06625,0.006234899851921123,1222.0928571428572,400.21196972889965,879.625,1132.0,1585.175,461.5,2004.0,1161.84,2013.0,1175.0,2012
MADHYA PRADESH,HOSHANGABAD,RICE,KHARIF,1.6755809090170743,1.4459508294742751,14,2013,31.326964285714286,24.06625,0.4935741712949885,1222.0928571428572,400.21196972889965,879.625,1132.0,1585.175,1882.0,2013.0,1134.09,2013.0,1265.0,2012
MADHYA PRADESH,HOSHANGABAD,SORGHUM,KHARIF,1.264346045538944,0.34254255401857087,15,2013,31.415833333333335,24.152833333333334,0.2525269858793248,1230.3533333333332,386.97863703802756,938.25,1146.7,1506.55,1667.0,2013.0,1547.98,2013.0,1510.0,2012
MADHYA PRADESH,HOSHANGABAD,SORGHUM,RABI,1.9483499287049413,0.8303213190611268,15,2012,29.954,15.335,1.4821428571428572,65.02666666666667,56.45884046512704,31.799999999999997,49.3,84.4,1545.0,2012.0,1547.98,2013.0,1510.0,2012
MADHYA PRADESH,HOSHANGABAD,WHEAT,RABI,2.7490629121059045,0.7807855145640831,15,2013,29.961555555555556,15.342444444444444,1.4628376663593332,69.33999999999999,59.524302359864514,31.799999999999997,49.3,91.95,1497.0,2013.0,1074.73,2013.0,1350.0,2012
MADHYA PRADESH,INDORE,CHICKPEA,RABI,0.931357807517383,0.21101014378563926,14,2013,30.81452380952381,14.453452380952381,0.5329703251731097,53.82142857142857,54.59190104164407,6.975,44.3,79.07499999999999,3800.0,2013.0,2928.41,2013.0,3000.0,2012
MADHYA PRADESH,INDORE,GROUNDNUT,KHARIF,1.1671747072633336,0.2915516064063373,14,2013,30.791249999999998,22.84625,0.0,868.2785714285714,258.4210344456427,661.8499999999999,805.6500000000001,1028.6999999999998,3162.0,2013.0,,,3700.0,2012
MADHYA PRADESH,INDORE,MAIZE,KHARIF,1.3016791390834217,0.23311847391699972,14,2013,30.791249999999998,22.84625,0.001332560909374993,868.2785714285714,258.4210344456427,661.8499999999999,805.6500000000001,1028.6999999999998,1200.0,2013.0,1161.84,2013.0,1175.0,2012
MADHYA PRADESH,INDORE,RICE,KHARIF,0.5724772905608847,0.1503802904683617,12,2013,30.77125,22.79895833333333,0.0574712643678161,854.5916666666667,275.93838066539865,649.075,728.4,1031.15,1265.0,,1134.09,2013.0,1265.0,2012
MADHYA PRADESH,INDORE,SORGHUM,KHARIF,1.3400035881851937,0.23650596393494672,15,2013,30.868333333333336,22.921166666666668,0.0,859.9866666666666,251.08298248833614,669.1999999999999,747.1,1020.8,1170.0,2012.0,1547.98,2013.0,1510.0,2012
MADHYA PRADESH,INDORE,WHEAT,RABI,2.522686921792004,1.0151371960671143,15,2013,30.73922222222222,14.452333333333334,0.9162449148899489,60.14,58.01951395866739,8.05,54.7,91.3,1360.0,2013.0,1074.73,2013.0,1350.0,2012
MADHYA PRADESH,JABALPUR,CHICKPEA,RABI,1.0047571864701277,0.22927461348048767,14,2013,29.422500000000003,13.760119047619048,0.624538785501561,87.49285714285715,53.437705850769895,47.925000000000004,86.3,113.44999999999999,3151.0,2013.0,2928.41,2013.0,3000.0,2012
MADHYA PRADESH,JABALPUR,GROUNDNUT,KHARIF,1.2285861654993824,0.35028513509692255,13,2013,31.875384615384615,24.314615384615383,0.0,1204.4384615384615,337.22484472149426,958.4,1093.6,1385.9,3700.0,,,,3700.0,2012
MADHYA PRADESH,JABALPUR,MAIZE,KHARIF,1.6830233202790805,0.5636122276118293,14,2013,31.864642857142858,24.315535714285716,0.026134346800367875,1193.9071428571428,326.3825656738181,971.125,1075.3,1346.7250000000001,1205.0,2013.0,1161.84,2013.0,1175.0,2012
MADHYA PRADESH,JABALPUR,RICE,KHARIF,0.9255967745383227,0.39792998541374985,14,2013,31.864642857142858,24.315535714285716,0.2665236182448213,1193.9071428571428,326.3825656738181,971.125,1075.3,1346.7250000000001,507.0,2013.0,1134.09,2013.0,1265.0,2012
MADHYA PRADESH,JABALPUR,SORGHUM,KHARIF,1.313824424555307,0.3818560623073052,15,2013,31.9575,24.4045,0.0038030343447958497,1177.1666666666667,321.12343791905374,950.5999999999999,1057.0,1307.5500000000002,850.0,2013.0,1547.98,2013.0,1510.0,2012
MADHYA PRADESH,JABALPUR,WHEAT,RABI,1.8296826533209674,0.5318450992157651,15,2013,29.30788888888889,13.760111111111112,1.2016583686155824,107.45333333333333,92.88663495024971,48.25,89.1,125.7,1474.0,2013.0,1074.73,2013.0,1350.0,2012
MADHYA PRADESH,JHABUA,CHICKPEA,RABI,0.607297149844333,0.12879685456098453,14,2013,31.582976190476188,16.012738095238095,0.5497566922816562,33.23571428571428,41.51681044409059,2.85,13.1,53.275000000000006,2565.0,2011.0,2928.41,2013.0,3000.0,2012
MADHYA PRADESH,JHABUA,GROUNDNUT,KHARIF,0.9166045958658199,0.3392889395350367,14,2013,31.647142857142857,23.98785714285714,0.04820596128978113,838.8642857142858,341.15266739764394,597.875,863.5,1058.475,3776.0,2013.0,,,3700.0,2012
MADHYA PRADESH,JHABUA,MAIZE,KHARIF,1.4087854495639132,0.4861027826939267,14,2013,31.647142857142857,23.98785714285714,0.0771758060285637,838.8642857142858,341.15266739764394,597.875,863.5,1058.475,1166.0,2013.0,1161.84,2013.0,1175.0,2012
MADHYA PRADESH,JHABUA,RICE,KHARIF,0.5649589359228907,0.35706887749337785,14,2013,31.647142857142857,23.98785714285714,0.0,838.8642857142858,341.15266739764394,597.875,863.5,1058.475,623.5,2012.0,1134.09,2013.0,1265.0,2012
MADHYA PRADESH,JHABUA,SORGHUM,KHARIF,0.8194740254278785,0.24705800614232512,15,2013,31.731,24.069666666666667,0.0326913104745854,820.4733333333334,336.3708146560593,579.9,742.6,1051.85,650.0,2009.0,1547.98,2013.0,1510.0,2012
MADHYA PRADESH,JHABUA,SORGHUM,RABI,0.8115682474048934,0.21456578238134083,12,2013,31.46083333333333,15.959583333333335,1.5,41.93333333333333,43.57944330516257,5.4,31.4,68.425,603.0,2007.0,1547.98,2013.0,1510.0,2012
MADHYA PRADESH,JHABUA,WHEAT,RABI,1.8722203552026808,0.4617931365555342,15,2013,31.510444444444442,16.01211111111111,1.0342506291155098,35.90666666666666,41.32236452000066,3.1,18.9,61.6,1148.0,2011.0,1074.73,2013.0,1350.0,2012
MADHYA PRADESH,MANDLA,CHICKPEA,RABI,0.6412639048097456,0.12253318204369022,14,2013,29.20261904761905,13.30702380952381,0.022851854209221503,81.77857142857144,56.07703737608755,33.4,87.0,109.725,2388.0,2013.0,2928.41,2013.0,3000.0,2012
MADHYA PRADESH,MANDLA,GROUNDNUT,KHARIF,0.8184408184408184,0.2890536445810022,12,2013,30.851250000000004,23.24875,0.0,1236.2,225.7032806786177,1122.775,1243.3,1405.4,1574.0,2004.0,,,3700.0,2012
MADHYA PRADESH,MANDLA,MAIZE,KHARIF,1.4538540320500546,0.30403521103827036,14,2013,30.892500000000002,23.334642857142857,0.0,1220.1499999999999,214.128274818911,1122.3249999999998,1211.1999999999998,1378.0,800.0,2013.0,1161.84,2013.0,1175.0,2012
MADHYA PRADESH,MANDLA,RICE,KHARIF,0.6559615545739182,0.13753319533665576,14,2013,30.892500000000002,23.334642857142857,0.052559838760123614,1220.1499999999999,214.128274818911,1122.3249999999998,1211.1999999999998,1378.0,508.0,2013.0,1134.09,2013.0,1265.0,2012
MADHYA PRADESH,MANDLA,SORGHUM,KHARIF,0.8542698950335891,0.17662795742432572,15,2013,30.987000000000002,23.426,0.0,1192.1666666666667,233.07049720345702,1081.05,1207.7,1363.6,900.0,2009.0,1547.98,2013.0,1510.0,2012
MADHYA PRADESH,MANDLA,WHEAT,RABI,0.9720220144081058,0.4240154079390225,15,2013,29.10788888888889,13.321777777777777,0.33817129822693215,105.68666666666667,107.20994667784639,37.6,87.4,119.8,1400.0,2013.0,1074.73,2013.0,1350.0,2012
MADHYA PRADESH,MANDSAUR,CHICKPEA,RABI,0.7366542378670848,0.22197627642524692,14,2013,30.35095238095238,14.875,0.40434666472777364,25.707142857142856,28.011384067243757,4.175,17.75,26.775,3129.0,2013.0,2928.41,2013.0,3000.0,2012
MADHYA PRADESH,MANDSAUR,GROUNDNUT,KHARIF,0.9456604820602131,0.29913225637726754,14,2013,32.411071428571425,24.443392857142857,0.010899459471174783,807.0142857142857,244.05003540302917,689.825,761.15,879.0,3798.0,2013.0,,,3700.0,2012
MADHYA PRADESH,MANDSAUR,MAIZE,KHARIF,1.7390955742949123,0.5164930477291705,14,2013,32.411071428571425,24.443392857142857,0.0017847145700972385,807.0142857142857,244.05003540302917,689.825,761.15,879.0,1261.0,2013.0,1161.84,2013.0,1175.0,2012
MADHYA PRADESH,MANDSAUR,RICE,KHARIF,0.4981940144478844,0.15620580450918353,8,2006,32.5465625,24.539375,0.0,798.1500000000001,310.2175365771575,657.625,723.1,857.45,1265.0,,1134.09,2013.0,1265.0,2012
MADHYA PRADESH,MANDSAUR,SORGHUM,KHARIF,0.7668437273251775,0.28413274039942016,15,2013,32.48766666666667,24.517333333333333,0.0,797.3866666666667,238.11020517719064,682.2,740.1,857.8000000000001,1542.0,2013.0,1547.98,2013.0,1510.0,2012
MADHYA PRADESH,MANDSAUR,WHEAT,RABI,2.777954289278463,0.7707798038407396,15,2013,30.231777777777776,14.845333333333334,1.4587161962033486,35.21333333333334,45.652020244244966,4.65,18.7,42.65,1598.0,2013.0,1074.73,2013.0,1350.0,2012
MADHYA PRADESH,MORENA,CHICKPEA,RABI,1.2438324037234967,0.17875317637332644,14,2013,28.861428571428572,13.024404761904762,0.9921196040664455,34.285714285714285,31.750296355803027,16.475,27.15,43.125,3117.0,2013.0,2928.41,2013.0,3000.0,2012
MADHYA PRADESH,MORENA,GROUNDNUT,KHARIF,0.9567386303674851,0.18967786884437796,14,2013,34.450892857142854,27.048928571428572,0.027455393979866363,585.8214285714286,222.36076085279294,402.55,614.4,744.3499999999999,1640.0,2013.0,,,3700.0,2012
MADHYA PRADESH,MORENA,MAIZE,KHARIF,1.1343091730448793,0.2605409939291245,13,2013,34.42307692307692,27.048846153846153,0.0,579.6384615384616,230.18440266614334,371.3,602.9,770.3999999999999,407.0,1997.0,1161.84,2013.0,1175.0,2012
MADHYA PRADESH,MORENA,RICE,KHARIF,1.9934843999638243,0.5248847714090406,14,2013,34.450892857142854,27.048928571428572,1.4498626373626373,585.8214285714286,222.36076085279294,402.55,614.4,744.3499999999999,750.0,2002.0,1134.09,2013.0,1265.0,2012
MADHYA PRADESH,MORENA,SORGHUM,KHARIF,1.037152875860387,0.1674955362969273,15,2013,34.519999999999996,27.09916666666667,0.013351774758983343,580.2266666666667,215.36502059349863,433.80000000000007,602.9,718.3,1155.0,2013.0,1547.98,2013.0,1510.0,2012
MADHYA PRADESH,MORENA,WHEAT,RABI,2.951297720453047,0.5319136932613272,15,2013,28.700777777777777,12.951555555555556,1.4491909468203952,39.306666666666665,36.25224065324724,16.95,27.3,50.3,1025.0,2008.0,1074.73,2013.0,1350.0,2012
MADHYA PRADESH,NARSINGHPUR,CHICKPEA,RABI,1.0927211450259577,0.1654527105571712,14,2013,29.574285714285715,15.026071428571429,0.5892573586692833,72.61428571428571,66.09423176440946,34.7,64.9,85.125,2249.0,2011.0,2928.41,2013.0,3000.0,2012
MADHYA PRADESH,NARSINGHPUR,GROUNDNUT,KHARIF,1.9062015734594768,0.6940028157022379,12,2013,31.707083333333333,24.243333333333336,0.06055527178308431,1123.8416666666667,320.7033873402574,923.025,1000.0999999999999,1191.0,3700.0,,,,3700.0,2012
MADHYA PRADESH,NARSINGHPUR,MAIZE,KHARIF,2.0421383164763767,0.584434660978289,14,2013,31.740357142857142,24.322321428571428,0.0,1107.507142857143,299.5190875239987,928.55,1000.0999999999999,1088.4,407.0,1997.0,1161.84,2013.0,1175.0,2012
MADHYA PRADESH,NARSINGHPUR,RICE,KHARIF,1.0624863050598063,0.196222095026465,14,2013,31.740357142857142,24.322321428571428,0.07961881184943809,1107.507142857143,299.5190875239987,928.55,1000.0999999999999,1088.4,418.0,1997.0,1134.09,2013.0,1265.0,2012
MADHYA PRADESH,NARSINGHPUR,SORGHUM,KHARIF,1.7675488652423363,0.4969305365143422,15,2013,31.833000000000002,24.41166666666667,0.0,1109.9133333333334,288.77422438068584,929.2,1000.3,1116.0500000000002,924.0,2009.0,1547.98,2013.0,1510.0,2012
MADHYA PRADESH,NARSINGHPUR,WHEAT,RABI,2.6954499439746593,0.5616643680132175,15,2013,29.474666666666668,15.030222222222221,0.9794702174975253,79.08666666666666,68.44553482949226,40.2,67.0,93.6,1100.0,2011.0,1074.73,2013.0,1350.0,2012
MADHYA PRADESH,PANNA,CHICKPEA,RABI,0.7335327722657448,0.18986165831655494,14,2013,29.274880952380954,13.485119047619047,0.3404464629126928,65.4,67.45096224437653,17.0,44.15,113.4,3718.0,2013.0,2928.41,2013.0,3000.0,2012
MADHYA PRADESH,PANNA,GROUNDNUT,KHARIF,0.8273919160535853,0.2048520722841568,14,2013,33.028392857142855,25.208214285714288,0.21220376808251795,1034.7714285714287,422.37955666687975,732.0250000000001,1094.6,1319.65,1196.0,1997.0,,,3700.0,2012
MADHYA PRADESH,PANNA,MAIZE,KHARIF,0.9343096611659858,0.3013164502824042,14,2013,33.028392857142855,25.208214285714288,0.0,1034.7714285714287,422.37955666687975,732.0250000000001,1094.6,1319.65,1528.0,2013.0,1161.84,2013.0,1175.0,2012
MADHYA PRADESH,PANNA,RICE,KHARIF,0.5950488183567165,0.2477531508951686,14,2013,33.028392857142855,25.208214285714288,0.0655780712656099,1034.7714285714287,422.37955666687975,732.0250000000001,1094.6,1319.65,429.0,2001.0,1134.09,2013.0,1265.0,2012
MADHYA PRADESH,PANNA,SORGHUM,KHARIF,0.9762890517688695,0.300738660946753,15,2013,33.10883333333333,25.283166666666666,0.00017102787754403334,1008.9,419.16735832566235,675.5,1046.8,1304.8,1000.0,2012.0,1547.98,2013.0,1510.0,2012
MADHYA PRADESH,PANNA,WHEAT,RABI,1.2429406526677325,0.37010349922045693,15,2013,29.138333333333332,13.469444444444443,0.5196555091184842,75.81333333333333,76.49327577045736,19.5,47.9,142.55,1409.0,2013.0,1074.73,2013.0,1350.0,2012
MADHYA PRADESH,RAISEN,CHICKPEA,RABI,1.0607541608482347,0.2307085970071311,14,2013,29.64309523809524,15.52154761904762,0.5255061339601543,68.53571428571429,70.493083208353,10.725,34.0,126.85000000000001,3500.0,2013.0,2928.41,2013.0,3000.0,2012
MADHYA PRADESH,RAISEN,GROUNDNUT,KHARIF,1.2205181780707484,0.19095075720733318,13,2013,31.784423076923076,24.29576923076923,0.0,1093.4538461538461,278.46949747798413,910.1,1041.3000000000002,1181.0,3700.0,,,,3700.0,2012
MADHYA PRADESH,RAISEN,MAIZE,KHARIF,1.7079039808786198,0.4723874229256695,14,2013,31.762678571428573,24.2825,0.0,1095.0214285714285,267.6091241935677,914.775,1058.7,1164.8,743.0,2013.0,1161.84,2013.0,1175.0,2012
MADHYA PRADESH,RAISEN,RICE,KHARIF,0.7785702450984057,0.23556315946790413,14,2013,31.762678571428573,24.2825,0.23813877278629544,1095.0214285714285,267.6091241935677,914.775,1058.7,1164.8,750.0,2013.0,1134.09,2013.0,1265.0,2012
MADHYA PRADESH,RAISEN,SORGHUM,KHARIF,2.0098076023159526,0.3744067875041617,15,2013,31.854666666666667,24.37183333333333,0.0,1082.5733333333333,262.3425962544471,909.2,1041.3000000000002,1148.6,1100.0,2012.0,1547.98,2013.0,1510.0,2012
MADHYA PRADESH,RAISEN,WHEAT,RABI,1.7356173800195058,0.6448497789580226,15,2013,29.542555555555555,15.512,0.6804667594391599,82.11333333333333,85.90461376821776,12.25,46.8,134.15,1620.0,2013.0,1074.73,2013.0,1350.0,2012
MADHYA PRADESH,RAJGARH,CHICKPEA,RABI,0.9420493430186191,0.21495205115177363,14,2013,30.91547619047619,14.874404761904762,0.9871901242117929,34.59285714285714,33.94181592272087,7.775,18.9,65.775,3200.0,2012.0,2928.41,2013.0,3000.0,2012
MADHYA PRADESH,RAJGARH,GROUNDNUT,KHARIF,0.8827818308977744,0.28000027290292095,14,2013,32.54875,24.434464285714284,0.0,825.7071428571428,238.71905426281305,703.5250000000001,776.1,912.35,2146.0,2012.0,,,3700.0,2012
MADHYA PRADESH,RAJGARH,MAIZE,KHARIF,1.1890603210751114,0.5476048888757213,14,2013,32.54875,24.434464285714284,0.00015523849221195002,825.7071428571428,238.71905426281305,703.5250000000001,776.1,912.35,689.0,2012.0,1161.84,2013.0,1175.0,2012
MADHYA PRADESH,RAJGARH,RICE,KHARIF,0.6316394042604463,0.25360402994806397,14,2013,32.54875,24.434464285714284,0.0,825.7071428571428,238.71905426281305,703.5250000000001,776.1,912.35,500.0,2001.0,1134.09,2013.0,1265.0,2012
MADHYA PRADESH,RAJGARH,SORGHUM,KHARIF,0.9231254879819895,0.3340217624791763,15,2013,32.62566666666667,24.509,0.0,810.7333333333333,237.23306402495137,659.6500000000001,768.4000000000001,879.5999999999999,1118.0,2012.0,1547.98,2013.0,1510.0,2012
MADHYA PRADESH,RAJGARH,WHEAT,RABI,1.718764809081333,0.4719127505386721,15,2013,30.804555555555556,14.852555555555556,1.0650946772536727,48.24,62.15645926668788,8.15,20.1,71.5,1126.0,2011.0,1074.73,2013.0,1350.0,2012
MADHYA PRADESH,RATLAM,CHICKPEA,RABI,0.6587948392764568,0.16609240808353973,14,2013,30.683333333333334,15.274285714285714,0.3993850256838951,40.714285714285715,64.71400819871117,5.699999999999999,14.1,36.05,2309.0,2008.0,2928.41,2013.0,3000.0,2012
MADHYA PRADESH,RATLAM,GROUNDNUT,KHARIF,1.1836324840408765,0.2373602298518331,14,2013,31.591785714285717,23.825357142857143,0.0023809523809523786,868.1285714285714,333.7131873758833,615.05,838.25,996.625,1372.0,2007.0,,,3700.0,2012
MADHYA PRADESH,RATLAM,MAIZE,KHARIF,2.0520306869307814,0.6239404072802425,14,2013,31.591785714285717,23.825357142857143,0.017280161333745,868.1285714285714,333.7131873758833,615.05,838.25,996.625,844.0,2012.0,1161.84,2013.0,1175.0,2012
MADHYA PRADESH,RATLAM,RICE,KHARIF,0.7045749565676525,0.23397231969032456,14,2013,31.591785714285717,23.825357142857143,0.0,868.1285714285714,333.7131873758833,615.05,838.25,996.625,418.0,1997.0,1134.09,2013.0,1265.0,2012
MADHYA PRADESH,RATLAM,SORGHUM,KHARIF,1.5434239311833775,0.4294913662830483,14,2013,31.6675,23.900714285714287,0.0007368652446742643,841.2571428571429,337.6351255748993,615.05,792.55,986.975,730.0,2009.0,1547.98,2013.0,1510.0,2012
MADHYA PRADESH,RATLAM,SORGHUM,RABI,1.6005291005291005,0.6331257699152516,6,2013,30.759444444444444,15.329166666666666,0.42328042328042326,41.766666666666666,57.29044132022957,10.275,24.5,36.324999999999996,718.0,2008.0,1547.98,2013.0,1510.0,2012
MADHYA PRADESH,RATLAM,WHEAT,RABI,2.733468077211263,0.4022211708049275,15,2013,30.588555555555555,15.260666666666667,0.9492543724099264,48.166666666666664,68.71562170763406,6.8,14.1,36.45,1202.0,2008.0,1074.73,2013.0,1350.0,2012
MADHYA PRADESH,REWA,CHICKPEA,RABI,0.9809385549329489,0.22581916368899507,14,2013,29.013690476190476,13.896190476190474,0.06581645436581426,97.04285714285713,89.68816673757611,38.05,72.45,139.4,2356.0,2008.0,2928.41,2013.0,3000.0,2012
MADHYA PRADESH,REWA,GROUNDNUT,KHARIF,0.7419913419913419,0.3054007216258678,7,2013,33.48142857142857,26.049285714285713,0.0,1064.1857142857143,181.34265382208918,970.6,1138.0,1166.25,3700.0,,,,3700.0,2012
MADHYA PRADESH,REWA,MAIZE,KHARIF,0.8962756531399736,0.21303079710721848,14,2013,33.463928571428575,26.03875,0.0,947.4214285714286,196.0476401230124,807.825,908.4,1123.375,407.0,1997.0,1161.84,2013.0,1175.0,2012
MADHYA PRADESH,REWA,RICE,KHARIF,0.8375305089538748,0.4157222537981248,14,2013,33.463928571428575,26.03875,0.07753134984150666,947.4214285714286,196.0476401230124,807.825,908.4,1123.375,500.0,1999.0,1134.09,2013.0,1265.0,2012
MADHYA PRADESH,REWA,SORGHUM,KHARIF,0.7621422020214255,0.12302954342520106,15,2013,33.555166666666665,26.044,0.0,917.5133333333334,221.600441163391,783.0,885.4,1108.75,900.0,2009.0,1547.98,2013.0,1510.0,2012
MADHYA PRADESH,REWA,WHEAT,RABI,1.2973613471727774,0.4806983713369986,15,2013,28.89688888888889,13.876222222222223,0.5040192781120773,100.17333333333333,87.27196789893294,39.3,79.2,147.7,1168.0,2008.0,1074.73,2013.0,1350.0,2012
MADHYA PRADESH,SAGAR,CHICKPEA,RABI,0.7864598038733327,0.23753079760450707,14,2013,28.85904761904762,15.097261904761904,0.45048984629618954,70.27857142857142,53.52894513282479,28.424999999999997,59.349999999999994,104.45,3289.0,2013.0,2928.41,2013.0,3000.0,2012
MADHYA PRADESH,SAGAR,GROUNDNUT,KHARIF,0.7983201877367795,0.19028725674291885,14,2013,32.16625,24.451785714285712,0.001074922068150057,1125.0214285714285,376.58247677392905,905.925,959.2,1426.9499999999998,4275.0,2013.0,,,3700.0,2012
MADHYA PRADESH,SAGAR,MAIZE,KHARIF,1.3335107803650215,0.3846594556055247,14,2013,32.16625,24.451785714285712,0.0,1125.0214285714285,376.58247677392905,905.925,959.2,1426.9499999999998,900.0,2013.0,1161.84,2013.0,1175.0,2012
MADHYA PRADESH,SAGAR,RICE,KHARIF,0.542725615664822,0.09508454627471986,14,2013,32.16625,24.451785714285712,0.00031244737744082137,1125.0214285714285,376.58247677392905,905.925,959.2,1426.9499999999998,1300.0,2013.0,1134.09,2013.0,1265.0,2012
MADHYA PRADESH,SAGAR,SORGHUM,KHARIF,1.0970127144334825,0.2948782570592394,15,2013,32.264833333333335,24.546666666666667,0.0,1106.2866666666666,370.06706702331417,891.4,956.3,1285.3999999999999,1082.0,2013.0,1547.98,2013.0,1510.0,2012
MADHYA PRADESH,SAGAR,WHEAT,RABI,1.2254563172310096,0.38778177434890776,15,2013,28.733666666666668,15.083888888888888,0.6270701595463475,88.42,87.16278858713571,29.95,73.19999999999999,121.0,1561.0,2013.0,1074.73,2013.0,1350.0,2012
MADHYA PRADESH,SATNA,CHICKPEA,RABI,0.5623103891509899,0.10632576959367258,14,2013,29.175238095238093,13.36892857142857,0.333004659156643,70.25714285714285,65.21375166783005,23.799999999999997,40.400000000000006,113.375,3432.0,2012.0,2928.41,2013.0,3000.0,2012
MADHYA PRADESH,SATNA,GROUNDNUT,KHARIF,1.0824898892362025,0.328034138927821,12,2013,33.03375,25.3125,0.0,990.9083333333333,264.6107585881686,787.125,972.3499999999999,1129.1,1441.0,2004.0,,,3700.0,2012
MADHYA PRADESH,SATNA,MAIZE,KHARIF,1.0712000555168715,0.35318224440034923,14,2013,33.045,25.380357142857143,0.0,980.5428571428572,246.0782324455304,819.425,972.3499999999999,1095.15,407.0,1997.0,1161.84,2013.0,1175.0,2012
MADHYA PRADESH,SATNA,RICE,KHARIF,0.9194045217206483,0.6495311368459145,14,2013,33.045,25.380357142857143,0.019601913122017842,980.5428571428572,246.0782324455304,819.425,972.3499999999999,1095.15,1300.0,2013.0,1134.09,2013.0,1265.0,2012
MADHYA PRADESH,SATNA,SORGHUM,KHARIF,0.8191319976264915,0.180411859907708,15,2013,33.11033333333333,25.424166666666668,0.0,953.7,258.915546076322,766.75,963.8,1066.8,1012.0,2009.0,1547.98,2013.0,1510.0,2012
MADHYA PRADESH,SATNA,WHEAT,RABI,1.4454723872634294,0.7904443284166031,15,2013,29.04388888888889,13.363777777777777,0.5591721866009881,71.32666666666665,62.97791525228355,25.7,41.7,107.85,1315.0,2012.0,1074.73,2013.0,1350.0,2012
MADHYA PRADESH,SEHORE,CHICKPEA,RABI,0.9924800212877785,0.11997438231915837,14,2013,30.578214285714285,15.17797619047619,0.9152588670502899,62.84285714285714,46.28742501247736,16.75,68.3,105.2,2151.0,2008.0,2928.41,2013.0,3000.0,2012
MADHYA PRADESH,SEHORE,GROUNDNUT,KHARIF,0.991540434767843,0.2562129309127284,14,2013,31.618392857142858,23.861428571428572,0.0,941.3214285714286,368.42138954561966,682.55,923.25,1240.3999999999999,1196.0,1997.0,,,3700.0,2012
MADHYA PRADESH,SEHORE,MAIZE,KHARIF,1.4204451016140376,0.5615214044348632,14,2013,31.618392857142858,23.861428571428572,0.00028109290646085715,941.3214285714286,368.42138954561966,682.55,923.25,1240.3999999999999,700.0,2013.0,1161.84,2013.0,1175.0,2012
MADHYA PRADESH,SEHORE,RICE,KHARIF,1.0055775049447013,0.7983789871034319,14,2013,31.618392857142858,23.861428571428572,0.1889750282876566,941.3214285714286,368.42138954561966,682.55,923.25,1240.3999999999999,450.0,2001.0,1134.09,2013.0,1265.0,2012
MADHYA PRADESH,SEHORE,SORGHUM,KHARIF,1.5490641419068565,0.44768854514810846,15,2013,31.7015,23.942166666666665,0.009131581872062066,928.3933333333333,358.53318727971657,694.25,920.0,1210.0,1000.0,2009.0,1547.98,2013.0,1510.0,2012
MADHYA PRADESH,SEHORE,SORGHUM,RABI,1.7709781824289703,0.5890267112991017,13,2009,30.52846153846154,15.209999999999999,0.37444768518937743,81.44615384615385,65.85969449499717,64.3,74.8,109.2,1000.0,2009.0,1547.98,2013.0,1510.0,2012
MADHYA PRADESH,SEHORE,WHEAT,RABI,1.9778749759552394,0.3891061952918666,15,2013,30.487333333333332,15.16911111111111,1.2420783938074398,75.56666666666666,66.46742130726975,23.400000000000002,69.5,111.7,1148.0,2008.0,1074.73,2013.0,1350.0,2012
MADHYA PRADESH,SHAHDOL,CHICKPEA,RABI,0.48059611772839356,0.1436904784933495,14,2013,28.998809523809523,13.911190476190475,1.5,87.2642857142857,77.07598256209315,28.5,85.75,110.475,3525.0,2013.0,2928.41,2013.0,3000.0,2012
MADHYA PRADESH,SHAHDOL,GROUNDNUT,KHARIF,0.824382230051513,0.17363422918507074,14,2013,32.13892857142857,24.7175,0.29326926781750956,965.4928571428571,327.3808050016318,848.35,954.5,1118.75,1196.0,1997.0,,,3700.0,2012
MADHYA PRADESH,SHAHDOL,MAIZE,KHARIF,1.1404711700825056,0.29336685849596233,14,2013,32.13892857142857,24.7175,0.0830105355824508,965.4928571428571,327.3808050016318,848.35,954.5,1118.75,505.0,2003.0,1161.84,2013.0,1175.0,2012
MADHYA PRADESH,SHAHDOL,RICE,KHARIF,0.9389399425732449,0.5202444043788484,14,2013,32.13892857142857,24.7175,0.006578802030027375,965.4928571428571,327.3808050016318,848.35,954.5,1118.75,528.0,2012.0,1134.09,2013.0,1265.0,2012
MADHYA PRADESH,SHAHDOL,SORGHUM,KHARIF,0.9503088306128479,0.17748060755870992,15,2013,32.19616666666666,24.771666666666665,0.023091720861471356,941.9733333333334,328.35975146316633,822.8,942.2,1106.3999999999999,900.0,2009.0,1547.98,2013.0,1510.0,2012
MADHYA PRADESH,SHAHDOL,WHEAT,RABI,1.0627535640208305,0.6798019007406857,15,2013,28.904888888888888,13.908444444444445,1.176064642700528,98.57333333333332,86.22522390864077,35.0,88.3,117.6,1575.0,2013.0,1074.73,2013.0,1350.0,2012
MADHYA PRADESH,SHAJAPUR,CHICKPEA,RABI,0.8140132542586203,0.18067490698452832,14,2013,30.634642857142858,14.68654761904762,0.7589988668373814,34.107142857142854,29.426713773652736,14.25,24.900000000000002,46.074999999999996,3075.0,2013.0,2928.41,2013.0,3000.0,2012
MADHYA PRADESH,SHAJAPUR,GROUNDNUT,KHARIF,1.1040762887294462,0.2636488750388282,14,2013,31.83125,23.832857142857144,0.0,865.2214285714286,278.22147840157135,632.925,822.6499999999999,994.55,4929.0,2013.0,,,3700.0,2012
MADHYA PRADESH,SHAJAPUR,MAIZE,KHARIF,1.468980789029031,0.4909820058982719,14,2013,31.83125,23.832857142857144,0.0,865.2214285714286,278.22147840157135,632.925,822.6499999999999,994.55,1330.0,2013.0,1161.84,2013.0,1175.0,2012
MADHYA PRADESH,SHAJAPUR,RICE,KHARIF,0.5294444340264749,0.12746525032637168,14,2013,31.83125,23.832857142857144,0.0,865.2214285714286,278.22147840157135,632.925,822.6499999999999,994.55,418.0,1997.0,1134.09,2013.0,1265.0,2012
MADHYA PRADESH,SHAJAPUR,SORGHUM,KHARIF,1.305526661545153,0.2452508041122438,15,2013,31.9055,23.904833333333332,0.0,846.3733333333333,277.8612358371574,617.4,808.9,961.0,1372.0,2013.0,1547.98,2013.0,1510.0,2012
MADHYA PRADESH,SHAJAPUR,WHEAT,RABI,2.0859488860358923,0.3847155214338918,15,2013,30.534333333333333,14.671777777777779,0.9762563135878483,46.019999999999996,54.15553262858481,16.1,25.700000000000003,51.2,1491.0,2013.0,1074.73,2013.0,1350.0,2012
MADHYA PRADESH,SHIVPURI,CHICKPEA,RABI,1.05568127902194,0.21889974125046144,14,2013,29.37452380952381,13.164642857142857,0.5492215615408529,38.292857142857144,34.3618407379625,9.45,33.35,56.125,2952.0,2013.0,2928.41,2013.0,3000.0,2012
MADHYA PRADESH,SHIVPURI,GROUNDNUT,KHARIF,1.2591785960215316,0.36505993341111587,14,2013,33.54142857142857,25.3425,0.005078165411744329,716.7071428571428,203.53171540530036,601.7,712.8,812.1750000000001,3888.0,2013.0,,,3700.0,2012
MADHYA PRADESH,SHIVPURI,MAIZE,KHARIF,1.5837216587560032,0.45966007543149057,14,2013,33.54142857142857,25.3425,0.0006169056780039643,716.7071428571428,203.53171540530036,601.7,712.8,812.1750000000001,1026.0,2013.0,1161.84,2013.0,1175.0,2012
MADHYA PRADESH,SHIVPURI,RICE,KHARIF,1.0198369870739727,0.28774486614191475,14,2013,33.54142857142857,25.3425,0.5628315018845745,716.7071428571428,203.53171540530036,601.7,712.8,812.1750000000001,550.0,2001.0,1134.09,2013.0,1265.0,2012
MADHYA PRADESH,SHIVPURI,SORGHUM,KHARIF,0.749339906967611,0.2561440881750588,15,2013,33.6265,25.4235,0.0,711.36,197.21840250269315,609.6,711.3,800.45,1036.0,2012.0,1547.98,2013.0,1510.0,2012
MADHYA PRADESH,SHIVPURI,WHEAT,RABI,1.9971363631350907,0.5416049018166295,15,2013,29.21044444444444,13.121777777777778,0.9289558289368582,53.14666666666667,66.37719990076914,12.4,44.2,60.2,1177.0,2013.0,1074.73,2013.0,1350.0,2012
MADHYA PRADESH,SIDHI,CHICKPEA,RABI,0.505286797500886,0.10406124224835171,14,2013,28.761309523809526,13.91702380952381,0.0358557161094378,91.42142857142858,76.14125717346703,39.425000000000004,75.1,117.30000000000001,2650.0,2013.0,2928.41,2013.0,3000.0,2012
MADHYA PRADESH,SIDHI,GROUNDNUT,KHARIF,0.8893140169482882,0.24607583275711917,12,2013,32.68895833333333,25.368958333333335,0.0,986.3166666666666,257.47291766967135,750.05,1063.4,1164.75,3700.0,,,,3700.0,2012
MADHYA PRADESH,SIDHI,MAIZE,KHARIF,1.2625481702145582,0.2739509769859689,14,2013,32.753035714285716,25.417678571428574,0.0,1009.1,256.2843162763394,762.95,1063.4,1199.65,975.0,2013.0,1161.84,2013.0,1175.0,2012
MADHYA PRADESH,SIDHI,RICE,KHARIF,0.7746273590453175,0.329931584276178,14,2013,32.753035714285716,25.417678571428574,0.07708678323066981,1009.1,256.2843162763394,762.95,1063.4,1199.65,418.0,1997.0,1134.09,2013.0,1265.0,2012
MADHYA PRADESH,SIDHI,SORGHUM,KHARIF,0.9201043558547515,0.24192166511376662,15,2013,32.83533333333334,25.429333333333332,0.0,982.1533333333333,268.10808818903797,740.7,1026.0,1182.2,1154.0,2013.0,1547.98,2013.0,1510.0,2012
MADHYA PRADESH,SIDHI,WHEAT,RABI,1.0659496650052782,0.5729924490564785,15,2013,28.661,13.901666666666667,0.729842954122539,101.4,82.92745538808518,41.25,97.2,127.50000000000001,1400.0,2013.0,1074.73,2013.0,1350.0,2012
MADHYA PRADESH,TIKAMGARH,CHICKPEA,RABI,1.1554425821292729,0.35431262797504903,14,2013,29.202499999999997,13.547142857142857,0.8020957715948802,48.93571428571429,65.09200124726253,14.600000000000001,34.25,63.55,3183.0,2013.0,2928.41,2013.0,3000.0,2012
MADHYA PRADESH,TIKAMGARH,GROUNDNUT,KHARIF,1.2784412100174805,0.4054078980211133,14,2013,33.93125,25.68035714285714,0.722922177264629,821.8785714285714,256.7101723391919,705.65,802.3,1002.325,1333.5,2004.0,,,3700.0,2012
MADHYA PRADESH,TIKAMGARH,MAIZE,KHARIF,0.9574336255559628,0.3537005073593057,14,2013,33.93125,25.68035714285714,0.004650297619047615,821.8785714285714,256.7101723391919,705.65,802.3,1002.325,800.0,2008.0,1161.84,2013.0,1175.0,2012
MADHYA PRADESH,TIKAMGARH,RICE,KHARIF,0.5577058546980596,0.22359292612676404,14,2013,33.93125,25.68035714285714,0.0025258420277157784,821.8785714285714,256.7101723391919,705.65,802.3,1002.325,677.0,2002.0,1134.09,2013.0,1265.0,2012
MADHYA PRADESH,TIKAMGARH,SORGHUM,KHARIF,0.9931838283382644,0.3114971171694055,15,2013,34.03416666666667,25.779999999999998,0.0005185185185185133,803.8466666666666,257.0412525720522,625.15,783.3,983.55,877.0,2012.0,1547.98,2013.0,1510.0,2012
MADHYA PRADESH,TIKAMGARH,WHEAT,RABI,1.893379621669486,0.41753285502875653,15,2013,29.04877777777778,13.509777777777778,0.991590205302268,58.55333333333333,72.95071591410843,14.9,39.0,68.7,1395.0,2013.0,1074.73,2013.0,1350.0,2012
MADHYA PRADESH,UJJAIN,CHICKPEA,RABI,0.8109569447180521,0.17280896990233136,14,2013,30.56297619047619,14.689880952380951,0.5259353003877482,43.44285714285714,37.76921241690653,13.75,37.1,72.65,2572.0,2013.0,2928.41,2013.0,3000.0,2012
MADHYA PRADESH,UJJAIN,GROUNDNUT,KHARIF,1.2547072103077699,0.438757087553342,14,2013,31.367142857142856,23.46125,0.0,876.1214285714286,327.6426692850974,642.575,877.15,984.95,2828.0,2012.0,,,3700.0,2012
MADHYA PRADESH,UJJAIN,MAIZE,KHARIF,1.3103431194938848,0.4429583171460615,14,2013,31.367142857142856,23.46125,0.00178596617144095,876.1214285714286,327.6426692850974,642.575,877.15,984.95,1204.0,2013.0,1161.84,2013.0,1175.0,2012
MADHYA PRADESH,UJJAIN,RICE,KHARIF,0.5362573099415204,0.22468344066092852,9,2008,31.407500000000002,23.46777777777778,0.0,799.2444444444444,385.2231402418315,582.8,650.9000000000001,908.0,1265.0,,1134.09,2013.0,1265.0,2012
MADHYA PRADESH,UJJAIN,SORGHUM,KHARIF,0.9161036049640194,0.2902967867886828,15,2013,31.44183333333333,23.5335,0.0,859.8,321.99024386284924,635.55,846.3,982.7,1392.0,2013.0,1547.98,2013.0,1510.0,2012
MADHYA PRADESH,UJJAIN,WHEAT,RABI,2.217579787470936,0.6648730936064389,15,2013,30.46933333333333,14.677999999999999,0.9675794837695534,56.72,62.99886847056405,15.799999999999999,44.2,84.45,1380.0,2012.0,1074.73,2013.0,1350.0,2012
MADHYA PRADESH,VIDISHA,CHICKPEA,RABI,0.9946544048048807,0.23364433911688165,14,2013,29.47654761904762,14.66845238095238,0.505463945789352,57.214285714285715,43.06034865596917,28.525,57.4,83.0,2388.0,2012.0,2928.41,2013.0,3000.0,2012
MADHYA PRADESH,VIDISHA,GROUNDNUT,KHARIF,1.377105866114915,0.22497572731233348,14,2013,32.3075,24.429285714285715,0.0,1041.942857142857,215.6152260724778,898.6500000000001,991.3,1116.8999999999999,1593.0,2007.0,,,3700.0,2012
MADHYA PRADESH,VIDISHA,MAIZE,KHARIF,1.674236853392116,0.4459244814932882,14,2013,32.3075,24.429285714285715,0.0023612870940670216,1041.942857142857,215.6152260724778,898.6500000000001,991.3,1116.8999999999999,1000.0,2008.0,1161.84,2013.0,1175.0,2012
MADHYA PRADESH,VIDISHA,RICE,KHARIF,0.6559381221664492,0.1788936753162819,14,2013,32.3075,24.429285714285715,0.0,1041.942857142857,215.6152260724778,898.6500000000001,991.3,1116.8999999999999,418.0,1997.0,1134.09,2013.0,1265.0,2012
MADHYA PRADESH,VIDISHA,SORGHUM,KHARIF,1.3280918747210635,0.28323474876762655,15,2013,32.400999999999996,24.519833333333334,0.0,1021.52,222.31871973105893,867.25,954.8,1113.6999999999998,1036.0,2009.0,1547.98,2013.0,1510.0,2012
MADHYA PRADESH,VIDISHA,WHEAT,RABI,1.5525194844605845,0.24098195447951437,15,2013,29.358666666666668,14.649777777777778,0.5192459249423419,74.20666666666666,77.80016954321104,28.55,62.5,92.95,1411.0,2012.0,1074.73,2013.0,1350.0,2012
MAHARASHTRA,AHMEDNAGAR,CHICKPEA,RABI,0.6159519114101359,0.1313608638330494,16,2014,31.84958333333333,16.0153125,0.4979947240915869,89.4625,54.53244752744308,53.4,73.35000000000001,122.1,2979.0,2014.0,3401.88,2014.0,3000.0,2012
MAHARASHTRA,AHMEDNAGAR,GROUNDNUT,KHARIF,0.7407970757709144,0.11887702929765842,15,2014,30.613333333333333,21.882,1.3896103896103895,472.35999999999996,126.74165399403175,373.6,476.9,563.7,3275.0,2014.0,5783.84,2014.0,3700.0,2012
MAHARASHTRA,AHMEDNAGAR,GROUNDNUT,WHOLE YEAR,1.596646504684196,0.21711679683659668,13,2014,32.559871794871796,19.18224358974359,1.2182354195047835,573.6692307692308,140.98195738353297,500.50000000000006,591.2,641.5,3275.0,2014.0,5783.84,2014.0,3700.0,2012
MAHARASHTRA,AHMEDNAGAR,MAIZE,KHARIF,2.119745286859136,1.095203989422712,15,2014,30.5955,21.867666666666665,0.83358781376071,456.74666666666667,134.2353469878645,362.95000000000005,447.9,563.7,1193.0,2014.0,1993.66,2014.0,1175.0,2012
MAHARASHTRA,AHMEDNAGAR,MAIZE,RABI,1.7707179097003898,0.653441438323422,16,2014,31.878645833333334,16.077083333333334,0.7306130055798931,97.34375,66.29707855554422,53.4,73.35000000000001,146.17499999999998,1193.0,2014.0,1993.66,2014.0,1175.0,2012
MAHARASHTRA,AHMEDNAGAR,MAIZE,WHOLE YEAR,1.6177273736424647,0.4407806508981206,11,2014,32.53,19.165454545454544,1.3645833333333333,590.2272727272727,131.7929367675605,512.95,591.2,639.75,1193.0,2014.0,1993.66,2014.0,1175.0,2012
MAHARASHTRA,AHMEDNAGAR,RICE,KHARIF,0.876982446842226,0.5461474458813312,16,2014,30.59640625,21.86671875,0.027944500987542902,460.9,130.74347402451872,365.825,462.4,551.15,1503.0,2014.0,2237.11,2014.0,1265.0,2012
MAHARASHTRA,AHMEDNAGAR,SORGHUM,KHARIF,1.1035353535353536,0.4070825342292678,11,2008,30.45818181818182,21.740227272727275,1.5,476.45454545454544,142.22931739719743,373.6,476.9,590.0,694.0,2008.0,1951.96,2014.0,1510.0,2012
MAHARASHTRA,AHMEDNAGAR,SORGHUM,RABI,0.4304421166481084,0.1863981320602139,16,2014,31.878645833333334,16.077083333333334,0.262295945262394,97.34375,66.29707855554422,53.4,73.35000000000001,146.17499999999998,1794.0,2014.0,1951.96,2014.0,1510.0,2012
MAHARASHTRA,AHMEDNAGAR,WHEAT,RABI,1.5129988849336518,0.2970744907739886,17,2014,31.836568627450983,16.03441176470588,0.9351826944308282,98.37647058823529,64.33293800041085,53.9,73.4,143.7,1638.0,2014.0,1992.76,2014.0,1350.0,2012
MAHARASHTRA,AKOLA,CHICKPEA,RABI,0.6975652900618168,0.3010931518172999,16,2014,32.74489583333333,17.532291666666666,0.3123143066368066,96.5,75.35108050541368,39.95,62.0,163.0,2821.0,2014.0,3401.88,2014.0,3000.0,2012
MAHARASHTRA,AKOLA,GROUNDNUT,KHARIF,0.7375,0.25155764746872633,5,2005,32.4915,24.2515,1.1875,721.8599999999999,135.12265909165646,625.4,762.0999999999999,783.9,1313.0,2003.0,5783.84,2014.0,3700.0,2012
MAHARASHTRA,AKOLA,GROUNDNUT,WHOLE YEAR,1.3102797018728047,0.5054551986436794,13,2014,34.071474358974356,21.293205128205127,1.1410805534334947,863.3307692307692,229.01096547478312,742.1,833.8,944.0,3316.0,2014.0,5783.84,2014.0,3700.0,2012
MAHARASHTRA,AKOLA,MAIZE,KHARIF,2.015125448028674,0.7294430998452336,15,2014,32.47516666666667,24.203833333333332,0.23148148148148145,708.0666666666667,204.72961844019216,548.55,683.1,838.5999999999999,1234.0,2014.0,1993.66,2014.0,1175.0,2012
MAHARASHTRA,AKOLA,MAIZE,RABI,1.6041666666666665,0.8495446959849673,8,2011,32.851875,17.67791666666667,1.1,55.75,43.35379370448944,25.925,45.9,72.0,861.0,2011.0,1993.66,2014.0,1175.0,2012
MAHARASHTRA,AKOLA,SORGHUM,KHARIF,1.7019226061065942,0.5525486360233948,15,2014,32.47516666666667,24.203833333333332,0.0,708.0666666666667,204.72961844019216,548.55,683.1,838.5999999999999,1149.0,2014.0,1951.96,2014.0,1510.0,2012
MAHARASHTRA,AKOLA,SORGHUM,RABI,0.8440285204991088,0.28662469729912315,12,2011,32.865138888888886,17.699583333333333,0.0,78.59166666666667,73.9863802986534,26.675,46.3,120.0,791.0,2011.0,1951.96,2014.0,1510.0,2012
MAHARASHTRA,AKOLA,WHEAT,RABI,1.6336717622350063,0.4645816111362358,17,2014,32.70823529411764,17.54235294117647,1.3990177169491735,105.00588235294117,80.94982605438565,43.9,67.6,188.5,1470.0,2014.0,1992.76,2014.0,1350.0,2012
MAHARASHTRA,BHANDARA,CHICKPEA,RABI,0.5124058032137354,0.09711615204173617,16,2014,30.81625,16.4946875,0.15160379253324383,198.56875,227.44616863117307,54.35,138.05,171.325,2774.0,2014.0,3401.88,2014.0,3000.0,2012
MAHARASHTRA,BHANDARA,GROUNDNUT,KHARIF,0.9285714285714286,0.1889822365046136,7,2006,32.21964285714286,24.631785714285716,1.0,1289.5857142857144,476.95811286586945,1118.35,1223.8,1299.1,1311.0,2006.0,5783.84,2014.0,3700.0,2012
MAHARASHTRA,BHANDARA,GROUNDNUT,WHOLE YEAR,1.0909090909090908,0.37537859676477414,11,2013,32.969242424242424,20.852575757575757,1.0,1433.5,412.720583445992,1294.85,1348.4,1586.8,1365.0,2007.0,5783.84,2014.0,3700.0,2012
MAHARASHTRA,BHANDARA,MAIZE,KHARIF,1.7857142857142858,0.809173593712687,7,2007,32.408928571428575,24.82464285714286,0.0,943.342857142857,459.3116728944986,852.0999999999999,1057.1,1226.4,455.0,2007.0,1993.66,2014.0,1175.0,2012
MAHARASHTRA,BHANDARA,RICE,KHARIF,1.3556047263641897,0.37712044420316027,16,2014,32.35828125,24.7453125,1.082876686044711,1037.29375,613.3466355101874,863.25,1173.85,1322.25,1921.0,2014.0,2237.11,2014.0,1265.0,2012
MAHARASHTRA,BHANDARA,RICE,WHOLE YEAR,2.072408843597899,0.3822310178523835,13,2014,32.92820512820513,20.84878205128205,1.5,1448.2692307692307,382.8797861483754,1311.1999999999998,1381.1,1675.0,1921.0,2014.0,2237.11,2014.0,1265.0,2012
MAHARASHTRA,BHANDARA,SORGHUM,RABI,0.45679056584853683,0.22644495148630409,9,2006,30.8362962962963,16.510925925925925,0.0,181.07777777777778,172.89471346586757,76.80000000000001,143.0,164.4,507.0,2006.0,1951.96,2014.0,1510.0,2012
MAHARASHTRA,BHANDARA,WHEAT,RABI,0.9024370530845658,0.23617849349726208,16,2014,30.80635416666667,16.546666666666667,0.770683541200561,171.8,172.77282193678496,54.35,138.05,171.325,1418.0,2014.0,1992.76,2014.0,1350.0,2012
MAHARASHTRA,BULDHANA,CHICKPEA,RABI,0.7077835286800479,0.20927701633179455,16,2014,31.763125,17.5296875,0.2308206078666666,88.91875,67.36303851767181,34.875,73.4,137.125,2653.0,2014.0,3401.88,2014.0,3000.0,2012
MAHARASHTRA,BULDHANA,GROUNDNUT,KHARIF,0.6940329614498413,0.2695498821033768,14,2014,31.56589285714286,23.360892857142858,0.6583481877599525,652.8785714285715,194.24780041748983,536.3,580.7,801.8000000000001,3515.0,2014.0,5783.84,2014.0,3700.0,2012
MAHARASHTRA,BULDHANA,GROUNDNUT,WHOLE YEAR,1.060699043307739,0.28343037599218845,13,2014,33.057307692307695,20.915,0.9314814814814815,757.0538461538462,221.35887007069394,616.2999999999998,705.5,918.8,3515.0,2014.0,5783.84,2014.0,3700.0,2012
MAHARASHTRA,BULDHANA,MAIZE,KHARIF,1.9999882281014605,0.7109226131787848,15,2014,31.573666666666668,23.37066666666667,0.10472082302345598,661.8133333333334,185.67869662659845,550.1500000000001,589.0,788.1500000000001,1081.0,2014.0,1993.66,2014.0,1175.0,2012
MAHARASHTRA,BULDHANA,MAIZE,RABI,1.5780515317398531,0.756565540835157,16,2014,31.77552083333333,17.58625,0.928939393939394,97.58125,79.15007870074,34.875,73.4,144.075,1081.0,2014.0,1993.66,2014.0,1175.0,2012
MAHARASHTRA,BULDHANA,MAIZE,WHOLE YEAR,1.3179738562091503,0.3715860159991042,10,2014,32.971000000000004,20.868583333333333,1.375,864.55,184.86858545704544,703.3,853.65,1015.975,1081.0,2014.0,1993.66,2014.0,1175.0,2012
MAHARASHTRA,BULDHANA,RICE,KHARIF,0.7880952380952381,0.2634801106487603,6,2002,31.255,23.08375,0.7380952380952381,669.8833333333333,258.1520359529761,536.3,640.8,893.95,483.0,2002.0,2237.11,2014.0,1265.0,2012
MAHARASHTRA,BULDHANA,SORGHUM,KHARIF,1.5001533813018986,0.31903608984160925,15,2014,31.573666666666668,23.37066666666667,0.0,661.8133333333334,185.67869662659845,550.1500000000001,589.0,788.1500000000001,1226.0,2014.0,1951.96,2014.0,1510.0,2012
MAHARASHTRA,BULDHANA,SORGHUM,RABI,0.7810527067544213,0.26895338003834196,16,2014,31.77552083333333,17.58625,0.0,97.58125,79.15007870074,34.875,73.4,144.075,1226.0,2014.0,1951.96,2014.0,1510.0,2012
MAHARASHTRA,BULDHANA,WHEAT,RABI,1.496775465902375,0.38317571870325484,17,2014,31.72529411764706,17.534509803921566,0.9251875733691676,98.74705882352941,76.78732901370398,34.9,79.7,141.1,1452.0,2014.0,1992.76,2014.0,1350.0,2012
MAHARASHTRA,CHANDRAPUR,CHICKPEA,RABI,0.48146382868899995,0.1257521804705826,16,2014,31.594583333333333,16.940625,0.03422884305237244,105.33125,74.87028532735799,41.75,106.4,154.29999999999998,2813.0,2014.0,3401.88,2014.0,3000.0,2012
MAHARASHTRA,CHANDRAPUR,GROUNDNUT,WHOLE YEAR,1.35,0.47434164902525694,10,2012,33.52258333333333,21.216749999999998,1.1111111111111112,1154.86,288.114700153332,925.35,1196.6999999999998,1321.3,1338.0,2007.0,5783.84,2014.0,3700.0,2012
MAHARASHTRA,CHANDRAPUR,MAIZE,KHARIF,1.3818181818181818,0.5655393096362106,5,2009,32.7165,25.032,0.13636363636363635,808.2,182.34102665061434,650.9,864.3,943.7,449.0,2009.0,1993.66,2014.0,1175.0,2012
MAHARASHTRA,CHANDRAPUR,RICE,KHARIF,1.186606893828947,0.35740277697690304,16,2014,32.613125000000004,24.87609375,1.0264169049780973,1010.0125,279.76209148727304,830.6,995.4000000000001,1126.0500000000002,2050.0,2014.0,2237.11,2014.0,1265.0,2012
MAHARASHTRA,CHANDRAPUR,RICE,WHOLE YEAR,1.558815355375636,0.4244716498414277,13,2014,33.50525641025641,21.201282051282053,1.5,1183.1384615384616,328.8037371504505,924.5,1196.2,1338.3000000000002,2050.0,2014.0,2237.11,2014.0,1265.0,2012
MAHARASHTRA,CHANDRAPUR,SORGHUM,KHARIF,1.2380484777678797,0.8030763931127752,15,2014,32.5685,24.832833333333333,0.0,991.08,278.76986463491966,827.5,992.2,1071.95,1347.0,2014.0,1951.96,2014.0,1510.0,2012
MAHARASHTRA,CHANDRAPUR,SORGHUM,RABI,0.4013079126750983,0.09393637600373173,15,2014,31.671222222222223,17.05,0.0,101.58,74.73560253128548,39.800000000000004,103.5,151.25,1347.0,2014.0,1951.96,2014.0,1510.0,2012
MAHARASHTRA,CHANDRAPUR,WHEAT,RABI,0.7655493064570751,0.23696054472779685,16,2014,31.619791666666668,16.996875,0.3635664885481972,104.39375,74.38873990732736,41.75,106.4,154.29999999999998,1633.0,2014.0,1992.76,2014.0,1350.0,2012
MAHARASHTRA,DHULE,CHICKPEA,RABI,0.7870710613433582,0.2104832546586253,16,2014,33.39864583333333,16.203645833333333,0.8248696931364633,43.9625,46.98141299138061,6.7,28.8,74.95,3418.0,2014.0,3401.88,2014.0,3000.0,2012
MAHARASHTRA,DHULE,GROUNDNUT,KHARIF,0.6705788429585179,0.21430200529302554,15,2014,32.486333333333334,23.8835,0.4475195552070875,599.7066666666667,188.41771400900964,459.95000000000005,550.3,753.2,4227.0,2014.0,5783.84,2014.0,3700.0,2012
MAHARASHTRA,DHULE,GROUNDNUT,WHOLE YEAR,1.3300427943772317,0.2454876434741064,13,2014,34.27153846153846,20.193076923076923,1.299009900990099,669.5230769230768,211.78243220282366,536.4,598.1,847.5999999999999,4227.0,2014.0,5783.84,2014.0,3700.0,2012
MAHARASHTRA,DHULE,MAIZE,KHARIF,2.0553480883336213,0.6334710718903995,15,2014,32.46516666666667,23.86466666666667,0.24943559068495424,590.7533333333334,194.0401242256967,440.85,516.7,753.2,1174.0,2014.0,1993.66,2014.0,1175.0,2012
MAHARASHTRA,DHULE,MAIZE,RABI,2.3756151846238054,0.7795480088709902,16,2014,33.4025,16.250520833333333,0.978835978835979,52.49375,52.12726054250948,6.7,37.400000000000006,89.475,1174.0,2014.0,1993.66,2014.0,1175.0,2012
MAHARASHTRA,DHULE,MAIZE,WHOLE YEAR,1.0540123456790123,0.08959260407575752,9,2014,34.26888888888889,20.221203703703704,1.4166666666666667,712.4444444444445,213.56427083615318,573.7,621.3,921.1,1174.0,2014.0,1993.66,2014.0,1175.0,2012
MAHARASHTRA,DHULE,RICE,KHARIF,0.7881164429007642,0.36408490225967244,16,2014,32.4665625,23.86484375,0.25628669021069456,588.225,187.73317412398555,448.475,533.5,725.2,1605.0,2014.0,2237.11,2014.0,1265.0,2012
MAHARASHTRA,DHULE,SORGHUM,KHARIF,1.3115803231989942,0.40472950204693425,15,2014,32.46516666666667,23.86466666666667,0.012929140380371563,590.7533333333334,194.0401242256967,440.85,516.7,753.2,1567.0,2014.0,1951.96,2014.0,1510.0,2012
MAHARASHTRA,DHULE,SORGHUM,RABI,1.1353425201316198,0.330796852460467,16,2014,33.4025,16.250520833333333,0.044742525146530515,52.49375,52.12726054250948,6.7,37.400000000000006,89.475,1567.0,2014.0,1951.96,2014.0,1510.0,2012
MAHARASHTRA,DHULE,WHEAT,RABI,1.6557832605943261,0.3990968841916404,17,2014,33.36235294117647,16.20921568627451,1.2971499684356946,49.87647058823529,51.61274708601263,7.2,32.1,83.8,1531.0,2014.0,1992.76,2014.0,1350.0,2012
MAHARASHTRA,JALGAON,CHICKPEA,RABI,0.9504883059940996,0.1796514064794155,16,2014,33.335520833333334,16.7296875,0.8023510694306535,57.1875,57.16481289511349,12.875,31.200000000000003,114.7,3010.0,2014.0,3401.88,2014.0,3000.0,2012
MAHARASHTRA,JALGAON,GROUNDNUT,KHARIF,0.8265951910277293,0.19372455231570063,15,2014,32.893,24.063333333333333,0.8422155709834495,656.7266666666667,223.28052332265372,508.0,592.0,789.95,4059.0,2014.0,5783.84,2014.0,3700.0,2012
MAHARASHTRA,JALGAON,GROUNDNUT,WHOLE YEAR,1.2862457866168913,0.20880818807131057,13,2014,34.476858974358976,20.66673076923077,0.9692307692307691,740.8,240.15216009855087,595.4,653.5,929.4,4059.0,2014.0,5783.84,2014.0,3700.0,2012
MAHARASHTRA,JALGAON,MAIZE,KHARIF,2.4138317464013426,0.7750686178134396,15,2014,32.84433333333333,24.017833333333332,0.1843668868218539,669.6666666666666,220.77359982786072,509.54999999999995,607.6,789.95,1163.0,2014.0,1993.66,2014.0,1175.0,2012
MAHARASHTRA,JALGAON,MAIZE,RABI,2.2148260041442405,0.7057138827102195,16,2014,33.33989583333334,16.778645833333336,1.0004545454545455,64.8875,57.7882095817708,18.3,47.3,120.69999999999999,1163.0,2014.0,1993.66,2014.0,1175.0,2012
MAHARASHTRA,JALGAON,MAIZE,WHOLE YEAR,2.36810422858612,2.4636040575921263,10,2014,34.41108333333333,20.643166666666666,1.0409211398277005,818.4399999999999,216.34919921275423,649.0,759.2,932.925,1163.0,2014.0,1993.66,2014.0,1175.0,2012
MAHARASHTRA,JALGAON,RICE,KHARIF,0.9892429193899782,0.2695024536389859,12,2009,32.771875,23.950416666666666,0.11036838978015448,683.7666666666668,226.11537414391447,517.0,601.35,780.85,780.0,2009.0,2237.11,2014.0,1265.0,2012
MAHARASHTRA,JALGAON,SORGHUM,KHARIF,1.9180778563611887,0.300054522520678,15,2014,32.84433333333333,24.017833333333332,0.30638969771691593,669.6666666666666,220.77359982786072,509.54999999999995,607.6,789.95,1386.0,2014.0,1951.96,2014.0,1510.0,2012
MAHARASHTRA,JALGAON,SORGHUM,RABI,1.3982220099313176,0.2255104120767262,16,2014,33.33989583333334,16.778645833333336,0.3918493125760373,64.8875,57.7882095817708,18.3,47.3,120.69999999999999,1386.0,2014.0,1951.96,2014.0,1510.0,2012
MAHARASHTRA,JALGAON,WHEAT,RABI,1.9528628508222312,0.3625864327249114,17,2014,33.29676470588236,16.734313725490196,0.9612314520345713,61.294117647058826,57.881521993079055,15.9,38.2,118.6,1441.0,2014.0,1992.76,2014.0,1350.0,2012
MAHARASHTRA,KOLHAPUR,CHICKPEA,RABI,0.8594113906446481,0.18527091586174338,16,2014,30.300208333333334,16.717187499999998,0.25531940439234146,126.1625,67.27783067251795,94.0,115.4,173.025,3532.0,2014.0,3401.88,2014.0,3000.0,2012
MAHARASHTRA,KOLHAPUR,GROUNDNUT,KHARIF,1.5371594032475417,0.2557216684423574,15,2014,26.3885,20.3105,0.1696662724365399,1763.986666666667,403.90271789604185,1479.35,1705.4,1828.4499999999998,2880.0,2014.0,5783.84,2014.0,3700.0,2012
MAHARASHTRA,KOLHAPUR,GROUNDNUT,WHOLE YEAR,2.524018439215332,0.3143210897334175,13,2014,29.650576923076926,18.711602564102563,0.941304347826087,1936.3692307692306,412.7746103799978,1625.6,1842.8000000000004,2132.3,2880.0,2014.0,5783.84,2014.0,3700.0,2012
MAHARASHTRA,KOLHAPUR,MAIZE,KHARIF,1.8151346041604441,0.7255592893866537,15,2014,26.379833333333334,20.305166666666665,0.557002185415229,1651.1666666666667,366.63756464596446,1445.0500000000002,1557.3000000000002,1787.6499999999999,1423.0,2014.0,1993.66,2014.0,1175.0,2012
MAHARASHTRA,KOLHAPUR,MAIZE,RABI,2.2712548655185825,0.7005778621220485,16,2014,30.329583333333332,16.7775,0.45454632383561294,133.74375,72.08211954662082,94.0,120.35,177.625,1423.0,2014.0,1993.66,2014.0,1175.0,2012
MAHARASHTRA,KOLHAPUR,MAIZE,WHOLE YEAR,2.0862597402597403,0.5724864725302353,10,2014,29.626916666666666,18.700083333333332,1.3522727272727273,1899.6299999999999,355.0231386825371,1642.3,1867.2000000000003,2081.15,1423.0,2014.0,1993.66,2014.0,1175.0,2012
MAHARASHTRA,KOLHAPUR,RICE,KHARIF,2.597804328428789,0.2897115582547326,15,2014,26.3885,20.3105,0.1754854398408943,1763.986666666667,403.90271789604185,1479.35,1705.4,1828.4499999999998,1670.0,2014.0,2237.11,2014.0,1265.0,2012
MAHARASHTRA,KOLHAPUR,RICE,WHOLE YEAR,2.8263125763125765,0.47325803943497735,13,2014,29.63474358974359,18.693717948717946,1.5,1872.5538461538463,422.4852830087391,1618.9,1743.8,1927.7,1670.0,2014.0,2237.11,2014.0,1265.0,2012
MAHARASHTRA,KOLHAPUR,SORGHUM,KHARIF,1.8841380479352776,0.3268536010460525,14,2014,26.36982142857143,20.29375,0.23888475132055526,1699.0928571428574,328.1146972636848,1472.625,1631.3500000000001,1794.375,2460.0,2014.0,1951.96,2014.0,1510.0,2012
MAHARASHTRA,KOLHAPUR,SORGHUM,RABI,1.3963732871868129,0.21044610623660742,16,2014,30.329583333333332,16.7775,0.1981204015994001,133.74375,72.08211954662082,94.0,120.35,177.625,2460.0,2014.0,1951.96,2014.0,1510.0,2012
MAHARASHTRA,KOLHAPUR,WHEAT,RABI,2.104404308028531,0.2686895624107521,17,2014,30.31254901960784,16.760882352941177,0.9759668337948108,132.38823529411764,70.01663090253041,99.9,120.1,173.10000000000002,2183.0,2014.0,1992.76,2014.0,1350.0,2012
MAHARASHTRA,NAGPUR,CHICKPEA,RABI,0.6492590031145562,0.11787207169681072,16,2014,30.950520833333336,16.366041666666668,0.35210317141671055,91.7625,58.13137850306551,42.375,73.4,148.10000000000002,2642.0,2014.0,3401.88,2014.0,3000.0,2012
MAHARASHTRA,NAGPUR,GROUNDNUT,KHARIF,0.7283322494676769,0.2158500370394163,15,2014,32.261,24.2985,0.20888424865625185,900.3666666666667,195.20341283121147,768.55,856.6,1026.65,3184.0,2014.0,5783.84,2014.0,3700.0,2012
MAHARASHTRA,NAGPUR,GROUNDNUT,WHOLE YEAR,1.4294039294039296,0.5809851946402755,13,2014,33.04294871794872,20.60974358974359,1.0645833333333334,1043.7,216.06553789687666,867.6999999999999,1024.7,1155.0,3184.0,2014.0,5783.84,2014.0,3700.0,2012
MAHARASHTRA,NAGPUR,MAIZE,KHARIF,1.8928571428571428,0.6844023622158192,14,2014,32.167678571428574,24.193928571428575,0.0,886.0214285714285,196.50895136617305,760.875,853.2,995.8,1056.0,2014.0,1993.66,2014.0,1175.0,2012
MAHARASHTRA,NAGPUR,RICE,KHARIF,1.216131998002683,0.23438711600008255,16,2014,32.2521875,24.2934375,0.6357556851309191,889.4875,193.54012805272882,750.575,853.2,1016.775,1984.0,2014.0,2237.11,2014.0,1265.0,2012
MAHARASHTRA,NAGPUR,RICE,WHOLE YEAR,1.8030092592592595,0.24022838674162417,12,2013,32.94888888888889,20.54048611111111,1.5,1069.5333333333333,232.50796011137228,963.55,1046.5,1198.575,1560.0,2013.0,2237.11,2014.0,1265.0,2012
MAHARASHTRA,NAGPUR,SORGHUM,KHARIF,0.838237951337359,0.1702679240666674,15,2014,32.211,24.254,0.0,876.4666666666667,192.94274008726256,747.95,849.8,984.7,1428.0,2014.0,1951.96,2014.0,1510.0,2012
MAHARASHTRA,NAGPUR,SORGHUM,RABI,0.4685379022872325,0.17181145176808724,16,2014,30.956979166666667,16.429375,0.0,106.81875000000001,99.34487551789809,42.375,73.4,148.10000000000002,1428.0,2014.0,1951.96,2014.0,1510.0,2012
MAHARASHTRA,NAGPUR,WHEAT,RABI,1.1293604524974261,0.2591335140999563,16,2014,30.938645833333332,16.411041666666666,0.8426711267676086,112.775,100.83360220349827,42.375,90.55000000000001,154.775,1594.0,2014.0,1992.76,2014.0,1350.0,2012
MAHARASHTRA,NANDED,CHICKPEA,RABI,0.677323159037277,0.2132508712249656,16,2014,32.09885416666667,17.853437500000002,0.47088990260753294,78.05,67.80638121396343,28.45,55.1,125.95,2919.0,2014.0,3401.88,2014.0,3000.0,2012
MAHARASHTRA,NANDED,GROUNDNUT,KHARIF,0.5121794871794871,0.19827424962076662,13,2012,32.36826923076923,23.680576923076924,1.3636363636363635,681.1692307692308,164.0728516270308,586.9,705.8999999999999,789.4,2500.0,2012.0,5783.84,2014.0,3700.0,2012
MAHARASHTRA,NANDED,GROUNDNUT,WHOLE YEAR,1.1034541426097597,0.2672886606890438,13,2014,33.56391025641025,21.201538461538462,0.951,822.6153846153846,191.19729272034616,684.7,787.5000000000001,883.0,3781.0,2014.0,5783.84,2014.0,3700.0,2012
MAHARASHTRA,NANDED,MAIZE,KHARIF,0.9482683982683983,0.39747515347422,11,2014,32.47931818181818,23.764772727272728,0.4603174603174603,632.0909090909091,185.1661656704348,485.05,618.0,723.05,1208.0,2014.0,1993.66,2014.0,1175.0,2012
MAHARASHTRA,NANDED,MAIZE,RABI,1.622954822954823,0.7695290448194819,13,2014,32.21333333333333,18.017307692307693,0.645408163265306,68.2923076923077,68.12037704850707,25.6,52.0,100.6,1208.0,2014.0,1993.66,2014.0,1175.0,2012
MAHARASHTRA,NANDED,MAIZE,WHOLE YEAR,1.0134680134680134,0.05938371725406487,9,2014,33.5013888888889,21.15212962962963,1.0,866.9111111111112,250.77760288971405,675.3000000000001,787.5000000000001,1140.7,1208.0,2014.0,1993.66,2014.0,1175.0,2012
MAHARASHTRA,NANDED,RICE,KHARIF,0.5172248174629859,0.2368023342586376,16,2014,32.390625,23.70125,0.06866150118224774,689.0625,182.57445193673726,576.1,706.0999999999999,793.25,921.0,2014.0,2237.11,2014.0,1265.0,2012
MAHARASHTRA,NANDED,SORGHUM,KHARIF,1.0886111433915808,0.30560323571974934,15,2014,32.36966666666667,23.682000000000002,0.04686503630450412,682.3733333333333,186.94205926920117,565.3,705.8999999999999,794.9,1252.0,2014.0,1951.96,2014.0,1510.0,2012
MAHARASHTRA,NANDED,SORGHUM,RABI,0.8300294439231739,0.1547965282581095,16,2014,32.17104166666667,17.957916666666666,0.1923106021388623,89.25625000000001,77.66614851400836,28.45,62.0,144.20000000000002,1252.0,2014.0,1951.96,2014.0,1510.0,2012
MAHARASHTRA,NANDED,WHEAT,RABI,1.2083908079108987,0.2704891706725602,17,2014,32.09941176470588,17.88558823529412,0.9354973602468742,87.18235294117648,75.68451984466604,29.4,56.2,143.20000000000002,1491.0,2014.0,1992.76,2014.0,1350.0,2012
MAHARASHTRA,OSMANABAD,CHICKPEA,RABI,0.572745409635508,0.17697343927617967,16,2014,32.155208333333334,17.356145833333333,0.43429919960460167,84.76875,54.0543642240538,53.425,79.0,111.1,2777.0,2014.0,3401.88,2014.0,3000.0,2012
MAHARASHTRA,OSMANABAD,GROUNDNUT,KHARIF,0.4796952733528779,0.15622091276898378,15,2014,31.176833333333335,21.472166666666666,0.5562632255618537,585.2333333333333,172.5044416267372,450.6,556.2,659.75,3210.0,2014.0,5783.84,2014.0,3700.0,2012
MAHARASHTRA,OSMANABAD,GROUNDNUT,WHOLE YEAR,1.09582189407306,0.3673240520958253,13,2014,32.99878205128205,19.911987179487177,1.207344627391263,693.2,208.04450645635103,568.3,636.9,736.2000000000002,3210.0,2014.0,5783.84,2014.0,3700.0,2012
MAHARASHTRA,OSMANABAD,MAIZE,KHARIF,0.7576191959103865,0.2802266474192839,15,2014,31.165833333333335,21.4645,0.2303618302677119,557.3533333333332,166.7088602781451,438.0,541.7,628.25,1162.0,2014.0,1993.66,2014.0,1175.0,2012
MAHARASHTRA,OSMANABAD,MAIZE,RABI,1.6720929376581553,0.8805243148205295,10,2014,32.204833333333326,17.461333333333336,1.4,73.64,44.613729824896836,49.075,77.75,97.925,1162.0,2014.0,1993.66,2014.0,1175.0,2012
MAHARASHTRA,OSMANABAD,MAIZE,WHOLE YEAR,1.0066758241758242,0.3165387336196355,10,2014,32.99825,19.927666666666667,1.4821428571428572,686.58,219.46705548770746,581.4749999999999,629.6999999999999,709.675,1162.0,2014.0,1993.66,2014.0,1175.0,2012
MAHARASHTRA,OSMANABAD,RICE,KHARIF,0.35035620756463304,0.13908172181427936,16,2014,31.161562500000002,21.458437500000002,0.1476542045977531,573.35,173.30132140292528,440.65,548.95,648.075,888.0,2014.0,2237.11,2014.0,1265.0,2012
MAHARASHTRA,OSMANABAD,SORGHUM,KHARIF,0.7189780619267412,0.25778201563560965,15,2014,31.165833333333335,21.4645,0.7499835756206902,557.3533333333332,166.7088602781451,438.0,541.7,628.25,1497.0,2014.0,1951.96,2014.0,1510.0,2012
MAHARASHTRA,OSMANABAD,SORGHUM,RABI,0.6311211116025777,0.24557806510487323,16,2014,32.21270833333333,17.4459375,0.33674441433954255,92.40625,54.80460404929499,62.050000000000004,90.35,122.8,1497.0,2014.0,1951.96,2014.0,1510.0,2012
MAHARASHTRA,OSMANABAD,WHEAT,RABI,0.8791882215268156,0.36136816286082674,17,2014,32.14921568627451,17.382058823529412,1.1651154973186248,88.88235294117646,55.017511249761625,55.6,87.5,120.1,1722.0,2014.0,1992.76,2014.0,1350.0,2012
MAHARASHTRA,PARBHANI,CHICKPEA,RABI,0.580227121043468,0.10445219829742529,16,2014,32.59947916666667,17.218541666666667,0.4870844433236638,101.4125,90.03586600164773,49.224999999999994,64.35,116.35000000000001,2843.0,2014.0,3401.88,2014.0,3000.0,2012
MAHARASHTRA,PARBHANI,GROUNDNUT,KHARIF,0.6212121212121212,0.30813875924572515,11,2013,32.42909090909091,23.08318181818182,1.3333333333333333,804.3181818181819,255.6182732833544,640.9000000000001,846.6,856.85,3790.0,2013.0,5783.84,2014.0,3700.0,2012
MAHARASHTRA,PARBHANI,GROUNDNUT,WHOLE YEAR,0.980091974741109,0.21957884237824152,13,2014,33.90987179487179,20.650384615384613,1.2288805892727461,956.7769230769231,256.96666176064605,817.8,968.4,1017.0,3790.0,2014.0,5783.84,2014.0,3700.0,2012
MAHARASHTRA,PARBHANI,MAIZE,KHARIF,0.9963902025047536,0.4324572077570664,15,2014,32.587833333333336,23.236333333333334,0.6887524240465417,718.5933333333334,270.1115311090869,557.2,697.6000000000001,849.7,1201.0,2014.0,1993.66,2014.0,1175.0,2012
MAHARASHTRA,PARBHANI,MAIZE,RABI,1.6307407407407408,0.7172635531679522,15,2013,32.67988888888889,17.286222222222225,1.2541666666666667,109.9,97.17900272913162,45.15,66.5,166.3,1000.0,2013.0,1993.66,2014.0,1175.0,2012
MAHARASHTRA,PARBHANI,MAIZE,WHOLE YEAR,1.1833333333333331,0.3113094605804867,10,2014,33.86475,20.61808333333333,1.5,894.1299999999999,198.19498844432076,787.275,928.35,990.375,1201.0,2014.0,1993.66,2014.0,1175.0,2012
MAHARASHTRA,PARBHANI,RICE,KHARIF,0.3626301784598039,0.1480549772093485,15,2013,32.5225,23.171166666666668,0.07405351625476082,768.74,268.94204580169315,585.8999999999999,796.0999999999999,856.85,913.0,2013.0,2237.11,2014.0,1265.0,2012
MAHARASHTRA,PARBHANI,SORGHUM,KHARIF,1.1257379857085192,0.2860486408652567,15,2014,32.587833333333336,23.236333333333334,0.16074182115500074,718.5933333333334,270.1115311090869,557.2,697.6000000000001,849.7,1413.0,2014.0,1951.96,2014.0,1510.0,2012
MAHARASHTRA,PARBHANI,SORGHUM,RABI,0.6947846058534537,0.18307978794935317,16,2014,32.651354166666664,17.30270833333333,0.150436589992039,106.6625,94.77276595450122,49.224999999999994,64.35,137.35,1413.0,2014.0,1951.96,2014.0,1510.0,2012
MAHARASHTRA,PARBHANI,WHEAT,RABI,1.3033374539719438,0.3043619584551207,17,2014,32.5843137254902,17.234803921568627,1.3767788198311102,108.63529411764705,92.12313730258316,53.3,66.5,140.20000000000002,1450.0,2014.0,1992.76,2014.0,1350.0,2012
MAHARASHTRA,PUNE,CHICKPEA,RABI,0.6946937021594528,0.11624619492350813,16,2014,31.100312499999998,15.621354166666666,0.48474944920175855,88.64375,62.319563207177026,37.400000000000006,81.1,120.5,3006.0,2014.0,3401.88,2014.0,3000.0,2012
MAHARASHTRA,PUNE,GROUNDNUT,KHARIF,1.0146294880260094,0.19704641918881996,15,2014,28.772,21.504,0.2747563616215352,789.5666666666667,205.5746394401614,631.6999999999999,723.4,906.6500000000001,2744.0,2014.0,5783.84,2014.0,3700.0,2012
MAHARASHTRA,PUNE,GROUNDNUT,WHOLE YEAR,1.8629347131984488,0.22767081783874016,13,2014,31.24679487179487,18.692371794871793,1.343190084302182,907.676923076923,230.08966786105424,690.6,910.5,1106.4,2744.0,2014.0,5783.84,2014.0,3700.0,2012
MAHARASHTRA,PUNE,MAIZE,KHARIF,2.1583216418827837,0.8146134897306506,15,2014,28.758666666666667,21.49416666666667,1.0980461711165244,763.24,184.03666870646032,631.6999999999999,723.4,883.2,1295.0,2014.0,1993.66,2014.0,1175.0,2012
MAHARASHTRA,PUNE,MAIZE,RABI,2.261588137534542,0.827308711986816,16,2014,31.125208333333333,15.678854166666666,0.9887367828606168,97.5625,74.17470256091357,37.400000000000006,81.1,127.325,1295.0,2014.0,1993.66,2014.0,1175.0,2012
MAHARASHTRA,PUNE,MAIZE,WHOLE YEAR,2.0447945496446924,1.1944174731387764,11,2014,31.220909090909092,18.679848484848485,1.4083333333333332,942.6727272727272,176.59654068474327,845.1,972.5,1056.8500000000001,1295.0,2014.0,1993.66,2014.0,1175.0,2012
MAHARASHTRA,PUNE,RICE,KHARIF,1.260741663099747,0.28617686019146227,16,2014,28.765,21.49875,0.09855656773978412,785.6999999999999,199.20530782754426,642.0,725.55,897.625,1527.0,2014.0,2237.11,2014.0,1265.0,2012
MAHARASHTRA,PUNE,SORGHUM,KHARIF,0.9325863520260071,0.31349770710068586,15,2014,28.758666666666667,21.49416666666667,1.5,763.24,184.03666870646032,631.6999999999999,723.4,883.2,2095.0,2014.0,1951.96,2014.0,1510.0,2012
MAHARASHTRA,PUNE,SORGHUM,RABI,0.5220678838990767,0.12642375566150982,16,2014,31.125208333333333,15.678854166666666,0.2645847491379189,97.5625,74.17470256091357,37.400000000000006,81.1,127.325,2095.0,2014.0,1951.96,2014.0,1510.0,2012
MAHARASHTRA,PUNE,WHEAT,RABI,1.6252796575117852,0.3064032475525514,17,2014,31.095686274509802,15.649019607843135,0.8221330523969618,98.10588235294118,71.85428371527543,40.2,90.5,124.4,1944.0,2014.0,1992.76,2014.0,1350.0,2012
MAHARASHTRA,RATNAGIRI,GROUNDNUT,KHARIF,0.8538461538461538,0.29330128030003727,13,2012,28.471153846153847,23.61269230769231,1.3636363636363635,3141.2538461538466,405.0246733541564,2879.3,3056.8,3350.8,3700.0,,5783.84,2014.0,3700.0,2012
MAHARASHTRA,RATNAGIRI,GROUNDNUT,WHOLE YEAR,2.18,0.5133285233059878,10,2007,30.185750000000002,22.427416666666666,1.35,3384.81,413.1161430719775,3086.4500000000003,3419.5,3682.6749999999997,3700.0,,5783.84,2014.0,3700.0,2012
MAHARASHTRA,RATNAGIRI,MAIZE,RABI,2.25,0.8864052604279183,8,2011,30.442916666666665,20.632708333333333,0.0,101.3625,93.09399148172776,48.599999999999994,62.75,141.45000000000002,1175.0,,1993.66,2014.0,1175.0,2012
MAHARASHTRA,RATNAGIRI,RICE,KHARIF,2.5929365302652267,0.3229341947571721,16,2014,28.461875,23.6015625,0.17812232141490833,3171.2562500000004,443.59886980431617,2889.425,3044.3500000000004,3376.5750000000003,1502.0,2014.0,2237.11,2014.0,1265.0,2012
MAHARASHTRA,RATNAGIRI,RICE,WHOLE YEAR,2.8651515151515152,0.4007253524308241,11,2012,30.15159090909091,22.392348484848483,1.35,3325.627272727273,349.2254432051281,3085.1000000000004,3309.6,3666.6499999999996,586.0,2012.0,2237.11,2014.0,1265.0,2012
MAHARASHTRA,SANGLI,CHICKPEA,RABI,0.7342335666703291,0.12018371408001445,16,2014,31.85125,17.437916666666666,0.36786660929218146,106.56875,60.52049480685586,71.675,92.25,151.875,3166.0,2014.0,3401.88,2014.0,3000.0,2012
MAHARASHTRA,SANGLI,GROUNDNUT,KHARIF,0.877554761485438,0.22909659499189258,15,2014,29.0305,21.289333333333335,0.21286917598974894,506.35333333333335,206.9033275527026,398.55000000000007,504.3,564.5,2883.0,2014.0,5783.84,2014.0,3700.0,2012
MAHARASHTRA,SANGLI,GROUNDNUT,WHOLE YEAR,1.7371959237343853,0.42389791688412953,13,2014,31.875705128205134,19.691153846153846,1.5,642.0076923076923,209.9839615365042,509.8,625.6999999999999,772.4,2883.0,2014.0,5783.84,2014.0,3700.0,2012
MAHARASHTRA,SANGLI,MAIZE,KHARIF,1.8798526197745014,0.8104172102672748,15,2014,29.02283333333333,21.285,0.46024613199638403,463.26666666666665,167.81532224726197,353.75,493.8,547.0,1353.0,2014.0,1993.66,2014.0,1175.0,2012
MAHARASHTRA,SANGLI,MAIZE,RABI,2.1469224953328765,0.6969645918593482,16,2014,31.890833333333333,17.509375,0.7411182363203525,115.36874999999999,65.27104226480019,74.525,107.4,162.5,1353.0,2014.0,1993.66,2014.0,1175.0,2012
MAHARASHTRA,SANGLI,MAIZE,WHOLE YEAR,1.6037968975468975,0.13861149293437033,10,2014,31.82116666666667,19.649583333333332,1.390625,668.62,138.1464906861151,622.1,661.75,765.7,1353.0,2014.0,1993.66,2014.0,1175.0,2012
MAHARASHTRA,SANGLI,RICE,KHARIF,2.189398002022057,0.43134061859208694,16,2014,29.03125,21.291875,0.24350842880733536,494.725,205.2280308989653,370.4750000000001,499.05,560.6,1670.0,2014.0,2237.11,2014.0,1265.0,2012
MAHARASHTRA,SANGLI,SORGHUM,KHARIF,0.9414049934897891,0.4541811290461258,15,2014,29.02283333333333,21.285,0.4167055618687991,463.26666666666665,167.81532224726197,353.75,493.8,547.0,2007.0,2014.0,1951.96,2014.0,1510.0,2012
MAHARASHTRA,SANGLI,SORGHUM,RABI,0.5244796965715057,0.1694985702964326,16,2014,31.890833333333333,17.509375,0.31969032677944476,115.36874999999999,65.27104226480019,74.525,107.4,162.5,2007.0,2014.0,1951.96,2014.0,1510.0,2012
MAHARASHTRA,SANGLI,WHEAT,RABI,1.7058739657314386,0.23237014737275902,17,2014,31.852941176470587,17.471372549019605,0.9240064466944785,112.84117647058824,64.0519033560238,72.39999999999999,98.5,155.1,2077.0,2014.0,1992.76,2014.0,1350.0,2012
MAHARASHTRA,SATARA,CHICKPEA,RABI,0.6427919525640947,0.12640718729748618,16,2014,30.320833333333333,16.524791666666665,0.4314486192165861,96.975,66.36364968866617,53.025,78.55000000000001,128.15,2930.0,2014.0,3401.88,2014.0,3000.0,2012
MAHARASHTRA,SATARA,GROUNDNUT,KHARIF,1.2988091042869954,0.2429667439553976,15,2014,27.501500000000004,20.937833333333334,0.215074404545922,996.64,241.1353348522064,807.1500000000001,892.6999999999999,1161.4,2856.0,2014.0,5783.84,2014.0,3700.0,2012
MAHARASHTRA,SATARA,GROUNDNUT,WHOLE YEAR,2.3334286629051686,0.4405535688655886,13,2014,30.27153846153846,18.986923076923077,1.3171690715513622,1141.4692307692308,247.02388340878898,966.1,1052.8,1362.1,2856.0,2014.0,5783.84,2014.0,3700.0,2012
MAHARASHTRA,SATARA,MAIZE,KHARIF,1.5896193753260586,0.5656043599317427,15,2014,27.489,20.92866666666667,0.4085113143810852,967.38,207.39872640468576,807.1500000000001,892.6999999999999,1100.55,1322.0,2014.0,1993.66,2014.0,1175.0,2012
MAHARASHTRA,SATARA,MAIZE,RABI,2.262235125794342,0.6382037023056414,16,2014,30.349791666666665,16.586041666666667,0.7081953128950071,101.75625,68.11456984375663,53.025,97.6,131.9,1322.0,2014.0,1993.66,2014.0,1175.0,2012
MAHARASHTRA,SATARA,MAIZE,WHOLE YEAR,1.6326016576016578,0.1127786157551666,11,2014,30.2444696969697,18.973030303030303,1.4166666666666667,1156.3272727272727,214.4163617399991,1003.1,1142.4999999999998,1347.15,1322.0,2014.0,1993.66,2014.0,1175.0,2012
MAHARASHTRA,SATARA,RICE,KHARIF,1.723708746804607,0.32051374424119017,16,2014,27.501562500000002,20.93953125,0.32570569973533264,997.09375,232.965935904086,807.525,948.3,1144.25,1516.0,2014.0,2237.11,2014.0,1265.0,2012
MAHARASHTRA,SATARA,SORGHUM,KHARIF,1.5924763715002486,0.3026409204167972,15,2014,27.489,20.92866666666667,0.8447278715143551,967.38,207.39872640468576,807.1500000000001,892.6999999999999,1100.55,2015.0,2014.0,1951.96,2014.0,1510.0,2012
MAHARASHTRA,SATARA,SORGHUM,RABI,0.7503449206693954,0.18080957993901098,16,2014,30.349791666666665,16.586041666666667,0.4607626926373661,101.75625,68.11456984375663,53.025,97.6,131.9,2015.0,2014.0,1951.96,2014.0,1510.0,2012
MAHARASHTRA,SATARA,WHEAT,RABI,1.721719642803767,0.19429212499894757,17,2014,30.321274509803917,16.557549019607844,0.9141500416142901,100.7235294117647,66.0889602109513,53.8,84.2,128.3,1769.0,2014.0,1992.76,2014.0,1350.0,2012
MAHARASHTRA,SOLAPUR,CHICKPEA,RABI,0.5933628595244267,0.16108566739654012,16,2014,33.11125,17.9178125,0.49485653520811873,95.45,63.293201319994324,57.7,87.80000000000001,110.425,2882.0,2014.0,3401.88,2014.0,3000.0,2012
MAHARASHTRA,SOLAPUR,GROUNDNUT,KHARIF,0.5689246939494944,0.1948384396110695,15,2014,31.782666666666668,22.176499999999997,1.2513873410543714,471.7933333333333,149.68529590285016,370.5,466.0,526.3,4160.0,2014.0,5783.84,2014.0,3700.0,2012
MAHARASHTRA,SOLAPUR,GROUNDNUT,WHOLE YEAR,1.368132222858636,0.33867319031770876,13,2014,33.74583333333333,20.456858974358973,1.2697568860942698,598.5,196.43181599051954,544.6,565.9,635.8,4160.0,2014.0,5783.84,2014.0,3700.0,2012
MAHARASHTRA,SOLAPUR,MAIZE,KHARIF,1.2598883942898662,0.6416451399560715,15,2014,31.772166666666667,22.16916666666667,0.7043246074340394,462.9933333333333,154.25736132778076,367.15,466.0,526.3,1253.0,2014.0,1993.66,2014.0,1175.0,2012
MAHARASHTRA,SOLAPUR,MAIZE,RABI,1.886171371334933,0.6839722710824835,16,2014,33.16104166666666,17.999791666666667,0.7122939807826796,99.4,69.73989771524857,57.7,87.80000000000001,110.425,1253.0,2014.0,1993.66,2014.0,1175.0,2012
MAHARASHTRA,SOLAPUR,MAIZE,WHOLE YEAR,1.6528710858750382,0.13264593486173418,11,2014,33.703257575757576,20.427348484848483,1.375,630.6090909090909,189.98600187669325,545.8,565.9,626.1,1253.0,2014.0,1993.66,2014.0,1175.0,2012
MAHARASHTRA,SOLAPUR,RICE,KHARIF,0.6626459872742201,0.4622998107658408,16,2014,31.77375,22.1690625,0.21345443349753693,462.7875,149.02904358994368,368.675,462.85,526.25,1453.0,2014.0,2237.11,2014.0,1265.0,2012
MAHARASHTRA,SOLAPUR,SORGHUM,KHARIF,0.6170889110889112,0.2592521873109821,15,2014,31.772166666666667,22.16916666666667,1.5,462.9933333333333,154.25736132778076,367.15,466.0,526.3,1884.0,2014.0,1951.96,2014.0,1510.0,2012
MAHARASHTRA,SOLAPUR,SORGHUM,RABI,0.43323069773847245,0.15154889355121856,16,2014,33.16104166666666,17.999791666666667,0.20095729289557376,99.4,69.73989771524857,57.7,87.80000000000001,110.425,1884.0,2014.0,1951.96,2014.0,1510.0,2012
MAHARASHTRA,SOLAPUR,WHEAT,RABI,1.12140675729819,0.25267047056118047,17,2014,33.10617647058823,17.94470588235294,0.8485185886899443,103.41176470588235,69.52177610606029,59.2,89.9,112.3,1754.0,2014.0,1992.76,2014.0,1350.0,2012
MAHARASHTRA,THANE,CHICKPEA,RABI,0.7142366232517118,0.16040759517084652,16,2014,31.665104166666666,19.166354166666665,0.3859649122807018,77.61875,72.79423254397746,21.225,62.25,106.2,3738.0,2014.0,3401.88,2014.0,3000.0,2012
MAHARASHTRA,THANE,GROUNDNUT,KHARIF,0.7916666666666666,0.22613350843332275,12,2009,30.451458333333335,24.33,,2513.4333333333334,504.38025758590544,2280.625,2511.3500000000004,2779.375,3700.0,,5783.84,2014.0,3700.0,2012
MAHARASHTRA,THANE,GROUNDNUT,WHOLE YEAR,2.1363636363636362,0.5954371961386479,11,2012,32.04083333333333,22.049242424242422,,2611.7727272727275,460.7672038913124,2324.8999999999996,2583.9,2812.6500000000005,3700.0,,5783.84,2014.0,3700.0,2012
MAHARASHTRA,THANE,MAIZE,RABI,2.2222222222222223,0.8333333333333334,9,2011,31.703148148148145,19.22925925925926,,51.67777777777778,62.19617708866393,5.4,34.8,69.5,1175.0,,1993.66,2014.0,1175.0,2012
MAHARASHTRA,THANE,RICE,KHARIF,2.1408063407598212,0.45153270577109744,16,2014,30.47359375,24.3471875,0.11762937436980171,2567.7875,520.0789553840199,2280.625,2511.3500000000004,2892.775,1551.0,2014.0,2237.11,2014.0,1265.0,2012
MAHARASHTRA,THANE,RICE,WHOLE YEAR,2.5142973251328686,0.3100920968777687,13,2014,32.015448717948715,22.023461538461536,0.8173789173789174,2714.492307692308,521.6131124718437,2356.1,2583.9,3026.5,1551.0,2014.0,2237.11,2014.0,1265.0,2012
MAHARASHTRA,THANE,WHEAT,RABI,1.0,0.0,12,2011,31.696527777777778,19.142916666666668,,75.11666666666666,83.86262395709842,14.400000000000002,36.35,126.575,1350.0,,1992.76,2014.0,1350.0,2012
MAHARASHTRA,WARDHA,CHICKPEA,RABI,0.6147076418592489,0.12951220469807914,16,2014,31.48614583333333,17.2753125,0.33837280805755815,84.325,56.13905948624362,42.9,69.94999999999999,127.275,2786.0,2014.0,3401.88,2014.0,3000.0,2012
MAHARASHTRA,WARDHA,GROUNDNUT,KHARIF,0.6784102801959945,0.1766818837143674,15,2014,32.540333333333336,24.386000000000003,0.6754398379398379,920.5533333333333,276.3535284136366,764.9000000000001,836.8000000000001,946.5,3486.0,2014.0,5783.84,2014.0,3700.0,2012
MAHARASHTRA,WARDHA,GROUNDNUT,WHOLE YEAR,1.4938498541926113,0.5311608311700969,13,2014,33.492756410256405,21.227115384615384,1.075,1079.2923076923078,267.8001819190895,880.0,1052.4,1174.3000000000002,3486.0,2014.0,5783.84,2014.0,3700.0,2012
MAHARASHTRA,WARDHA,MAIZE,KHARIF,2.0,0.7071067811865476,5,2008,32.5625,24.442500000000003,0.2,879.76,232.5942884079486,762.3,764.6,883.5,600.0,2008.0,1993.66,2014.0,1175.0,2012
MAHARASHTRA,WARDHA,RICE,KHARIF,0.7696969696969697,0.22531683640526456,11,2007,32.446363636363635,24.30545454545455,0.0,951.4727272727273,305.96217769818895,773.75,883.5,946.5,525.0,2007.0,2237.11,2014.0,1265.0,2012
MAHARASHTRA,WARDHA,SORGHUM,KHARIF,0.757051746759423,0.2638988635306429,15,2014,32.48733333333333,24.336833333333335,0.0,904.56,281.5143000681442,763.45,786.0,914.95,1135.0,2014.0,1951.96,2014.0,1510.0,2012
MAHARASHTRA,WARDHA,SORGHUM,RABI,0.44716779339941104,0.18016841604446254,16,2014,31.513749999999998,17.352916666666665,0.0,105.61875,119.48050451154505,42.9,69.94999999999999,127.275,1135.0,2014.0,1951.96,2014.0,1510.0,2012
MAHARASHTRA,WARDHA,WHEAT,RABI,1.2418374140965962,0.27954034040786324,16,2014,31.48625,17.325416666666666,0.8403531848894011,113.7,119.13302368920776,49.275,71.05,152.775,1440.0,2014.0,1992.76,2014.0,1350.0,2012
ODISHA,CUTTACK,CHICKPEA,RABI,0.5164423091200099,0.06569123399105675,6,2004,29.68166666666667,18.361666666666665,0.0,304.1166666666667,209.11370511438668,126.4,279.15,469.4750000000001,1100.0,2003.0,,,3000.0,2012
ODISHA,CUTTACK,GROUNDNUT,KHARIF,0.9989793978710658,0.20242945309706006,5,2003,32.30650000000001,25.2435,0.9812828539251974,1115.44,284.0785507566525,866.1,1118.1,1218.2,1443.0,2003.0,5918.02,2015.0,3700.0,2012
ODISHA,CUTTACK,GROUNDNUT,WHOLE YEAR,1.122569518258256,0.2263296216992247,14,2015,31.807380952380953,21.979345238095238,1.3273933899141637,1659.4285714285713,253.77123080132148,1461.5749999999998,1676.4,1850.0,3427.0,2015.0,5918.02,2015.0,3700.0,2012
ODISHA,CUTTACK,MAIZE,KHARIF,0.6442854321237751,0.29691697334224393,5,2003,32.30650000000001,25.2435,1.3485148514851484,1115.44,284.0785507566525,866.1,1118.1,1218.2,424.0,2003.0,1360.93,2015.0,1175.0,2012
ODISHA,CUTTACK,MAIZE,WHOLE YEAR,1.5745221394599132,0.7880128586941789,14,2015,31.807380952380953,21.979345238095238,1.5,1659.4285714285713,253.77123080132148,1461.5749999999998,1676.4,1850.0,1300.0,2015.0,1360.93,2015.0,1175.0,2012
ODISHA,CUTTACK,RICE,WHOLE YEAR,1.6236544542824067,0.47754165145831146,16,2015,31.834322916666665,21.961927083333332,1.4301615916455674,1626.5125,294.90019752451843,1435.8,1676.4,1844.0,1215.0,2015.0,1450.32,2015.0,1265.0,2012
ODISHA,CUTTACK,WHEAT,RABI,1.3442266070478497,0.21464607839681915,5,2003,29.616000000000003,18.296,1.5,292.18,231.49956155466043,103.7,194.5,504.7000000000001,794.0,2003.0,,,1350.0,2012
ODISHA,CUTTACK,WHEAT,WHOLE YEAR,1.3704049171490182,0.3549025123026174,10,2012,31.906666666666666,22.088,1.5,1708.69,243.92520461084874,1461.5749999999998,1822.4,1896.5,1450.0,2012.0,,,1350.0,2012
ODISHA,DHENKANAL,CHICKPEA,RABI,0.3926636116919517,0.024477911876758525,5,2004,29.78333333333333,17.994333333333334,0.0,237.51999999999998,186.5320133381935,93.1,196.3,386.7,1270.0,2003.0,,,3000.0,2012
ODISHA,DHENKANAL,GROUNDNUT,KHARIF,0.8906413559611244,0.1820908148675317,5,2003,32.333999999999996,25.215,0.23837810655443076,1044.1799999999998,232.24971905257482,853.5,963.7,1184.9,1534.0,2003.0,5918.02,2015.0,3700.0,2012
ODISHA,DHENKANAL,GROUNDNUT,WHOLE YEAR,1.3761241938032742,0.34629702775355387,14,2015,32.06392857142857,21.81172619047619,0.8215452741229216,1394.9571428571428,202.38197971728042,1303.3000000000002,1408.75,1515.6999999999998,3506.0,2015.0,5918.02,2015.0,3700.0,2012
ODISHA,DHENKANAL,MAIZE,KHARIF,0.6435978440629058,0.15603051392819287,5,2003,32.333999999999996,25.215,1.0623430962343097,1044.1799999999998,232.24971905257482,853.5,963.7,1184.9,575.0,2003.0,1360.93,2015.0,1175.0,2012
ODISHA,DHENKANAL,MAIZE,WHOLE YEAR,1.0664947725812737,0.3676615600644041,14,2015,32.06392857142857,21.81172619047619,1.5,1394.9571428571428,202.38197971728042,1303.3000000000002,1408.75,1515.6999999999998,1175.0,2015.0,1360.93,2015.0,1175.0,2012
ODISHA,DHENKANAL,RICE,WHOLE YEAR,1.6114225440624048,0.6810075360047575,16,2015,32.083072916666666,21.789010416666667,0.6737092611717235,1380.20625,215.69478580855863,1249.4,1408.75,1529.0,1239.0,2015.0,1450.32,2015.0,1265.0,2012
ODISHA,DHENKANAL,WHEAT,RABI,1.142061065964575,0.3951085015455619,6,2003,29.74138888888889,18.065277777777776,1.5,214.61666666666667,173.42061488377516,105.225,148.20000000000002,328.725,750.0,2003.0,,,1350.0,2012
ODISHA,DHENKANAL,WHEAT,WHOLE YEAR,1.387411976911977,0.4054567928769722,11,2015,32.099696969696964,21.87310606060606,1.5,1366.8272727272727,217.3303158370184,1208.8000000000002,1384.6,1477.9999999999995,1400.0,2015.0,,,1350.0,2012
ODISHA,GANJAM,CHICKPEA,RABI,0.6210040720314692,0.04039956249061557,6,2004,28.980833333333333,18.823888888888888,0.0,338.4666666666667,196.7071901753128,188.175,295.65,508.95,1617.0,2003.0,,,3000.0,2012
ODISHA,GANJAM,GROUNDNUT,KHARIF,0.9981499513832862,0.34129736417683,5,2003,31.541000000000004,25.411,1.345313194979763,756.86,107.34310876809937,662.7,776.9,792.2,1613.0,2003.0,5918.02,2015.0,3700.0,2012
ODISHA,GANJAM,GROUNDNUT,WHOLE YEAR,1.286228337657903,0.10105954461443209,14,2015,30.873392857142857,22.454940476190476,1.5,1278.1928571428573,234.29937280944887,1165.0,1290.25,1370.5,3000.0,2015.0,5918.02,2015.0,3700.0,2012
ODISHA,GANJAM,MAIZE,KHARIF,1.1298998123094692,0.04709351824758417,5,2003,31.541000000000004,25.411,1.0598826482775308,756.86,107.34310876809937,662.7,776.9,792.2,398.0,2003.0,1360.93,2015.0,1175.0,2012
ODISHA,GANJAM,MAIZE,WHOLE YEAR,1.488733298152679,0.29096263198946287,14,2015,30.873392857142857,22.454940476190476,1.5,1278.1928571428573,234.29937280944887,1165.0,1290.25,1370.5,1200.0,2015.0,1360.93,2015.0,1175.0,2012
ODISHA,GANJAM,RICE,WHOLE YEAR,1.5652257024707672,0.6163136594998881,16,2015,30.902604166666666,22.438958333333332,0.7596134697913124,1257.34375,229.7410396330326,1125.45,1258.6,1362.8999999999999,1327.0,2015.0,1450.32,2015.0,1265.0,2012
ODISHA,GANJAM,SORGHUM,KHARIF,0.5990372599750075,0.046734543569561256,6,2004,31.554583333333337,25.457916666666666,0.0,736.9166666666666,107.7239697869823,648.9,719.8,788.375,1510.0,,,,1510.0,2012
ODISHA,KALAHANDI,CHICKPEA,RABI,0.8575351603841727,0.09780490513759094,6,2004,29.68722222222222,16.830555555555556,0.0,99.23333333333335,94.33253238764806,29.975,70.1,161.60000000000002,1686.0,2003.0,,,3000.0,2012
ODISHA,KALAHANDI,GROUNDNUT,KHARIF,0.8689276468965839,0.18140183653396932,5,2003,30.845999999999997,23.878,1.370564017379112,1434.78,615.1689540280785,1050.8000000000002,1193.2,1891.2,1667.0,2003.0,5918.02,2015.0,3700.0,2012
ODISHA,KALAHANDI,GROUNDNUT,WHOLE YEAR,0.8581918221524714,0.19811326579561384,14,2015,31.60845238095238,20.84595238095238,1.5,1542.7,306.9825026334188,1320.475,1540.25,1713.225,3150.0,2015.0,5918.02,2015.0,3700.0,2012
ODISHA,KALAHANDI,MAIZE,KHARIF,0.749630145686601,0.20368908590025023,5,2003,30.845999999999997,23.878,0.35871496244605405,1434.78,615.1689540280785,1050.8000000000002,1193.2,1891.2,451.0,2003.0,1360.93,2015.0,1175.0,2012
ODISHA,KALAHANDI,MAIZE,WHOLE YEAR,0.9656129971049402,0.27608475997354576,14,2015,31.60845238095238,20.84595238095238,1.1881907607893158,1542.7,306.9825026334188,1320.475,1540.25,1713.225,1206.0,2015.0,1360.93,2015.0,1175.0,2012
ODISHA,KALAHANDI,RICE,WHOLE YEAR,1.3757115726891251,0.5328404512381456,16,2015,31.627239583333335,20.824010416666667,0.6186918363312679,1506.2125,303.04775833741684,1271.3000000000002,1528.7,1652.6750000000002,1307.0,2015.0,1450.32,2015.0,1265.0,2012
ODISHA,KALAHANDI,SORGHUM,KHARIF,0.7991160176573352,0.2319992113491292,6,2004,30.837083333333336,23.89708333333333,0.0,1451.2166666666665,551.6948954509791,1086.4,1363.3000000000002,1801.75,1510.0,,,,1510.0,2012
ODISHA,KALAHANDI,WHEAT,RABI,0.9980766054766157,0.296314729205063,6,2003,29.724166666666665,16.979444444444443,1.5,103.08333333333333,98.74450702022197,29.975,70.1,178.925,716.0,2003.0,,,1350.0,2012
ODISHA,KALAHANDI,WHEAT,WHOLE YEAR,1.106596914367542,0.45401501924567916,12,2015,31.63388888888889,20.88479166666667,1.5,1533.1416666666667,332.5417142892366,1266.225,1528.7,1745.7,1600.0,2015.0,,,1350.0,2012
ODISHA,KORAPUT,CHICKPEA,RABI,0.2965426988142857,0.03646953612299487,6,2004,27.534722222222225,15.436666666666667,0.0,133.53333333333333,74.0928516570031,103.15,114.80000000000001,151.35,1100.0,2003.0,,,3000.0,2012
ODISHA,KORAPUT,GROUNDNUT,KHARIF,1.2197781595308215,0.4577534411388182,5,2003,27.8795,21.373,1.5,1159.0,188.2018995653338,1114.9,1209.6999999999998,1211.8,1321.0,2003.0,5918.02,2015.0,3700.0,2012
ODISHA,KORAPUT,GROUNDNUT,WHOLE YEAR,1.039161786303555,0.29521861287222956,14,2015,28.915535714285713,18.814345238095235,1.5,1533.2214285714285,321.7441534429573,1295.725,1467.5499999999997,1621.7749999999999,3264.0,2015.0,5918.02,2015.0,3700.0,2012
ODISHA,KORAPUT,MAIZE,KHARIF,0.9636067774394373,0.09754759880347541,5,2003,27.8795,21.373,1.1488440487787444,1159.0,188.2018995653338,1114.9,1209.6999999999998,1211.8,457.0,2003.0,1360.93,2015.0,1175.0,2012
ODISHA,KORAPUT,MAIZE,WHOLE YEAR,1.4860315856725586,0.3894329726802406,14,2015,28.915535714285713,18.814345238095235,1.5,1533.2214285714285,321.7441534429573,1295.725,1467.5499999999997,1621.7749999999999,1250.0,2015.0,1360.93,2015.0,1175.0,2012
ODISHA,KORAPUT,RICE,WHOLE YEAR,1.63026184144766,0.4162254701335527,16,2015,28.927500000000002,18.798333333333332,1.2126473383599607,1519.45625,302.7747302726347,1297.775,1444.2999999999997,1584.125,1251.0,2015.0,1450.32,2015.0,1265.0,2012
ODISHA,KORAPUT,SORGHUM,KHARIF,0.6699445450872942,0.09071231068587521,6,2004,27.864166666666666,21.36916666666667,0.0,1157.2666666666667,168.38643254926052,1123.325,1179.1499999999999,1211.2749999999999,439.5,2000.0,,,1510.0,2012
ODISHA,KORAPUT,WHEAT,RABI,1.3138030303030304,0.39135339443889205,5,2003,27.63366666666667,15.622333333333334,1.3761363636363637,136.84,82.86711048419632,101.3,108.7,165.4,716.0,2003.0,,,1350.0,2012
ODISHA,KORAPUT,WHEAT,WHOLE YEAR,1.788102136021662,0.6815986113461899,11,2013,28.88356060606061,18.773257575757576,1.5,1529.8818181818183,348.5021343354494,1288.8000000000002,1401.7999999999995,1602.9499999999998,945.0,2011.0,,,1350.0,2012
ODISHA,PURI,GROUNDNUT,WHOLE YEAR,1.1539635291432557,0.16537983802063735,14,2015,30.662916666666668,23.09452380952381,1.1870192933731416,1434.564285714286,254.78554664701795,1311.1999999999998,1491.85,1537.325,3200.0,2015.0,5918.02,2015.0,3700.0,2012
ODISHA,PURI,RICE,WHOLE YEAR,1.442167456700085,0.3495389344684448,16,2015,30.69713541666667,23.0828125,1.278308451523437,1411.4375,270.332242188509,1220.625,1491.85,1545.375,1282.0,2015.0,1450.32,2015.0,1265.0,2012
ODISHA,PURI,WHEAT,WHOLE YEAR,1.120961231046103,0.2686063281522877,7,2011,30.660833333333333,23.12630952380952,1.5,1446.2,323.54725569330157,1235.65,1453.6999999999998,1610.85,941.0,2011.0,,,1350.0,2012
ODISHA,SAMBALPUR,CHICKPEA,RABI,0.4686364010701993,0.038772758141009826,6,2004,30.165833333333335,16.43361111111111,0.0,80.46666666666667,84.22744604145768,29.025000000000002,36.8,121.15,1686.0,2003.0,,,3000.0,2012
ODISHA,SAMBALPUR,GROUNDNUT,KHARIF,1.021242937560471,0.18865977059138028,5,2003,32.075,24.609500000000004,1.5,1212.16,381.37307587190804,988.5,1117.0,1437.8,1450.0,2003.0,5918.02,2015.0,3700.0,2012
ODISHA,SAMBALPUR,GROUNDNUT,WHOLE YEAR,1.1352687923748392,0.2603873056802683,14,2015,32.53017857142857,20.79422619047619,1.5,1481.0357142857142,308.3756116445379,1283.6750000000002,1516.3999999999999,1683.325,3700.0,2015.0,5918.02,2015.0,3700.0,2012
ODISHA,SAMBALPUR,MAIZE,KHARIF,0.8991749478591583,0.3503022810282622,5,2003,32.075,24.609500000000004,1.4346153846153846,1212.16,381.37307587190804,988.5,1117.0,1437.8,622.0,2003.0,1360.93,2015.0,1175.0,2012
ODISHA,SAMBALPUR,MAIZE,WHOLE YEAR,0.9793581866647061,0.19736795265562218,14,2015,32.53017857142857,20.79422619047619,1.5,1481.0357142857142,308.3756116445379,1283.6750000000002,1516.3999999999999,1683.325,1200.0,2015.0,1360.93,2015.0,1175.0,2012
ODISHA,SAMBALPUR,RICE,WHOLE YEAR,1.6573365507356177,0.4920768456328614,16,2015,32.540989583333335,20.768072916666668,1.4473172043010754,1426.9624999999999,333.3580834978107,1248.6750000000002,1439.4499999999998,1653.975,1254.0,2015.0,1450.32,2015.0,1265.0,2012
ODISHA,SAMBALPUR,SORGHUM,KHARIF,0.506170072617441,0.04201858193581564,6,2004,32.0775,24.645833333333332,0.0,1208.2333333333333,341.2460265946943,1020.625,1152.8,1375.5,1510.0,,,,1510.0,2012
ODISHA,SAMBALPUR,WHEAT,RABI,1.3892346150409312,0.3951966825763325,6,2003,30.06277777777778,16.44666666666667,1.5,70.93333333333334,78.00804232043428,29.025000000000002,36.8,78.25,793.0,2003.0,,,1350.0,2012
ODISHA,SAMBALPUR,WHEAT,WHOLE YEAR,1.4963791558175108,0.5424830583483166,13,2015,32.549358974358974,20.830897435897437,1.5,1482.0230769230768,320.9444789831157,1272.4,1564.6,1698.0,1525.0,2015.0,,,1350.0,2012
ODISHA,SUNDARGARH,CHICKPEA,RABI,0.49991698887093433,0.09767694249575794,6,2004,30.031666666666666,16.200277777777778,0.0,108.38333333333333,69.07449360412761,66.775,96.95,106.425,1686.0,2003.0,,,3000.0,2012
ODISHA,SUNDARGARH,GROUNDNUT,KHARIF,0.9445923013825317,0.210168095185933,5,2003,32.006,24.537,1.0379987784453961,1143.68,277.8109105128883,919.5,1080.4,1253.9,1484.0,2003.0,5918.02,2015.0,3700.0,2012
ODISHA,SUNDARGARH,GROUNDNUT,WHOLE YEAR,1.0641306653690994,0.1505387872084327,14,2015,32.26392857142857,20.45154761904762,0.9226927249808172,1320.2642857142857,200.10753112011804,1220.8500000000001,1263.1,1502.2,3600.0,2015.0,5918.02,2015.0,3700.0,2012
ODISHA,SUNDARGARH,MAIZE,KHARIF,1.0077379425970505,0.4349533284229673,5,2003,32.006,24.537,0.5798099627929523,1143.68,277.8109105128883,919.5,1080.4,1253.9,326.0,2003.0,1360.93,2015.0,1175.0,2012
ODISHA,SUNDARGARH,MAIZE,WHOLE YEAR,1.362088155852701,0.437068515926216,14,2015,32.26392857142857,20.45154761904762,1.2198415188303655,1320.2642857142857,200.10753112011804,1220.8500000000001,1263.1,1502.2,1000.0,2010.0,1360.93,2015.0,1175.0,2012
ODISHA,SUNDARGARH,RICE,WHOLE YEAR,1.186625193856857,0.5316936811424671,16,2015,32.2646875,20.4209375,0.2310402241538004,1309.675,210.80917911703938,1197.1750000000002,1263.1,1498.1999999999998,1256.0,2015.0,1450.32,2015.0,1265.0,2012
ODISHA,SUNDARGARH,SORGHUM,KHARIF,0.5640271409263055,0.13428769854635497,6,2004,31.9875,24.547083333333333,0.0,1129.9166666666667,250.75824546097522,954.9,1070.75,1210.525,1510.0,,,,1510.0,2012
ODISHA,SUNDARGARH,WHEAT,RABI,1.4739674992040854,0.3354905645578781,6,2003,29.881944444444443,16.141388888888887,1.1815493295864987,139.78333333333333,101.91595393591068,66.775,98.3,207.45,700.0,2003.0,,,1350.0,2012
ODISHA,SUNDARGARH,WHEAT,WHOLE YEAR,1.7033464949962107,0.23572430950692996,13,2015,32.29294871794871,20.491666666666667,1.4581713693949645,1322.923076923077,208.02097712268574,1213.8000000000002,1250.1999999999998,1504.2,1500.0,2015.0,,,1350.0,2012
PUNJAB,AMRITSAR,CHICKPEA,RABI,0.884090909090909,0.30452095484146474,10,2013,24.868,10.275166666666667,0.525,104.95,78.50823382154115,40.05,101.9,168.475,4100.0,2013.0,,,3000.0,2012
PUNJAB,AMRITSAR,MAIZE,KHARIF,3.3970588235294117,1.1593705681873614,17,2014,35.21088235294118,25.654558823529413,1.0350280112044818,348.61176470588236,158.69065773680938,224.4,290.7,430.0,1190.0,2014.0,1154.79,2014.0,1175.0,2012
PUNJAB,AMRITSAR,RICE,KHARIF,2.8966864323431443,0.15318843644393265,18,2014,35.23513888888888,25.690694444444446,1.2488345834602543,347.74444444444447,153.99652105399014,233.25,301.85,423.3,1320.0,2014.0,1091.75,2014.0,1265.0,2012
PUNJAB,AMRITSAR,WHEAT,RABI,4.374277562477661,0.35906742381399287,18,2014,24.970462962962962,10.430185185185186,1.2752105699300418,100.15,65.88315191217214,57.925,82.1,127.825,1365.0,2014.0,1081.84,2014.0,1350.0,2012
PUNJAB,GURDASPUR,CHICKPEA,RABI,0.8928571428571429,0.2540874643905904,14,2010,23.922619047619047,11.008571428571429,,161.3642857142857,105.88395394627413,69.55000000000001,136.89999999999998,240.25,3000.0,2010.0,,,3000.0,2012
PUNJAB,GURDASPUR,MAIZE,KHARIF,2.2431827431827434,0.34490357293368035,18,2014,33.923472222222216,24.97152777777778,0.22952223702223698,698.3333333333334,243.93472849249227,521.025,680.0,841.35,1190.0,2014.0,1154.79,2014.0,1175.0,2012
PUNJAB,GURDASPUR,RICE,KHARIF,3.0245543293172643,0.24127293319695176,18,2014,33.923472222222216,24.97152777777778,0.9584528198364843,698.3333333333334,243.93472849249227,521.025,680.0,841.35,1345.0,2014.0,1091.75,2014.0,1265.0,2012
PUNJAB,GURDASPUR,WHEAT,RABI,4.1371031114582095,0.36718761835427666,18,2014,23.763703703703705,10.969722222222222,0.9230526512614328,184.15555555555557,107.37428886142497,80.15,171.5,288.4,1400.0,2014.0,1081.84,2014.0,1350.0,2012
PUNJAB,HOSHIARPUR,CHICKPEA,RABI,0.74375,0.2045659361238381,16,2012,24.635208333333335,10.845625,0.11426041666666667,105.625,70.52772031856222,50.0,99.9,135.375,1760.0,2009.0,,,3000.0,2012
PUNJAB,HOSHIARPUR,GROUNDNUT,KHARIF,1.167940985030357,0.43621603437025575,18,2014,34.129444444444445,25.258194444444445,0.18630813303159846,491.6111111111111,163.4984435575814,351.79999999999995,500.44999999999993,562.675,4650.0,2013.0,,,3700.0,2012
PUNJAB,HOSHIARPUR,MAIZE,KHARIF,3.1407519176460355,0.6521482866435362,18,2014,34.129444444444445,25.258194444444445,0.7911136127795626,491.6111111111111,163.4984435575814,351.79999999999995,500.44999999999993,562.675,1147.0,2014.0,1154.79,2014.0,1175.0,2012
PUNJAB,HOSHIARPUR,RICE,KHARIF,3.1983122080512447,0.3138517592537973,18,2014,34.129444444444445,25.258194444444445,1.3054503572855722,491.6111111111111,163.4984435575814,351.79999999999995,500.44999999999993,562.675,1345.0,2014.0,1091.75,2014.0,1265.0,2012
PUNJAB,HOSHIARPUR,WHEAT,RABI,3.7211863084437806,0.408575754212795,18,2014,24.552685185185183,10.84361111111111,1.0810356908348604,110.24444444444445,67.60514444593366,56.225,113.35,142.64999999999998,1350.0,2014.0,1081.84,2014.0,1350.0,2012
PUNJAB,JALANDHAR,MAIZE,KHARIF,3.2999194478361145,0.5032630863666783,18,2014,35.162083333333335,25.722361111111113,1.4825975427350426,397.3666666666667,147.9010320928074,274.425,383.9,487.77500000000003,1200.0,2014.0,1154.79,2014.0,1175.0,2012
PUNJAB,JALANDHAR,RICE,KHARIF,3.5822723712481266,0.1829736528842254,18,2014,35.162083333333335,25.722361111111113,1.2071964791371752,397.3666666666667,147.9010320928074,274.425,383.9,487.77500000000003,1345.0,2014.0,1091.75,2014.0,1265.0,2012
PUNJAB,JALANDHAR,WHEAT,RABI,4.468170439403163,0.3555725526939987,18,2014,25.492407407407406,10.577037037037037,1.2570355631478054,92.43333333333334,63.612974999093495,45.625,67.35,142.05,1350.0,2014.0,1081.84,2014.0,1350.0,2012
PUNJAB,KAPURTHALA,MAIZE,KHARIF,3.888888888888889,1.183008792833582,18,2014,35.148472222222225,25.6575,1.0373148148148148,350.3,214.49293968909697,180.2,387.15,505.34999999999997,1250.0,2014.0,1154.79,2014.0,1175.0,2012
PUNJAB,KAPURTHALA,RICE,KHARIF,3.642595943258353,0.2960277205724912,18,2014,35.148472222222225,25.6575,0.9998474527748823,350.3,214.49293968909697,180.2,387.15,505.34999999999997,1345.0,2014.0,1091.75,2014.0,1265.0,2012
PUNJAB,KAPURTHALA,WHEAT,RABI,4.335742066899519,0.39213097834288985,18,2014,25.38416666666667,10.593148148148149,0.969243876056346,134.53333333333333,163.19552689948338,30.25,97.85,162.175,1285.0,2014.0,1081.84,2014.0,1350.0,2012
PUNJAB,LUDHIANA,CHICKPEA,RABI,1.0,0.0,6,2004,25.727777777777778,10.322222222222221,1.0925,83.64999999999999,64.90013097059204,28.675,70.9,120.625,1750.0,2004.0,,,3000.0,2012
PUNJAB,LUDHIANA,GROUNDNUT,KHARIF,1.0,0.0,5,2006,34.94500000000001,25.274,0.85,366.62,140.9409699129391,322.0,358.90000000000003,404.7,2400.0,2006.0,,,3700.0,2012
PUNJAB,LUDHIANA,MAIZE,KHARIF,3.8185185185185184,1.2789891955689032,18,2014,34.970416666666665,25.55125,0.9806805555555554,378.2055555555556,150.69854393387766,302.875,375.70000000000005,446.025,1520.0,2014.0,1154.79,2014.0,1175.0,2012
PUNJAB,LUDHIANA,RICE,KHARIF,4.148529606718939,0.48933193974108585,18,2014,34.970416666666665,25.55125,1.0123373873231336,378.2055555555556,150.69854393387766,302.875,375.70000000000005,446.025,1345.0,2014.0,1091.75,2014.0,1265.0,2012
PUNJAB,LUDHIANA,WHEAT,RABI,4.777193239812558,0.3256090499614332,18,2014,25.756851851851852,10.550185185185185,1.0134408441927616,77.97222222222223,51.69342665636632,38.974999999999994,61.1,116.475,1350.0,2014.0,1081.84,2014.0,1350.0,2012
PUNJAB,PATIALA,CHICKPEA,RABI,1.009090909090909,0.0301511344577764,11,2014,25.69090909090909,10.717121212121212,0.5193333333333333,111.64545454545454,53.1496258432054,66.9,106.0,160.75,1325.0,2005.0,,,3000.0,2012
PUNJAB,PATIALA,MAIZE,KHARIF,3.1134259259259256,1.1896927257792105,18,2014,34.691388888888895,25.494861111111113,1.0967662037037038,459.1611111111111,209.18209387682492,359.275,418.0,533.2249999999999,1600.0,2014.0,1154.79,2014.0,1175.0,2012
PUNJAB,PATIALA,RICE,KHARIF,3.7960397800214967,0.36932884634374563,18,2014,34.691388888888895,25.494861111111113,1.2976693030858182,459.1611111111111,209.18209387682492,359.275,418.0,533.2249999999999,1345.0,2014.0,1091.75,2014.0,1265.0,2012
PUNJAB,PATIALA,WHEAT,RABI,4.619852559221251,0.3371403818941135,18,2014,25.757685185185185,10.81138888888889,1.285757934152871,87.22777777777777,55.92748251668043,50.3,71.6,118.6,1350.0,2014.0,1081.84,2014.0,1350.0,2012
PUNJAB,SANGRUR,CHICKPEA,RABI,1.1444444444444446,0.2231997349754737,15,2013,26.21822222222222,10.540111111111111,0.42358333333333337,52.46,45.51869003889658,12.149999999999999,40.0,82.54999999999998,5400.0,2013.0,,,3000.0,2012
PUNJAB,SANGRUR,GROUNDNUT,KHARIF,1.0151515151515151,0.3685899969594751,11,2009,35.29090909090909,25.38659090909091,0.9499999999999998,228.5909090909091,113.32139651932863,176.9,228.9,289.1,3000.0,2009.0,,,3700.0,2012
PUNJAB,SANGRUR,MAIZE,KHARIF,2.8333333333333335,0.6154574548966637,12,2014,35.11270833333334,25.439791666666668,0.6723333333333333,229.67499999999998,106.9801861433823,144.8,229.2,283.3,1300.0,2014.0,1154.79,2014.0,1175.0,2012
PUNJAB,SANGRUR,RICE,KHARIF,4.297429014692167,0.41141042600846983,18,2014,35.162083333333335,25.553194444444443,1.191039468798807,217.88888888888889,113.83909640049434,142.39999999999998,225.2,302.15,1345.0,2014.0,1091.75,2014.0,1265.0,2012
PUNJAB,SANGRUR,WHEAT,RABI,4.710246239631519,0.4374922057205345,18,2014,26.25074074074074,10.567962962962962,1.2228711281845785,52.87777777777777,45.75505829388838,15.649999999999999,36.5,82.77499999999999,1350.0,2014.0,1081.84,2014.0,1350.0,2012
RAJASTHAN,AJMER,CHICKPEA,RABI,0.5449921662675625,0.20402058381380533,14,2010,29.213690476190475,13.790714285714285,0.15570976429782246,31.435714285714287,40.35954957328243,2.225,18.05,47.325,2313.0,2010.0,,,3000.0,2012
RAJASTHAN,AJMER,GROUNDNUT,KHARIF,0.5664502593964355,0.4181158127171292,14,2010,34.53071428571429,26.19964285714286,0.21283986376953545,398.8071428571429,106.9570687726602,351.55,422.8,454.62500000000006,2837.0,2010.0,,,3700.0,2012
RAJASTHAN,AJMER,MAIZE,KHARIF,0.7328119328897629,0.5027277408524617,14,2010,34.53071428571429,26.19964285714286,0.08146813130511517,398.8071428571429,106.9570687726602,351.55,422.8,454.62500000000006,1119.0,2010.0,,,1175.0,2012
RAJASTHAN,AJMER,RICE,KHARIF,1.443025307004882,0.34805745298170593,14,2010,34.53071428571429,26.19964285714286,0.054097375275495886,398.8071428571429,106.9570687726602,351.55,422.8,454.62500000000006,1265.0,,,,1265.0,2012
RAJASTHAN,AJMER,SORGHUM,KHARIF,0.313924030566938,0.25057968291958305,14,2010,34.53071428571429,26.19964285714286,0.0012403041264949983,398.8071428571429,106.9570687726602,351.55,422.8,454.62500000000006,1156.0,2010.0,,,1510.0,2012
RAJASTHAN,AJMER,WHEAT,RABI,2.0164794733487326,0.6033535946321844,14,2010,29.213690476190475,13.790714285714285,0.9281722778513438,31.435714285714287,40.35954957328243,2.225,18.05,47.325,1259.0,2010.0,,,1350.0,2012
RAJASTHAN,ALWAR,CHICKPEA,RABI,1.0174788922494689,0.23753086040350152,14,2010,27.605357142857144,12.263214285714286,0.43651174156368117,49.642857142857146,45.1376478424303,18.25,39.55,72.625,2232.0,2010.0,,,3000.0,2012
RAJASTHAN,ALWAR,GROUNDNUT,KHARIF,1.3656658934674446,0.40034129714749017,14,2010,34.754285714285714,26.340714285714284,0.7973477521142788,521.2071428571428,180.29328015245565,418.425,468.45000000000005,653.9000000000001,2779.0,2010.0,,,3700.0,2012
RAJASTHAN,ALWAR,MAIZE,KHARIF,1.3978747194832024,0.4544799444877805,14,2010,34.754285714285714,26.340714285714284,0.1249785145478027,521.2071428571428,180.29328015245565,418.425,468.45000000000005,653.9000000000001,912.0,2010.0,,,1175.0,2012
RAJASTHAN,ALWAR,RICE,KHARIF,1.4309207280534462,0.3786364178036181,14,2010,34.754285714285714,26.340714285714284,0.9641763455911735,521.2071428571428,180.29328015245565,418.425,468.45000000000005,653.9000000000001,846.0,2005.0,,,1265.0,2012
RAJASTHAN,ALWAR,SORGHUM,KHARIF,0.5770638909384332,0.16574493096724738,14,2010,34.754285714285714,26.340714285714284,0.010695728782776193,521.2071428571428,180.29328015245565,418.425,468.45000000000005,653.9000000000001,865.0,2010.0,,,1510.0,2012
RAJASTHAN,ALWAR,WHEAT,RABI,3.5064272243431964,0.3364474906189718,14,2010,27.605357142857144,12.263214285714286,0.998859296319228,49.642857142857146,45.1376478424303,18.25,39.55,72.625,1107.0,2010.0,,,1350.0,2012
RAJASTHAN,BANSWARA,CHICKPEA,RABI,0.970315036058066,0.22977345881090902,14,2010,31.77345238095238,16.16845238095238,0.5101708655400405,17.32857142857143,17.838395433680454,2.15,12.0,27.525000000000002,2296.0,2010.0,,,3000.0,2012
RAJASTHAN,BANSWARA,GROUNDNUT,KHARIF,1.308157923447509,0.3681308866491412,14,2010,32.785178571428574,24.990357142857142,0.0137669512029775,814.7785714285714,357.5608440500752,608.75,730.35,880.5,2943.0,2010.0,,,3700.0,2012
RAJASTHAN,BANSWARA,MAIZE,KHARIF,1.3184740534564363,0.5132177136617052,14,2010,32.785178571428574,24.990357142857142,0.020282998609263008,814.7785714285714,357.5608440500752,608.75,730.35,880.5,910.0,2010.0,,,1175.0,2012
RAJASTHAN,BANSWARA,RICE,KHARIF,0.6296802092614636,0.3279026364683589,14,2010,32.785178571428574,24.990357142857142,0.00818510859925385,814.7785714285714,357.5608440500752,608.75,730.35,880.5,880.0,2010.0,,,1265.0,2012
RAJASTHAN,BANSWARA,SORGHUM,KHARIF,0.47380013358336204,0.2098997717902062,14,2010,32.785178571428574,24.990357142857142,0.0,814.7785714285714,357.5608440500752,608.75,730.35,880.5,789.0,2010.0,,,1510.0,2012
RAJASTHAN,BANSWARA,WHEAT,RABI,1.8628229791640794,0.236094951226106,14,2010,31.77345238095238,16.16845238095238,1.0044776845003962,17.32857142857143,17.838395433680454,2.15,12.0,27.525000000000002,1217.0,2010.0,,,1350.0,2012
RAJASTHAN,BARMER,CHICKPEA,RABI,0.7072510986249534,0.1646760611335972,13,2010,31.217307692307692,15.41602564102564,0.147610508217719,33.87692307692308,31.859068668281193,3.9,35.2,50.8,3075.0,2010.0,,,3000.0,2012
RAJASTHAN,BARMER,GROUNDNUT,KHARIF,1.428731381880491,0.37208297186634,10,2010,36.783,26.562,1.057417699992865,253.44,234.11183557341897,99.175,193.9,398.525,3800.0,2010.0,,,3700.0,2012
RAJASTHAN,BARMER,MAIZE,KHARIF,1.3236315759845172,0.3994789152211299,13,2010,36.767307692307696,26.582115384615385,0.6583557054145289,242.9692307692308,205.6158610314202,129.3,226.4,248.50000000000003,570.0,2008.0,,,1175.0,2012
RAJASTHAN,BARMER,SORGHUM,KHARIF,0.36404203059724877,0.2006321425979879,13,2010,36.6775,26.505192307692308,0.14338892635026618,266.4153846153846,192.0370617274777,160.9,241.4,300.8,936.0,2010.0,,,1510.0,2012
RAJASTHAN,BARMER,WHEAT,RABI,1.91462754716541,0.6519305942332576,14,2010,31.255595238095236,15.453690476190475,0.9597342976006916,31.599999999999998,31.7727023620059,2.475,33.25,49.099999999999994,1450.0,2010.0,,,1350.0,2012
RAJASTHAN,BHARATPUR,CHICKPEA,RABI,1.1410957799970534,0.29110982020184933,14,2010,28.090238095238096,12.817142857142857,0.26756592180485067,36.93571428571429,33.3554886993674,12.125,28.85,61.70000000000001,2196.0,2010.0,,,3000.0,2012
RAJASTHAN,BHARATPUR,GROUNDNUT,KHARIF,1.3192600874876557,0.35870758655458945,14,2010,35.028571428571425,27.117321428571426,0.38222646492350926,533.5142857142857,157.06886709653512,410.07500000000005,509.95,678.025,2859.0,2010.0,,,3700.0,2012
RAJASTHAN,BHARATPUR,MAIZE,KHARIF,1.2872422701275303,0.3540628311151018,14,2010,35.028571428571425,27.117321428571426,0.05456349206349206,533.5142857142857,157.06886709653512,410.07500000000005,509.95,678.025,648.0,2008.0,,,1175.0,2012
RAJASTHAN,BHARATPUR,RICE,KHARIF,1.3323475830412153,0.46037564712868595,14,2010,35.028571428571425,27.117321428571426,0.948861836127301,533.5142857142857,157.06886709653512,410.07500000000005,509.95,678.025,1569.0,2010.0,,,1265.0,2012
RAJASTHAN,BHARATPUR,SORGHUM,KHARIF,0.6454929951625827,0.15407687791296992,14,2010,35.028571428571425,27.117321428571426,0.0012054242990806499,533.5142857142857,157.06886709653512,410.07500000000005,509.95,678.025,1133.0,2010.0,,,1510.0,2012
RAJASTHAN,BHARATPUR,WHEAT,RABI,3.6184659045066567,0.39765223478173933,14,2010,28.090238095238096,12.817142857142857,1.3311725205212117,36.93571428571429,33.3554886993674,12.125,28.85,61.70000000000001,1099.0,2010.0,,,1350.0,2012
RAJASTHAN,BHILWARA,CHICKPEA,RABI,0.7776790525699351,0.22760062240373247,14,2010,29.517738095238094,14.354285714285714,0.29549848004237095,32.857142857142854,44.59363035380577,5.0,22.299999999999997,38.199999999999996,2210.0,2010.0,,,3000.0,2012
RAJASTHAN,BHILWARA,GROUNDNUT,KHARIF,0.9675191530946352,0.326882029798381,14,2010,33.879642857142855,25.870535714285715,0.06720259298659,523.9571428571428,147.5409862965632,431.97499999999997,539.45,587.325,2642.0,2010.0,,,3700.0,2012
RAJASTHAN,BHILWARA,MAIZE,KHARIF,1.2228276447661186,0.5356736705100755,14,2010,33.879642857142855,25.870535714285715,0.05937317826134741,523.9571428571428,147.5409862965632,431.97499999999997,539.45,587.325,961.0,2010.0,,,1175.0,2012
RAJASTHAN,BHILWARA,RICE,KHARIF,1.4314978331499042,0.37760834176911473,14,2010,33.879642857142855,25.870535714285715,0.8049290469944518,523.9571428571428,147.5409862965632,431.97499999999997,539.45,587.325,996.0,2010.0,,,1265.0,2012
RAJASTHAN,BHILWARA,SORGHUM,KHARIF,0.39020707672598637,0.26067826280336864,14,2010,33.879642857142855,25.870535714285715,0.0012973811173053143,523.9571428571428,147.5409862965632,431.97499999999997,539.45,587.325,869.0,2010.0,,,1510.0,2012
RAJASTHAN,BHILWARA,WHEAT,RABI,2.374377481681654,0.38443169633861235,14,2010,29.517738095238094,14.354285714285714,0.9792963662487265,32.857142857142854,44.59363035380577,5.0,22.299999999999997,38.199999999999996,1315.0,2010.0,,,1350.0,2012
RAJASTHAN,BIKANER,CHICKPEA,RABI,0.6963223008041161,0.21120556679499783,14,2010,28.765238095238093,12.651666666666667,0.742630445082668,46.33571428571429,61.44559328435143,6.175,18.25,51.125,2285.0,2010.0,,,3000.0,2012
RAJASTHAN,BIKANER,GROUNDNUT,KHARIF,1.5312658344422303,0.5307793937172153,14,2010,38.57928571428572,27.587678571428572,0.9998179298073,217.47142857142856,90.0015933924884,170.85,225.14999999999998,261.0,2414.0,2010.0,,,3700.0,2012
RAJASTHAN,BIKANER,MAIZE,KHARIF,1.1964285714285714,0.36571348851953916,8,2010,38.5725,27.5415625,0.5357142857142857,211.3625,89.17047777792187,159.625,206.2,229.725,752.0,2008.0,,,1175.0,2012
RAJASTHAN,BIKANER,RICE,KHARIF,1.454734700458493,0.3969038760657343,12,2010,38.6825,27.686666666666667,0.9113652424170416,210.15833333333333,94.57857203340929,159.625,219.35,246.4,1265.0,,,,1265.0,2012
RAJASTHAN,BIKANER,SORGHUM,KHARIF,0.4226289290451025,0.19970573034761893,14,2010,38.57928571428572,27.587678571428572,0.3957786235216383,217.47142857142856,90.0015933924884,170.85,225.14999999999998,261.0,1061.0,2010.0,,,1510.0,2012
RAJASTHAN,BIKANER,WHEAT,RABI,1.914618260293221,0.5204368592420715,14,2010,28.765238095238093,12.651666666666667,0.9969870011742229,46.33571428571429,61.44559328435143,6.175,18.25,51.125,1164.0,2010.0,,,1350.0,2012
RAJASTHAN,BUNDI,CHICKPEA,RABI,0.9492465722825865,0.18553568106087437,14,2010,29.720476190476187,14.54547619047619,0.360404262348892,28.657142857142855,31.952891148490032,3.575,21.25,37.574999999999996,2202.0,2010.0,,,3000.0,2012
RAJASTHAN,BUNDI,GROUNDNUT,KHARIF,1.316165500211502,0.36234348854279946,14,2010,34.60375,26.454285714285714,0.16870788393769018,545.1857142857143,115.67034629060728,510.5,541.9000000000001,619.375,2416.0,2010.0,,,3700.0,2012
RAJASTHAN,BUNDI,MAIZE,KHARIF,1.4746129506711114,0.6019942671609783,14,2010,34.60375,26.454285714285714,0.06556230299624659,545.1857142857143,115.67034629060728,510.5,541.9000000000001,619.375,938.0,2010.0,,,1175.0,2012
RAJASTHAN,BUNDI,RICE,KHARIF,1.4418856616052103,0.5299992950894259,14,2010,34.60375,26.454285714285714,0.9997258610889207,545.1857142857143,115.67034629060728,510.5,541.9000000000001,619.375,820.0,2004.0,,,1265.0,2012
RAJASTHAN,BUNDI,SORGHUM,KHARIF,0.7447407661842872,0.375585572892823,14,2010,34.60375,26.454285714285714,0.0013620007060256999,545.1857142857143,115.67034629060728,510.5,541.9000000000001,619.375,1002.0,2010.0,,,1510.0,2012
RAJASTHAN,BUNDI,WHEAT,RABI,3.0921287304947875,0.5074939980696034,14,2010,29.720476190476187,14.54547619047619,0.9952297007115269,28.657142857142855,31.952891148490032,3.575,21.25,37.574999999999996,1132.0,2010.0,,,1350.0,2012
RAJASTHAN,CHITTORGARH,CHICKPEA,RABI,0.840293921938845,0.16769771793296304,14,2010,29.887380952380955,14.573571428571428,0.4466779533119682,29.935714285714287,32.09544916561937,7.425000000000001,13.15,54.050000000000004,2247.0,2010.0,,,3000.0,2012
RAJASTHAN,CHITTORGARH,GROUNDNUT,KHARIF,1.207138399987183,0.21491052228858917,14,2010,33.00017857142857,25.055178571428574,0.052973831299485095,673.5571428571428,182.26573885522083,606.1999999999999,652.3,724.025,2837.0,2010.0,,,3700.0,2012
RAJASTHAN,CHITTORGARH,MAIZE,KHARIF,1.7945454770196647,0.46386034361789397,14,2010,33.00017857142857,25.055178571428574,0.026197383241548113,673.5571428571428,182.26573885522083,606.1999999999999,652.3,724.025,904.0,2010.0,,,1175.0,2012
RAJASTHAN,CHITTORGARH,RICE,KHARIF,1.4457280080856643,0.36370135806880555,14,2010,33.00017857142857,25.055178571428574,0.9994022634662972,673.5571428571428,182.26573885522083,606.1999999999999,652.3,724.025,746.0,2004.0,,,1265.0,2012
RAJASTHAN,CHITTORGARH,SORGHUM,KHARIF,0.6681363218955975,0.14981721342308577,14,2010,33.00017857142857,25.055178571428574,0.0,673.5571428571428,182.26573885522083,606.1999999999999,652.3,724.025,844.0,2010.0,,,1510.0,2012
RAJASTHAN,CHITTORGARH,WHEAT,RABI,2.9978849302468804,0.5242921591087785,14,2010,29.887380952380955,14.573571428571428,1.031711323532502,29.935714285714287,32.09544916561937,7.425000000000001,13.15,54.050000000000004,1112.0,2010.0,,,1350.0,2012
RAJASTHAN,CHURU,CHICKPEA,RABI,0.3019443255801946,0.24985345428998448,14,2010,28.59107142857143,11.753452380952382,0.12031153711906929,43.050000000000004,45.73589315927834,9.100000000000001,15.65,71.85000000000001,2320.0,2010.0,,,3000.0,2012
RAJASTHAN,CHURU,GROUNDNUT,KHARIF,1.7392513254706594,0.5013341242379868,14,2010,37.01482142857143,27.083392857142858,0.9986104183945305,279.45714285714286,127.85054203600819,182.25,265.6,361.7,2600.0,2010.0,,,3700.0,2012
RAJASTHAN,CHURU,SORGHUM,KHARIF,0.4041418041418041,0.1860029794531478,11,2010,36.98909090909091,27.156136363636367,0.44928044928044925,280.09090909090907,138.84226629197218,182.3,259.3,346.35,786.0,2008.0,,,1510.0,2012
RAJASTHAN,CHURU,WHEAT,RABI,2.332539246665219,0.5070534565667213,14,2010,28.59107142857143,11.753452380952382,0.9528909496614583,43.050000000000004,45.73589315927834,9.100000000000001,15.65,71.85000000000001,1217.0,2010.0,,,1350.0,2012
RAJASTHAN,DUNGARPUR,CHICKPEA,RABI,0.8877008330577105,0.17010751777216304,14,2010,31.950714285714287,16.005119047619047,0.14943850027466452,15.092857142857143,19.306374566476713,0.0,4.7,30.049999999999997,2351.0,2010.0,,,3000.0,2012
RAJASTHAN,DUNGARPUR,GROUNDNUT,KHARIF,1.342533172772641,0.3547782498185957,13,2010,33.380961538461534,25.52692307692308,0.3525401622476446,684.7461538461539,255.55923845358123,565.1,634.7,697.9000000000001,1812.0,2009.0,,,3700.0,2012
RAJASTHAN,DUNGARPUR,MAIZE,KHARIF,0.9114808783867573,0.420406843913457,14,2010,33.3675,25.511607142857144,0.0008171864625468072,663.0571428571428,258.5970275106863,507.8,630.1500000000001,695.9000000000001,881.0,2010.0,,,1175.0,2012
RAJASTHAN,DUNGARPUR,RICE,KHARIF,0.5649192045927806,0.37785385379224595,14,2010,33.3675,25.511607142857144,0.01956086651877468,663.0571428571428,258.5970275106863,507.8,630.1500000000001,695.9000000000001,1015.0,2010.0,,,1265.0,2012
RAJASTHAN,DUNGARPUR,SORGHUM,KHARIF,0.4204510661091837,0.1990162421704911,14,2010,33.3675,25.511607142857144,0.0,663.0571428571428,258.5970275106863,507.8,630.1500000000001,695.9000000000001,952.0,2010.0,,,1510.0,2012
RAJASTHAN,DUNGARPUR,WHEAT,RABI,1.9570131382522382,0.4590234188963688,14,2010,31.950714285714287,16.005119047619047,0.9228713141201093,15.092857142857143,19.306374566476713,0.0,4.7,30.049999999999997,1134.0,2010.0,,,1350.0,2012
RAJASTHAN,GANGANAGAR,CHICKPEA,RABI,0.652476900734481,0.20130781256130648,14,2010,27.932142857142857,11.162619047619048,0.6280086330192288,36.4,45.266357009627775,4.025,16.75,47.87499999999999,2360.0,2010.0,,,3000.0,2012
RAJASTHAN,GANGANAGAR,GROUNDNUT,KHARIF,1.2797135113032339,0.44539005288852984,14,2010,38.40767857142857,27.646785714285716,1.3030573410946327,171.15,81.83289492806479,106.27499999999999,158.55,228.85,2750.0,2009.0,,,3700.0,2012
RAJASTHAN,GANGANAGAR,MAIZE,KHARIF,1.3057434567448893,0.35496184127746677,14,2010,38.40767857142857,27.646785714285716,1.0684066949921633,171.15,81.83289492806479,106.27499999999999,158.55,228.85,752.0,2008.0,,,1175.0,2012
RAJASTHAN,GANGANAGAR,RICE,KHARIF,2.2919363158900734,0.6433366143255588,14,2010,38.40767857142857,27.646785714285716,1.5,171.15,81.83289492806479,106.27499999999999,158.55,228.85,745.0,2007.0,,,1265.0,2012
RAJASTHAN,GANGANAGAR,SORGHUM,KHARIF,0.3932171000423782,0.18087515880353716,13,2009,38.46076923076923,27.63288461538462,1.0129929237126285,159.8153846153846,72.84339190063669,102.6,147.0,219.7,786.0,2008.0,,,1510.0,2012
RAJASTHAN,GANGANAGAR,WHEAT,RABI,3.1014454166763152,0.5292371480891764,14,2010,27.932142857142857,11.162619047619048,1.5,36.4,45.266357009627775,4.025,16.75,47.87499999999999,1124.0,2010.0,,,1350.0,2012
RAJASTHAN,JAIPUR,CHICKPEA,RABI,0.8731136193962491,0.34440945995778854,14,2010,28.190238095238097,12.654761904761903,0.6403371088284499,46.19285714285714,55.22910971978056,8.2,23.6,61.275,2234.0,2010.0,,,3000.0,2012
RAJASTHAN,JAIPUR,GROUNDNUT,KHARIF,1.501339073151271,0.42801105842121595,14,2010,34.74946428571429,25.771785714285716,0.8416798718954269,429.25,145.97756281755716,335.725,406.35,539.975,2178.0,2010.0,,,3700.0,2012
RAJASTHAN,JAIPUR,MAIZE,KHARIF,0.9798029241331166,0.4281656839145496,14,2010,34.74946428571429,25.771785714285716,0.3795934897645319,429.25,145.97756281755716,335.725,406.35,539.975,908.0,2010.0,,,1175.0,2012
RAJASTHAN,JAIPUR,SORGHUM,KHARIF,0.34215294239619504,0.3125104358134586,14,2010,34.74946428571429,25.771785714285716,0.00971376436187593,429.25,145.97756281755716,335.725,406.35,539.975,1069.0,2010.0,,,1510.0,2012
RAJASTHAN,JAIPUR,WHEAT,RABI,2.716493362567175,0.5182939702684413,14,2010,28.190238095238097,12.654761904761903,1.4931538393589108,46.19285714285714,55.22910971978056,8.2,23.6,61.275,1139.0,2010.0,,,1350.0,2012
RAJASTHAN,JAISALMER,CHICKPEA,RABI,0.6586888717722653,0.15900807358309887,14,2010,30.365714285714287,14.014642857142857,0.9280286176527843,20.37857142857143,23.018226175440546,2.6,12.549999999999999,28.75,2336.0,2009.0,,,3000.0,2012
RAJASTHAN,JAISALMER,GROUNDNUT,KHARIF,1.2224195425532127,0.2982416608218807,14,2010,39.003750000000004,27.446964285714284,1.00144679047579,172.37857142857143,93.29514933859043,98.975,176.85,216.925,2610.0,2009.0,,,3700.0,2012
RAJASTHAN,JAISALMER,SORGHUM,KHARIF,0.38041233849710554,0.20527074972452927,13,2010,38.97769230769231,27.424999999999997,0.08525291517611697,178.83076923076925,93.79720486787248,117.5,182.7,222.4,602.0,2008.0,,,1510.0,2012
RAJASTHAN,JAISALMER,WHEAT,RABI,2.2628796715236494,0.8114091327785874,14,2010,30.365714285714287,14.014642857142857,0.872505589352798,20.37857142857143,23.018226175440546,2.6,12.549999999999999,28.75,1196.0,2009.0,,,1350.0,2012
RAJASTHAN,JALORE,CHICKPEA,RABI,0.6828601639569779,0.16183157424150293,14,2010,31.688095238095237,15.74797619047619,0.2402161469086442,37.121428571428574,47.71421621038565,0.325,19.85,60.575,2420.0,2010.0,,,3000.0,2012
RAJASTHAN,JALORE,GROUNDNUT,KHARIF,1.250316236724202,0.3321977732098592,14,2010,35.76428571428571,26.62017857142857,0.6294976556578342,370.7,204.0641754260353,190.55,322.5,477.85,2400.0,2010.0,,,3700.0,2012
RAJASTHAN,JALORE,MAIZE,KHARIF,1.3130172547436858,0.3610860867670204,14,2010,35.76428571428571,26.62017857142857,0.8553912649107783,370.7,204.0641754260353,190.55,322.5,477.85,1000.0,2010.0,,,1175.0,2012
RAJASTHAN,JALORE,SORGHUM,KHARIF,0.38943384569435857,0.20079722762813085,14,2010,35.76428571428571,26.62017857142857,0.02845905063481915,370.7,204.0641754260353,190.55,322.5,477.85,800.0,2010.0,,,1510.0,2012
RAJASTHAN,JALORE,WHEAT,RABI,1.6096723448752903,0.21026657151594938,14,2010,31.688095238095237,15.74797619047619,0.9613221009074319,37.121428571428574,47.71421621038565,0.325,19.85,60.575,1521.0,2010.0,,,1350.0,2012
RAJASTHAN,JHALAWAR,CHICKPEA,RABI,0.8335869296627051,0.1675171361567407,14,2010,30.75190476190476,14.696190476190477,0.3796782531315984,40.800000000000004,66.34176083560966,11.35,17.5,46.0,2281.0,2010.0,,,3000.0,2012
RAJASTHAN,JHALAWAR,GROUNDNUT,KHARIF,1.124624430067706,0.34352919399950865,14,2010,33.35482142857143,25.165357142857143,0.0024921781323832214,739.8642857142858,180.520237975362,615.925,706.45,829.925,2826.0,2010.0,,,3700.0,2012
RAJASTHAN,JHALAWAR,MAIZE,KHARIF,1.6393783539887263,0.49876545575467235,14,2010,33.35482142857143,25.165357142857143,0.0017543107508212,739.8642857142858,180.520237975362,615.925,706.45,829.925,894.0,2010.0,,,1175.0,2012
RAJASTHAN,JHALAWAR,RICE,KHARIF,1.4927512298908618,0.44155073151395574,14,2010,33.35482142857143,25.165357142857143,0.631521768239456,739.8642857142858,180.520237975362,615.925,706.45,829.925,775.0,2004.0,,,1265.0,2012
RAJASTHAN,JHALAWAR,SORGHUM,KHARIF,1.061462991711299,0.43242078480604007,14,2010,33.35482142857143,25.165357142857143,0.0006549411335024357,739.8642857142858,180.520237975362,615.925,706.45,829.925,1138.0,2010.0,,,1510.0,2012
RAJASTHAN,JHALAWAR,WHEAT,RABI,2.709959284376789,0.48571324865094817,14,2010,30.75190476190476,14.696190476190477,0.9944771932132479,40.800000000000004,66.34176083560966,11.35,17.5,46.0,1188.0,2010.0,,,1350.0,2012
RAJASTHAN,JHUNJHUNU,CHICKPEA,RABI,0.9560510970201042,0.2494774701581144,14,2010,27.961785714285718,11.378214285714284,,47.31428571428571,52.75503413299651,7.925000000000001,21.9,85.575,2302.0,2010.0,,,3000.0,2012
RAJASTHAN,JHUNJHUNU,GROUNDNUT,KHARIF,1.3095998973600513,0.3170220944529839,14,2010,35.496785714285714,26.240178571428572,,360.15000000000003,142.41863939159734,267.425,354.3,415.95,2452.0,2009.0,,,3700.0,2012
RAJASTHAN,JHUNJHUNU,MAIZE,KHARIF,1.3333333333333333,0.49999999999999994,9,2010,35.59,26.49888888888889,,354.81111111111113,172.515966249826,255.2,311.6,418.2,752.0,2008.0,,,1175.0,2012
RAJASTHAN,JHUNJHUNU,SORGHUM,KHARIF,0.4253719360984807,0.19568421571353248,12,2010,35.509166666666665,26.33729166666667,,352.34999999999997,153.31465268288193,262.625,316.8,431.25,786.0,2008.0,,,1510.0,2012
RAJASTHAN,JHUNJHUNU,WHEAT,RABI,2.9514067067855483,0.41960287332377244,14,2010,27.961785714285718,11.378214285714284,,47.31428571428571,52.75503413299651,7.925000000000001,21.9,85.575,1143.0,2010.0,,,1350.0,2012
RAJASTHAN,JODHPUR,CHICKPEA,RABI,0.7038915767920232,0.14100064454387062,14,2010,29.75845238095238,14.142261904761906,0.20959370452000772,25.92142857142857,31.111886884187943,0.9249999999999999,11.6,48.425,2190.0,2010.0,,,3000.0,2012
RAJASTHAN,JODHPUR,GROUNDNUT,KHARIF,1.422221514650138,0.33201729597419377,14,2010,36.70785714285715,26.809642857142855,0.9609585086081458,255.2357142857143,91.52241933951618,217.29999999999998,251.89999999999998,304.8,2386.0,2010.0,,,3700.0,2012
RAJASTHAN,JODHPUR,MAIZE,KHARIF,1.3037264163425155,0.3713086760109769,13,2010,36.78730769230769,26.878846153846155,0.8490938885675727,245.40769230769232,87.23207037875522,216.2,249.2,278.4,1041.0,2009.0,,,1175.0,2012
RAJASTHAN,JODHPUR,SORGHUM,KHARIF,0.33068598790737874,0.258857714551259,14,2010,36.70785714285715,26.809642857142855,0.014916452590485657,255.2357142857143,91.52241933951618,217.29999999999998,251.89999999999998,304.8,1189.0,2010.0,,,1510.0,2012
RAJASTHAN,JODHPUR,WHEAT,RABI,2.1323950133981673,0.3775635174625257,14,2010,29.75845238095238,14.142261904761906,0.9891219963119882,25.92142857142857,31.111886884187943,0.9249999999999999,11.6,48.425,1434.0,2010.0,,,1350.0,2012
RAJASTHAN,KOTA,CHICKPEA,RABI,1.0157463815556957,0.19964804589015753,14,2010,30.027261904761904,14.39595238095238,1.104586201152256,34.80714285714286,25.50630281943041,18.575,30.299999999999997,46.625,2244.0,2010.0,,,3000.0,2012
RAJASTHAN,KOTA,GROUNDNUT,KHARIF,1.3151867196353226,0.36258628463899717,14,2010,34.31142857142857,26.146607142857142,0.2853765321253839,659.2857142857143,161.25608805271798,553.0,636.7,780.725,2242.0,2010.0,,,3700.0,2012
RAJASTHAN,KOTA,MAIZE,KHARIF,1.4422594551960366,0.40922646062411033,14,2010,34.31142857142857,26.146607142857142,0.035274267389333154,659.2857142857143,161.25608805271798,553.0,636.7,780.725,946.0,2010.0,,,1175.0,2012
RAJASTHAN,KOTA,RICE,KHARIF,1.9944354393433787,0.6228003568182108,14,2010,34.31142857142857,26.146607142857142,1.3567307598642517,659.2857142857143,161.25608805271798,553.0,636.7,780.725,647.0,2004.0,,,1265.0,2012
RAJASTHAN,KOTA,SORGHUM,KHARIF,1.0721509735398536,0.2932849801497444,14,2010,34.31142857142857,26.146607142857142,0.0027960320388643787,659.2857142857143,161.25608805271798,553.0,636.7,780.725,1078.0,2010.0,,,1510.0,2012
RAJASTHAN,KOTA,WHEAT,RABI,3.15081710323588,0.4278463128437631,14,2010,30.027261904761904,14.39595238095238,1.5,34.80714285714286,25.50630281943041,18.575,30.299999999999997,46.625,1165.0,2010.0,,,1350.0,2012
RAJASTHAN,NAGAUR,CHICKPEA,RABI,0.9491075055373223,0.34264967843282146,14,2010,29.006071428571428,13.068690476190477,0.7413726126325876,30.578571428571426,39.80406199935317,1.75,11.55,43.925,2265.0,2010.0,,,3000.0,2012
RAJASTHAN,NAGAUR,GROUNDNUT,KHARIF,1.3491973188726472,0.6521897191440226,14,2010,35.83,26.4325,0.6756484291126313,299.6714285714285,120.19908759778778,216.45,288.65000000000003,365.2,2839.0,2010.0,,,3700.0,2012
RAJASTHAN,NAGAUR,MAIZE,KHARIF,1.2905501027629234,0.39606261755988786,14,2010,35.83,26.4325,0.9697343933167853,299.6714285714285,120.19908759778778,216.45,288.65000000000003,365.2,982.0,2010.0,,,1175.0,2012
RAJASTHAN,NAGAUR,SORGHUM,KHARIF,0.41743362442087495,0.2940503299382593,14,2010,35.83,26.4325,0.013581921524970206,299.6714285714285,120.19908759778778,216.45,288.65000000000003,365.2,1219.0,2010.0,,,1510.0,2012
RAJASTHAN,NAGAUR,WHEAT,RABI,2.0469822869548286,0.6210148069516779,14,2010,29.006071428571428,13.068690476190477,0.9808707312857072,30.578571428571426,39.80406199935317,1.75,11.55,43.925,1314.0,2010.0,,,1350.0,2012
RAJASTHAN,PALI,CHICKPEA,RABI,0.7434343950769006,0.2994614680757022,14,2010,30.416666666666664,14.949047619047619,0.28122691253734056,34.22857142857143,45.01773032879428,0.22499999999999998,11.0,53.050000000000004,2191.0,2010.0,,,3000.0,2012
RAJASTHAN,PALI,GROUNDNUT,KHARIF,0.8196584363415352,0.6147738847946085,13,2010,34.916346153846156,26.41826923076923,0.029414971351744444,409.03846153846155,146.4809119445348,314.2,369.9,522.0,2114.0,2008.0,,,3700.0,2012
RAJASTHAN,PALI,MAIZE,KHARIF,0.735346210186678,0.5105069843159249,14,2010,34.99928571428571,26.497857142857146,0.13374206100201164,399.15,145.51662738722968,302.2,355.15,516.925,1114.0,2010.0,,,1175.0,2012
RAJASTHAN,PALI,SORGHUM,KHARIF,0.25833652032869614,0.2253572717036192,14,2010,34.99928571428571,26.497857142857146,0.0015960509479691304,399.15,145.51662738722968,302.2,355.15,516.925,1057.0,2010.0,,,1510.0,2012
RAJASTHAN,PALI,WHEAT,RABI,1.718559150275473,0.25509053174528407,14,2010,30.416666666666664,14.949047619047619,0.961665890167631,34.22857142857143,45.01773032879428,0.22499999999999998,11.0,53.050000000000004,1334.0,2010.0,,,1350.0,2012
RAJASTHAN,SIKAR,CHICKPEA,RABI,1.0566566355147806,0.1943164509113169,14,2010,27.900238095238098,11.62297619047619,0.7915416920777174,43.707142857142856,55.37320185357248,7.824999999999999,24.35,47.175000000000004,2298.0,2010.0,,,3000.0,2012
RAJASTHAN,SIKAR,GROUNDNUT,KHARIF,1.5446677765141241,0.36538335788932,14,2010,34.86357142857143,25.916607142857142,0.9600595099054939,334.3357142857143,151.74785567940228,243.82500000000002,291.6,390.05,2893.0,2010.0,,,3700.0,2012
RAJASTHAN,SIKAR,MAIZE,KHARIF,1.3705269224723797,0.3944249372611642,14,2010,34.86357142857143,25.916607142857142,0.5962298632975107,334.3357142857143,151.74785567940228,243.82500000000002,291.6,390.05,750.0,2008.0,,,1175.0,2012
RAJASTHAN,SIKAR,SORGHUM,KHARIF,0.4226760874078688,0.2049855603227887,13,2010,34.902115384615385,26.003076923076925,0.6059866752680517,329.74615384615385,156.92957345778083,235.8,277.6,378.2000000000001,700.0,2008.0,,,1510.0,2012
RAJASTHAN,SIKAR,WHEAT,RABI,2.7297337957455383,0.502684523225552,14,2010,27.900238095238098,11.62297619047619,0.9993429720151681,43.707142857142856,55.37320185357248,7.824999999999999,24.35,47.175000000000004,1233.0,2010.0,,,1350.0,2012
RAJASTHAN,SIROHI,CHICKPEA,RABI,0.71967711612845,0.15068395844018478,14,2010,30.479761904761904,15.388690476190476,0.40856432203507687,84.64285714285714,134.1837988288149,8.375,44.35,73.3,2170.0,2010.0,,,3000.0,2012
RAJASTHAN,SIROHI,GROUNDNUT,KHARIF,1.2323418576410017,0.3556658546735874,14,2010,33.62642857142857,25.564107142857143,0.5387532989121226,681.1928571428572,324.64268515088713,472.47499999999997,632.0,842.1250000000001,2266.0,2010.0,,,3700.0,2012
RAJASTHAN,SIROHI,MAIZE,KHARIF,1.0597624689097136,0.6126491081864127,14,2010,33.62642857142857,25.564107142857143,0.04574941429132617,681.1928571428572,324.64268515088713,472.47499999999997,632.0,842.1250000000001,1116.0,2010.0,,,1175.0,2012
RAJASTHAN,SIROHI,RICE,KHARIF,1.4760920897284535,0.45520886820652146,11,2008,33.57090909090909,25.505681818181817,0.0,677.3727272727273,359.5542631951653,467.15,577.0,861.7,1265.0,,,,1265.0,2012
RAJASTHAN,SIROHI,SORGHUM,KHARIF,0.45740104590198727,0.2446835635723908,13,2010,33.6025,25.543076923076924,0.016249303000928614,668.5230769230768,334.27684423205807,470.9,577.0,830.8000000000001,1136.0,2010.0,,,1510.0,2012
RAJASTHAN,SIROHI,WHEAT,RABI,2.2052368206485773,0.38061379419004177,14,2010,30.479761904761904,15.388690476190476,0.9738503853769137,84.64285714285714,134.1837988288149,8.375,44.35,73.3,1362.0,2010.0,,,1350.0,2012
RAJASTHAN,TONK,CHICKPEA,RABI,0.648388812192076,0.10309091472419825,14,2010,29.310238095238095,13.845238095238097,0.22185324058158146,28.607142857142858,40.62296554500089,0.3,10.85,33.875,2213.0,2010.0,,,3000.0,2012
RAJASTHAN,TONK,GROUNDNUT,KHARIF,0.669542850467175,0.3939868088269248,14,2010,35.09482142857143,26.385535714285712,0.019936776043046715,461.82142857142856,145.6419433382453,364.05,481.75,570.825,2410.0,2010.0,,,3700.0,2012
RAJASTHAN,TONK,MAIZE,KHARIF,0.8553104704420639,0.3484734392844889,14,2010,35.09482142857143,26.385535714285712,0.05882887693869051,461.82142857142856,145.6419433382453,364.05,481.75,570.825,959.0,2010.0,,,1175.0,2012
RAJASTHAN,TONK,RICE,KHARIF,1.3740923055439185,0.35242171374106224,10,2010,35.283249999999995,26.57525,0.92032537355118,467.18,153.39878892756764,380.35,481.75,570.575,1265.0,,,,1265.0,2012
RAJASTHAN,TONK,SORGHUM,KHARIF,0.3134764147372608,0.19275772492876359,14,2010,35.09482142857143,26.385535714285712,0.0002508410381,461.82142857142856,145.6419433382453,364.05,481.75,570.825,1182.0,2010.0,,,1510.0,2012
RAJASTHAN,TONK,WHEAT,RABI,2.2803827454779126,0.5526055809955155,14,2010,29.310238095238095,13.845238095238097,0.8963654404838983,28.607142857142858,40.62296554500089,0.3,10.85,33.875,1109.0,2010.0,,,1350.0,2012
RAJASTHAN,UDAIPUR,CHICKPEA,RABI,0.9137030179749249,0.28294759990205287,14,2010,30.089166666666667,14.613095238095237,0.41818821349047386,26.67142857142857,34.23098975111089,3.225,15.0,30.725,2251.0,2010.0,,,3000.0,2012
RAJASTHAN,UDAIPUR,GROUNDNUT,KHARIF,0.8180258436928908,0.2366041316551014,14,2010,32.04678571428571,24.361785714285713,0.01089763640671162,591.0642857142857,184.2192490031829,521.3,578.8499999999999,605.95,3313.0,2010.0,,,3700.0,2012
RAJASTHAN,UDAIPUR,MAIZE,KHARIF,1.328920048389476,0.33128915602449155,14,2010,32.04678571428571,24.361785714285713,0.010411060363745393,591.0642857142857,184.2192490031829,521.3,578.8499999999999,605.95,975.0,2010.0,,,1175.0,2012
RAJASTHAN,UDAIPUR,RICE,KHARIF,0.7264111670719807,0.29311345052939286,14,2010,32.04678571428571,24.361785714285713,0.0006829201666325,591.0642857142857,184.2192490031829,521.3,578.8499999999999,605.95,1063.0,2010.0,,,1265.0,2012
RAJASTHAN,UDAIPUR,SORGHUM,KHARIF,0.48640945386483075,0.17117590701030444,14,2010,32.04678571428571,24.361785714285713,0.0,591.0642857142857,184.2192490031829,521.3,578.8499999999999,605.95,888.0,2010.0,,,1510.0,2012
RAJASTHAN,UDAIPUR,WHEAT,RABI,2.3948450819256375,0.2862047048808296,14,2010,30.089166666666667,14.613095238095237,1.3146613830592846,26.67142857142857,34.23098975111089,3.225,15.0,30.725,1257.0,2010.0,,,1350.0,2012
TAMIL NADU,COIMBATORE,CHICKPEA,RABI,0.7593849557120854,0.07442022766444328,9,2012,30.20148148148148,19.802222222222223,0.00386100386100385,421.94444444444446,139.89410379918726,334.2,415.5,528.4,1860.0,2005.0,,,3000.0,2012
TAMIL NADU,COIMBATORE,CHICKPEA,WHOLE YEAR,0.9371441581039059,0.5897920583857222,7,2013,30.20547619047619,20.77988095238095,0.022389625537511174,804.6857142857143,285.64953718715896,743.7,847.9,902.0,3783.0,2013.0,,,3000.0,2012
TAMIL NADU,COIMBATORE,GROUNDNUT,KHARIF,1.6000954502901894,0.5211070092041612,12,2013,28.916875,21.248333333333335,0.7198195846130634,212.92499999999998,154.1742704922523,108.2,175.2,264.55,4295.0,2013.0,4135.55,2013.0,3700.0,2012
TAMIL NADU,COIMBATORE,GROUNDNUT,WHOLE YEAR,1.980461195402691,0.7741153601154841,5,2009,30.193166666666663,20.75633333333333,0.8128363875020325,892.8,197.88588883495456,765.6,847.9,905.7,2375.0,2009.0,4135.55,2013.0,3700.0,2012
TAMIL NADU,COIMBATORE,MAIZE,KHARIF,3.082046372459028,2.732047530679451,10,2013,28.936,21.26875,1.0866021609695944,189.7,136.49485134775028,98.0,175.2,225.3,1595.0,2013.0,1297.13,2013.0,1175.0,2012
TAMIL NADU,COIMBATORE,RICE,KHARIF,4.008881240156365,1.6276598210926754,16,2013,28.955625,21.285625,1.5,253.33125,188.44705257710982,134.45,194.65,383.075,1150.0,2013.0,1257.77,2013.0,1265.0,2012
TAMIL NADU,COIMBATORE,SORGHUM,KHARIF,0.5019129796894657,0.21075691405277983,10,2013,28.884000000000004,21.21675,0.06504641050569762,220.46999999999997,169.22157105733035,98.0,177.55,327.05,1452.0,2013.0,1579.47,2013.0,1510.0,2012
TAMIL NADU,COIMBATORE,SORGHUM,WHOLE YEAR,0.5875071573939513,0.1552169655665257,5,2009,30.193166666666663,20.75633333333333,0.056500575979582655,892.8,197.88588883495456,765.6,847.9,905.7,977.0,2009.0,1579.47,2013.0,1510.0,2012
TAMIL NADU,MADURAI,CHICKPEA,RABI,0.6337951620851052,0.07524983828008898,8,2012,31.878541666666667,22.338125,0.25930770160755656,520.6875,201.2140753206466,368.65,448.05000000000007,658.95,2917.0,2012.0,,,3000.0,2012
TAMIL NADU,MADURAI,CHICKPEA,WHOLE YEAR,0.5891648944936069,0.03933642389447184,7,2013,33.65988095238095,24.021785714285716,0.07150395210096702,770.7428571428571,316.8274496585529,688.3999999999999,814.6999999999999,916.2,3921.0,2013.0,,,3000.0,2012
TAMIL NADU,MADURAI,GROUNDNUT,KHARIF,1.6665378942050595,0.21821761059878678,12,2013,34.958333333333336,25.520625,1.423297250800091,231.475,107.34029257036198,179.60000000000002,220.15,322.225,4155.0,2013.0,4135.55,2013.0,3700.0,2012
TAMIL NADU,MADURAI,GROUNDNUT,WHOLE YEAR,1.7807791064347005,0.3121880861864039,5,2009,33.58266666666667,23.933,1.5,920.3,173.0700147339221,814.6999999999999,834.2,998.2,2495.0,2009.0,4135.55,2013.0,3700.0,2012
TAMIL NADU,MADURAI,MAIZE,KHARIF,2.602355767615149,0.9392489367215324,10,2013,34.9825,25.54575,1.5,234.5,117.31888168577127,175.5,245.75,333.67499999999995,1515.0,2013.0,1297.13,2013.0,1175.0,2012
TAMIL NADU,MADURAI,MAIZE,WHOLE YEAR,2.7653317766850667,0.47584609985712756,5,2009,33.58266666666667,23.933,1.5,920.3,173.0700147339221,814.6999999999999,834.2,998.2,917.0,2009.0,1297.13,2013.0,1175.0,2012
TAMIL NADU,MADURAI,RICE,KHARIF,3.788683553615396,0.636801020659655,16,2013,34.97359375,25.534375,1.4978303471905465,231.63125,97.63992843606553,179.60000000000002,226.60000000000002,312.22499999999997,1310.0,2013.0,1257.77,2013.0,1265.0,2012
TAMIL NADU,MADURAI,SORGHUM,KHARIF,1.2569789619492604,0.30224089473556437,10,2013,34.90625,25.470000000000002,0.6159941174084874,228.85999999999999,115.38420072859964,174.2,220.15,333.67499999999995,1682.0,2013.0,1579.47,2013.0,1510.0,2012
TAMIL NADU,MADURAI,SORGHUM,WHOLE YEAR,0.9203967096974154,0.26695029803013354,5,2009,33.58266666666667,23.933,0.4762073884129757,920.3,173.0700147339221,814.6999999999999,834.2,998.2,944.0,2009.0,1579.47,2013.0,1510.0,2012
TAMIL NADU,SALEM,CHICKPEA,RABI,0.47210343920208736,0.060678067538091414,9,2012,31.613148148148145,20.339259259259258,0.6313496932515338,420.56666666666666,150.1458707390916,297.0,361.2,490.7,3371.0,2012.0,,,3000.0,2012
TAMIL NADU,SALEM,CHICKPEA,WHOLE YEAR,0.5106043084196773,0.12674774673308337,7,2013,32.825833333333335,21.964166666666667,1.1923076923076923,865.5714285714286,300.84535736424294,873.05,952.8,1019.8,4149.0,2013.0,,,3000.0,2012
TAMIL NADU,SALEM,GROUNDNUT,KHARIF,1.6456974775057367,0.3970983284824714,12,2013,33.05770833333333,23.128125,0.7854207597298956,385.36666666666673,150.38271983257394,380.6,419.6500000000001,477.8,4025.0,2013.0,4135.55,2013.0,3700.0,2012
TAMIL NADU,SALEM,GROUNDNUT,WHOLE YEAR,1.498752871697911,0.030436374131599064,5,2009,32.74716666666667,21.873833333333334,0.5035470537721378,1003.0,73.64346542633642,952.8,1019.2,1020.4,2217.0,2009.0,4135.55,2013.0,3700.0,2012
TAMIL NADU,SALEM,MAIZE,KHARIF,3.4755134878259852,2.1816919068524725,10,2013,33.071749999999994,23.1435,0.7749305201108558,381.94,165.99777240807916,350.0,436.1,487.4,1444.0,2013.0,1297.13,2013.0,1175.0,2012
TAMIL NADU,SALEM,MAIZE,WHOLE YEAR,3.423446781070747,1.146277634089707,5,2009,32.74716666666667,21.873833333333334,0.8769296390053609,1003.0,73.64346542633642,952.8,1019.2,1020.4,827.0,2009.0,1297.13,2013.0,1175.0,2012
TAMIL NADU,SALEM,RICE,KHARIF,3.960672504777115,0.4840209883119667,16,2013,33.065937500000004,23.13484375,1.5,396.375,132.70300926002648,386.825,419.6500000000001,476.75,1108.0,2013.0,1257.77,2013.0,1265.0,2012
TAMIL NADU,SALEM,SORGHUM,KHARIF,0.9473010591739686,0.34810106043586436,10,2013,33.0155,23.086750000000002,0.6877973870011346,363.76000000000005,154.65451963794803,350.0,402.5,462.55,1521.0,2013.0,1579.47,2013.0,1510.0,2012
TAMIL NADU,SALEM,SORGHUM,WHOLE YEAR,1.0094655991765582,0.5118871728051998,5,2009,32.74716666666667,21.873833333333334,0.6592645927620306,1003.0,73.64346542633642,952.8,1019.2,1020.4,780.0,2008.0,1579.47,2013.0,1510.0,2012
TAMIL NADU,THANJAVUR,GROUNDNUT,KHARIF,2.469518436379747,0.800252049015059,12,2013,34.92729166666667,25.803749999999997,1.3554053902385161,257.5833333333333,112.83650145500816,208.22500000000002,281.70000000000005,352.15,4175.0,2013.0,4135.55,2013.0,3700.0,2012
TAMIL NADU,THANJAVUR,GROUNDNUT,WHOLE YEAR,2.2569132039356385,0.8524929556377644,5,2009,32.95933333333333,24.312333333333335,1.3654978816978844,1216.52,258.69348078372605,1067.6,1296.6999999999998,1427.8,2558.0,2009.0,4135.55,2013.0,3700.0,2012
TAMIL NADU,THANJAVUR,MAIZE,KHARIF,3.7346471773484624,1.5826167355849792,10,2013,34.93275,25.810750000000002,1.5,252.41,123.68184498048926,198.075,257.35,353.65,1649.0,2013.0,1297.13,2013.0,1175.0,2012
TAMIL NADU,THANJAVUR,MAIZE,WHOLE YEAR,4.555154107675178,1.4609635174615714,5,2009,32.95933333333333,24.312333333333335,1.5,1216.52,258.69348078372605,1067.6,1296.6999999999998,1427.8,943.0,2009.0,1297.13,2013.0,1175.0,2012
TAMIL NADU,THANJAVUR,RICE,KHARIF,3.111442511866535,0.7070151040697796,16,2013,34.938125,25.81328125,1.5,256.9375,97.30155788406815,214.65,259.6,315.175,1078.0,2013.0,1257.77,2013.0,1265.0,2012
TAMIL NADU,THE NILGIRIS,GROUNDNUT,KHARIF,1.551892551892552,0.6380327977432724,7,2013,22.598214285714285,15.560357142857143,0.15873015873015875,779.1142857142858,215.91439220650568,646.0999999999999,716.6,828.15,5179.5,2013.0,4135.55,2013.0,3700.0,2012
TAMIL NADU,THE NILGIRIS,RICE,KHARIF,3.582297681499716,0.42020308217134794,16,2013,22.686875,15.62375,0.016545656331104948,767.025,328.52311638604675,641.15,822.75,970.325,1150.0,2013.0,1257.77,2013.0,1265.0,2012
TELANGANA,ADILABAD,CHICKPEA,RABI,1.0810829344636672,0.4663949593243361,17,2014,31.881666666666668,17.793333333333333,0.08714615168285995,114.5529411764706,70.34380851971852,61.0,106.0,154.0,2050.0,2011.0,,,3000.0,2012
TELANGANA,ADILABAD,GROUNDNUT,KHARIF,0.7795308636834777,0.17380422308584909,13,2013,32.433653846153845,24.550769230769234,1.5,929.7230769230769,215.90824885371316,836.0,943.0,1014.0,2505.0,2010.0,,,3700.0,2012
TELANGANA,ADILABAD,GROUNDNUT,RABI,1.4432175546053085,0.30217015244743217,17,2014,31.881666666666668,17.793333333333333,0.91303198049023,114.5529411764706,70.34380851971852,61.0,106.0,154.0,3651.0,2011.0,,,3700.0,2012
TELANGANA,ADILABAD,MAIZE,KHARIF,3.19090180747549,0.7571771149521285,17,2014,32.49632352941177,24.61,0.6987780261672195,888.0470588235294,206.13156028871182,804.0,867.0,1000.0,878.0,2011.0,,,1175.0,2012
TELANGANA,ADILABAD,MAIZE,RABI,3.6752313997509627,0.7693672206574489,17,2014,31.881666666666668,17.793333333333333,1.4598159230106924,114.5529411764706,70.34380851971852,61.0,106.0,154.0,878.0,2011.0,,,1175.0,2012
TELANGANA,ADILABAD,RICE,KHARIF,2.207386254500523,0.4737850871085547,17,2014,32.49632352941177,24.61,0.9771889877973194,888.0470588235294,206.13156028871182,804.0,867.0,1000.0,987.0,2011.0,,,1265.0,2012
TELANGANA,ADILABAD,RICE,RABI,2.619343324468953,0.33939928952826365,17,2014,31.881666666666668,17.793333333333333,1.5,114.5529411764706,70.34380851971852,61.0,106.0,154.0,987.0,2011.0,,,1265.0,2012
TELANGANA,ADILABAD,SORGHUM,KHARIF,1.4552894361124185,0.4507897643468324,17,2014,32.49632352941177,24.61,0.05006238219350362,888.0470588235294,206.13156028871182,804.0,867.0,1000.0,992.0,2011.0,,,1510.0,2012
TELANGANA,ADILABAD,SORGHUM,RABI,0.6410586668240694,0.17982943387967534,17,2014,31.881666666666668,17.793333333333333,0.045942942222071924,114.5529411764706,70.34380851971852,61.0,106.0,154.0,992.0,2011.0,,,1510.0,2012
TELANGANA,ADILABAD,WHEAT,RABI,0.8007384696319092,0.37576294212104827,17,2014,31.881666666666668,17.793333333333333,0.8086011877973618,114.5529411764706,70.34380851971852,61.0,106.0,154.0,1350.0,,,,1350.0,2012
TELANGANA,KARIMNAGAR,CHICKPEA,RABI,0.9826420242948138,0.4136844908078577,17,2014,31.83029411764706,18.453235294117647,0.16808268672197554,119.28235294117647,81.66900601891545,59.0,120.0,147.0,2592.0,2011.0,,,3000.0,2012
TELANGANA,KARIMNAGAR,GROUNDNUT,KHARIF,0.7793955559747908,0.28792765696335376,16,2014,32.6615625,24.86671875,1.5,713.6625,203.7163743214243,565.8499999999999,656.8,917.5,3645.0,2011.0,,,3700.0,2012
TELANGANA,KARIMNAGAR,GROUNDNUT,RABI,1.6427196505157813,0.3165831729631072,17,2014,31.83029411764706,18.453235294117647,1.021404609977661,119.28235294117647,81.66900601891545,59.0,120.0,147.0,3645.0,2011.0,,,3700.0,2012
TELANGANA,KARIMNAGAR,MAIZE,KHARIF,3.763470349510154,0.92988804582292,17,2014,32.645147058823525,24.849117647058822,1.032558453515629,715.8000000000001,197.44432126551524,571.8,712.0,916.0,990.0,2011.0,,,1175.0,2012
TELANGANA,KARIMNAGAR,MAIZE,RABI,4.719047125949876,0.6854689426135874,17,2014,31.83029411764706,18.453235294117647,1.5,119.28235294117647,81.66900601891545,59.0,120.0,147.0,990.0,2011.0,,,1175.0,2012
TELANGANA,KARIMNAGAR,RICE,KHARIF,3.1335216185002333,0.32922906792003204,17,2014,32.645147058823525,24.849117647058822,1.4777005038613407,715.8000000000001,197.44432126551524,571.8,712.0,916.0,997.0,2011.0,,,1265.0,2012
TELANGANA,KARIMNAGAR,RICE,RABI,3.3213474462680237,0.29188814144823044,17,2014,31.83029411764706,18.453235294117647,1.5,119.28235294117647,81.66900601891545,59.0,120.0,147.0,997.0,2011.0,,,1265.0,2012
TELANGANA,KARIMNAGAR,SORGHUM,KHARIF,0.8700316855978267,0.26179677694357134,13,2014,32.60807692307692,24.818461538461538,0.9112903846833399,734.0769230769231,218.08358548137056,571.8,712.0,922.0,775.0,2010.0,,,1510.0,2012
TELANGANA,KARIMNAGAR,SORGHUM,RABI,0.9158455606435294,0.308507454742541,15,2014,31.81222222222222,18.436444444444444,0.21081836832119646,124.98666666666666,82.68873534152614,73.35,120.0,161.5,1165.0,2011.0,,,1510.0,2012
TELANGANA,KARIMNAGAR,WHEAT,RABI,0.819355777989769,0.2859255921032315,14,2011,31.881071428571428,18.465595238095236,0.9480023683186831,104.73571428571428,64.64237247101408,44.0,116.0,144.75,1350.0,,,,1350.0,2012
TELANGANA,KHAMMAM,CHICKPEA,RABI,1.207981905201793,0.32493722965818755,14,2014,31.37095238095238,19.333809523809524,0.07626691120630769,149.12857142857143,75.43820118349984,96.25,128.0,202.75,2808.0,2011.0,,,3000.0,2012
TELANGANA,KHAMMAM,GROUNDNUT,KHARIF,1.0369219958482905,0.3703260396824039,16,2014,32.8821875,25.06234375,1.5,899.53125,225.58316934484864,725.75,931.0,1153.25,3592.0,2011.0,,,3700.0,2012
TELANGANA,KHAMMAM,GROUNDNUT,RABI,1.5510184760815342,0.22130111967023802,17,2014,31.425,19.380392156862747,0.7520690903713994,160.87058823529412,78.3169582905411,106.0,144.0,214.0,3592.0,2011.0,,,3700.0,2012
TELANGANA,KHAMMAM,MAIZE,KHARIF,3.6114118923767293,1.1990682899240046,17,2014,32.864558823529414,25.04455882352941,0.6796999451503434,902.3823529411765,218.73607451473944,736.0,936.0,1151.0,1058.0,2011.0,,,1175.0,2012
TELANGANA,KHAMMAM,MAIZE,RABI,5.2260105293687005,1.5508509763205407,17,2014,31.425,19.380392156862747,1.0733340498685502,160.87058823529412,78.3169582905411,106.0,144.0,214.0,1058.0,2011.0,,,1175.0,2012
TELANGANA,KHAMMAM,RICE,KHARIF,2.62805839394773,0.3919461160765999,17,2014,32.864558823529414,25.04455882352941,1.0003074866753356,902.3823529411765,218.73607451473944,736.0,936.0,1151.0,1093.0,2011.0,,,1265.0,2012
TELANGANA,KHAMMAM,RICE,RABI,3.0436289061111004,0.45860819954497334,17,2014,31.425,19.380392156862747,1.5,160.87058823529412,78.3169582905411,106.0,144.0,214.0,1093.0,2011.0,,,1265.0,2012
TELANGANA,KHAMMAM,SORGHUM,KHARIF,0.9133958918653313,0.25392567833339397,16,2014,32.8821875,25.06234375,0.06917511954658513,899.53125,225.58316934484864,725.75,931.0,1153.25,1573.0,2011.0,,,1510.0,2012
TELANGANA,KHAMMAM,SORGHUM,RABI,0.8211693464164106,0.2564063666604744,17,2014,31.425,19.380392156862747,0.005208347706555888,160.87058823529412,78.3169582905411,106.0,144.0,214.0,1573.0,2011.0,,,1510.0,2012
TELANGANA,MEDAK,CHICKPEA,RABI,0.974306026899251,0.3830932620515188,17,2014,30.895686274509806,18.296666666666663,0.001902833916633353,116.96470588235294,74.1671418248714,51.0,112.0,168.0,2499.0,2011.0,,,3000.0,2012
TELANGANA,MEDAK,GROUNDNUT,KHARIF,0.7876144140609086,0.2591491443499532,16,2014,31.13921875,22.9203125,1.5,588.10625,146.87526893592397,474.5,611.0,691.95,3307.0,2011.0,,,3700.0,2012
TELANGANA,MEDAK,GROUNDNUT,RABI,1.5059324343058034,0.3608449032701376,17,2014,30.895686274509806,18.296666666666663,1.0005539484721684,116.96470588235294,74.1671418248714,51.0,112.0,168.0,3307.0,2011.0,,,3700.0,2012
TELANGANA,MEDAK,MAIZE,KHARIF,2.444327450636402,0.8771494650789208,17,2014,31.121323529411764,22.901029411764707,0.05311190363374564,588.2764705882354,142.21309947316632,486.0,591.0,670.0,923.0,2011.0,,,1175.0,2012
TELANGANA,MEDAK,MAIZE,RABI,3.660945443753216,0.664608423961394,17,2014,30.895686274509806,18.296666666666663,1.0168526990940603,116.96470588235294,74.1671418248714,51.0,112.0,168.0,923.0,2011.0,,,1175.0,2012
TELANGANA,MEDAK,RICE,KHARIF,2.643327022084391,0.5222789529691682,17,2014,31.121323529411764,22.901029411764707,1.433920025175023,588.2764705882354,142.21309947316632,486.0,591.0,670.0,1030.0,2011.0,,,1265.0,2012
TELANGANA,MEDAK,RICE,RABI,2.7881884610295438,0.6233136105269153,17,2014,30.895686274509806,18.296666666666663,1.5,116.96470588235294,74.1671418248714,51.0,112.0,168.0,1030.0,2011.0,,,1265.0,2012
TELANGANA,MEDAK,SORGHUM,KHARIF,0.9903573063093866,0.27540812107141077,17,2014,31.121323529411764,22.901029411764707,0.020572287344540266,588.2764705882354,142.21309947316632,486.0,591.0,670.0,1885.0,2011.0,,,1510.0,2012
TELANGANA,MEDAK,SORGHUM,RABI,0.8759752854173082,0.22974815487777717,17,2014,30.895686274509806,18.296666666666663,0.02711025388729622,116.96470588235294,74.1671418248714,51.0,112.0,168.0,1885.0,2011.0,,,1510.0,2012
TELANGANA,MEDAK,WHEAT,RABI,1.0187918997115613,0.557523014806294,17,2014,30.895686274509806,18.296666666666663,0.8459863538106946,116.96470588235294,74.1671418248714,51.0,112.0,168.0,425.0,2000.0,,,1350.0,2012
TELANGANA,NALGONDA,CHICKPEA,RABI,1.079344344426118,0.43715136977342506,17,2014,32.435980392156864,19.680686274509803,0.06413461749329558,149.64117647058825,99.95507152480764,75.0,149.0,182.4,2808.0,2011.0,,,3000.0,2012
TELANGANA,NALGONDA,GROUNDNUT,KHARIF,0.7337943306282445,0.21608111302043406,17,2014,33.61514705882353,25.12014705882353,0.9589631308565416,495.6235294117647,120.59041488345873,418.0,516.0,607.0,3019.0,2011.0,,,3700.0,2012
TELANGANA,NALGONDA,GROUNDNUT,RABI,1.1133745584879136,0.2198013779873128,17,2014,32.435980392156864,19.680686274509803,0.9995743842336191,149.64117647058825,99.95507152480764,75.0,149.0,182.4,3019.0,2011.0,,,3700.0,2012
TELANGANA,NALGONDA,MAIZE,KHARIF,2.3207084253353822,0.8068725781423154,17,2014,33.61514705882353,25.12014705882353,0.15278151853510735,495.6235294117647,120.59041488345873,418.0,516.0,607.0,908.0,2011.0,,,1175.0,2012
TELANGANA,NALGONDA,MAIZE,RABI,4.4926791365330265,0.7837001598029254,17,2014,32.435980392156864,19.680686274509803,0.946114714115093,149.64117647058825,99.95507152480764,75.0,149.0,182.4,908.0,2011.0,,,1175.0,2012
TELANGANA,NALGONDA,RICE,KHARIF,2.8705846891952485,0.29400706995035975,17,2014,33.61514705882353,25.12014705882353,1.480381539911905,495.6235294117647,120.59041488345873,418.0,516.0,607.0,1067.0,2011.0,,,1265.0,2012
TELANGANA,NALGONDA,RICE,RABI,2.9640049160032422,0.36766726205204103,17,2014,32.435980392156864,19.680686274509803,1.5,149.64117647058825,99.95507152480764,75.0,149.0,182.4,1067.0,2011.0,,,1265.0,2012
TELANGANA,NALGONDA,SORGHUM,KHARIF,0.5046511634008759,0.23897617512274807,17,2014,33.61514705882353,25.12014705882353,0.004679403797025053,495.6235294117647,120.59041488345873,418.0,516.0,607.0,1792.0,2011.0,,,1510.0,2012
TELANGANA,NALGONDA,SORGHUM,RABI,0.498677269305404,0.15680602327902346,17,2014,32.435980392156864,19.680686274509803,0.0038955567833812996,149.64117647058825,99.95507152480764,75.0,149.0,182.4,1792.0,2011.0,,,1510.0,2012
TELANGANA,NIZAMABAD,CHICKPEA,RABI,1.243945297442394,0.6306766148029813,17,2014,31.57313725490196,18.106372549019607,0.01218738520187137,115.20588235294117,72.9058508504996,64.0,96.0,157.0,1872.0,2011.0,,,3000.0,2012
TELANGANA,NIZAMABAD,GROUNDNUT,KHARIF,0.9020185349119698,0.32864858631853117,14,2014,31.835000000000004,23.654285714285717,1.5,753.1928571428572,178.9071373400424,585.25,776.5,900.675,2505.0,2011.0,,,3700.0,2012
TELANGANA,NIZAMABAD,GROUNDNUT,RABI,1.9531406181940114,0.5313886248750306,17,2014,31.57313725490196,18.106372549019607,1.0125387016474952,115.20588235294117,72.9058508504996,64.0,96.0,157.0,3651.0,2011.0,,,3700.0,2012
TELANGANA,NIZAMABAD,MAIZE,KHARIF,4.033972107530803,0.8417537354156928,17,2014,31.77838235294118,23.5925,0.6404852685101676,783.6117647058824,182.72844907934058,598.0,812.0,904.9,938.0,2011.0,,,1175.0,2012
TELANGANA,NIZAMABAD,MAIZE,RABI,4.4210299435775005,1.2932456301314084,17,2014,31.57313725490196,18.106372549019607,1.4902492682703403,115.20588235294117,72.9058508504996,64.0,96.0,157.0,938.0,2011.0,,,1175.0,2012
TELANGANA,NIZAMABAD,RICE,KHARIF,3.022377185190866,0.7505953683917663,17,2014,31.77838235294118,23.5925,1.4016587392563495,783.6117647058824,182.72844907934058,598.0,812.0,904.9,952.0,2011.0,,,1265.0,2012
TELANGANA,NIZAMABAD,RICE,RABI,3.1226886087561003,0.5411880566043717,17,2014,31.57313725490196,18.106372549019607,1.5,115.20588235294117,72.9058508504996,64.0,96.0,157.0,952.0,2011.0,,,1265.0,2012
TELANGANA,NIZAMABAD,SORGHUM,KHARIF,0.9577962829118133,0.3582132365353733,17,2014,31.77838235294118,23.5925,0.9528701424517498,783.6117647058824,182.72844907934058,598.0,812.0,904.9,1897.0,2011.0,,,1510.0,2012
TELANGANA,NIZAMABAD,SORGHUM,RABI,1.2030739485512052,0.3791539550166389,17,2014,31.57313725490196,18.106372549019607,0.20897729557234854,115.20588235294117,72.9058508504996,64.0,96.0,157.0,1897.0,2011.0,,,1510.0,2012
TELANGANA,NIZAMABAD,WHEAT,RABI,0.9115883843585308,0.4209525824851567,17,2014,31.57313725490196,18.106372549019607,0.7850532438293731,115.20588235294117,72.9058508504996,64.0,96.0,157.0,425.0,2000.0,,,1350.0,2012
TELANGANA,WARANGAL,CHICKPEA,RABI,0.9496693534690923,0.3631528661495784,16,2014,31.6259375,18.9528125,0.13187768688860566,133.0,85.73396837504569,72.22500000000001,117.5,204.5,2808.0,2011.0,,,3000.0,2012
TELANGANA,WARANGAL,GROUNDNUT,KHARIF,1.3514850451635132,0.603563922959404,17,2014,32.64794117647059,24.866911764705883,1.3490389311691908,771.8764705882353,210.39296426393327,562.0,729.0,947.0,2877.0,2011.0,,,3700.0,2012
TELANGANA,WARANGAL,GROUNDNUT,RABI,1.418408755853696,0.32412717749339653,17,2014,31.62754901960784,18.959313725490198,0.9706909630476294,133.58823529411765,83.04698129938967,76.30000000000001,127.0,199.0,2877.0,2011.0,,,3700.0,2012
TELANGANA,WARANGAL,MAIZE,KHARIF,3.284793348720714,0.7598928675295749,17,2014,32.64794117647059,24.866911764705883,0.6388876699011874,771.8764705882353,210.39296426393327,562.0,729.0,947.0,1031.0,2011.0,,,1175.0,2012
TELANGANA,WARANGAL,MAIZE,RABI,4.362669977660907,0.9849952193472973,17,2014,31.62754901960784,18.959313725490198,1.2688692403747868,133.58823529411765,83.04698129938967,76.30000000000001,127.0,199.0,1031.0,2011.0,,,1175.0,2012
TELANGANA,WARANGAL,RICE,KHARIF,2.76764326246863,0.356478348751086,17,2014,32.64794117647059,24.866911764705883,1.385714592471803,771.8764705882353,210.39296426393327,562.0,729.0,947.0,1057.0,2011.0,,,1265.0,2012
TELANGANA,WARANGAL,RICE,RABI,2.838781586348123,0.35119137881693147,17,2014,31.62754901960784,18.959313725490198,1.5,133.58823529411765,83.04698129938967,76.30000000000001,127.0,199.0,1057.0,2011.0,,,1265.0,2012
TELANGANA,WARANGAL,SORGHUM,KHARIF,0.6757705104778132,0.26201529259531164,16,2014,32.666875,24.8865625,0.18917314044693972,767.43125,216.46685263953617,558.0,724.5,954.0,1282.0,2011.0,,,1510.0,2012
TELANGANA,WARANGAL,SORGHUM,RABI,0.6252745661943812,0.14062079608208958,17,2014,31.62754901960784,18.959313725490198,0.011801252694027958,133.58823529411765,83.04698129938967,76.30000000000001,127.0,199.0,1282.0,2011.0,,,1510.0,2012
TELANGANA,WARANGAL,WHEAT,RABI,0.788757247935747,0.24022568043395484,9,2010,31.474999999999998,18.712962962962962,1.066467583201863,119.1888888888889,64.23566852700384,83.0,108.0,148.7,1350.0,,,,1350.0,2012
UTTAR PRADESH,AGRA,CHICKPEA,RABI,1.2814429133889906,0.33322838516493614,18,2014,28.150925925925925,13.037777777777778,0.5854318009562114,51.26111111111111,47.391996580322306,15.075000000000001,41.35,74.25,4123.0,2014.0,5507.26,2014.0,3000.0,2012
UTTAR PRADESH,AGRA,GROUNDNUT,KHARIF,0.8291402116402116,0.1359697149508565,10,2012,34.839999999999996,27.302,0.875,439.45,228.76292070370334,255.675,421.95,592.2249999999999,3700.0,,,,3700.0,2012
UTTAR PRADESH,AGRA,MAIZE,KHARIF,2.037813593256477,0.5482533661741976,16,2014,34.8803125,27.4640625,1.5,410.9125,193.45044455880682,264.3,325.85,566.2,1175.0,,1888.58,2014.0,1175.0,2012
UTTAR PRADESH,AGRA,MAIZE,WHOLE YEAR,1.52278816138613,0.26005485098810804,11,2014,32.12954545454546,19.895075757575757,1.5,487.8818181818182,193.5154816451739,341.1,366.8,652.1000000000001,1175.0,,1888.58,2014.0,1175.0,2012
UTTAR PRADESH,AGRA,RICE,KHARIF,2.1512554860873307,0.29062314607696904,16,2014,34.8803125,27.4640625,1.5,410.9125,193.45044455880682,264.3,325.85,566.2,1291.0,2014.0,1479.86,2014.0,1265.0,2012
UTTAR PRADESH,AGRA,SORGHUM,KHARIF,0.9440758399382417,0.444599656105195,16,2014,34.8803125,27.4640625,0.09384261591535992,410.9125,193.45044455880682,264.3,325.85,566.2,1131.0,2014.0,,,1510.0,2012
UTTAR PRADESH,AGRA,WHEAT,RABI,3.325108421039443,0.3961139350796042,18,2014,28.150925925925925,13.037777777777778,1.2720674774906024,51.26111111111111,47.391996580322306,15.075000000000001,41.35,74.25,1224.0,2013.0,1502.89,2014.0,1350.0,2012
UTTAR PRADESH,ALIGARH,CHICKPEA,RABI,1.0524442819687048,0.23830539721612629,17,2013,27.357549019607845,12.970196078431373,1.3776293591574307,64.24705882352941,62.454744792199925,16.0,32.6,127.0,4590.0,2013.0,5507.26,2014.0,3000.0,2012
UTTAR PRADESH,ALIGARH,GROUNDNUT,KHARIF,0.8752719502719503,0.17491454268534826,13,2014,34.848846153846154,27.246923076923075,0.6279276279276279,429.84615384615387,249.46876763563213,316.7,402.8,531.8,3700.0,,,,3700.0,2012
UTTAR PRADESH,ALIGARH,MAIZE,KHARIF,1.9785686292964655,0.5358326736499149,16,2014,34.8128125,27.1578125,1.1880628015693009,431.96250000000003,233.53832483484732,301.7,408.05,544.05,1200.0,2014.0,1888.58,2014.0,1175.0,2012
UTTAR PRADESH,ALIGARH,MAIZE,RABI,1.8687700013551407,0.9524793530997038,5,2013,27.353,12.941999999999998,1.5,45.58,49.85636368609328,17.7,23.8,44.1,1201.0,2013.0,1888.58,2014.0,1175.0,2012
UTTAR PRADESH,ALIGARH,MAIZE,WHOLE YEAR,1.5355259936183254,0.2434368709597165,11,2014,31.62530303030303,19.69121212121212,1.5,548.5,247.39056974751483,404.55000000000007,496.6,655.1,1200.0,2014.0,1888.58,2014.0,1175.0,2012
UTTAR PRADESH,ALIGARH,RICE,KHARIF,2.042036143167488,0.23214882890549335,16,2014,34.8128125,27.1578125,1.3201906399631755,431.96250000000003,233.53832483484732,301.7,408.05,544.05,2063.0,2012.0,1479.86,2014.0,1265.0,2012
UTTAR PRADESH,ALIGARH,SORGHUM,KHARIF,0.7877531559349741,0.2258510924667801,11,2009,34.83681818181819,26.93409090909091,1.0678866587957498,444.62727272727267,277.502407524364,270.35,413.3,605.9,1510.0,,,,1510.0,2012
UTTAR PRADESH,ALIGARH,WHEAT,RABI,3.2346656884609026,0.30514683179683777,18,2014,27.324814814814815,12.968055555555555,1.4117811373024742,67.63333333333334,62.26999088409988,16.425,38.35,126.55,1145.0,2013.0,1502.89,2014.0,1350.0,2012
UTTAR PRADESH,ALLAHABAD,CHICKPEA,RABI,0.8805679002353943,0.20156217138507532,18,2014,29.1525,14.27537037037037,0.02021990500234728,88.09444444444445,90.44349859392048,37.775,66.15,91.42500000000001,1892.0,2012.0,5507.26,2014.0,3000.0,2012
UTTAR PRADESH,ALLAHABAD,MAIZE,KHARIF,1.4769142910216932,0.3894542132011628,16,2014,34.60265625,27.032968750000002,0.6140122404134866,726.09375,283.1603584985017,521.525,661.75,959.15,1540.0,2012.0,1888.58,2014.0,1175.0,2012
UTTAR PRADESH,ALLAHABAD,MAIZE,RABI,2.7098361665434836,0.9559385664210984,11,2014,29.05939393939394,14.273484848484848,1.5,97.11818181818181,114.60589704008969,25.95,52.1,108.25,1545.5,2012.0,1888.58,2014.0,1175.0,2012
UTTAR PRADESH,ALLAHABAD,RICE,KHARIF,2.165785201939536,0.32383366198598446,16,2014,34.60265625,27.032968750000002,1.1542566643159764,726.09375,283.1603584985017,521.525,661.75,959.15,1250.0,2014.0,1479.86,2014.0,1265.0,2012
UTTAR PRADESH,ALLAHABAD,SORGHUM,KHARIF,1.2243785496561295,0.3788288642332639,16,2014,34.60265625,27.032968750000002,0.0006995810038554625,726.09375,283.1603584985017,521.525,661.75,959.15,864.0,2012.0,,,1510.0,2012
UTTAR PRADESH,ALLAHABAD,WHEAT,RABI,2.1960285147510774,0.32059435172279754,18,2014,29.1525,14.27537037037037,1.2721642923245513,88.09444444444445,90.44349859392048,37.775,66.15,91.42500000000001,901.0,2012.0,1502.89,2014.0,1350.0,2012
UTTAR PRADESH,AZAMGARH,CHICKPEA,RABI,1.1326344400859467,0.22993974211355683,18,2014,28.868425925925926,14.391203703703704,1.1304020455835007,116.8777777777778,206.4879103584106,21.7,42.599999999999994,131.425,4339.0,2014.0,5507.26,2014.0,3000.0,2012
UTTAR PRADESH,AZAMGARH,GROUNDNUT,KHARIF,0.8095653050116981,0.1324687040924265,15,2014,34.123666666666665,26.759166666666665,0.210752688172043,546.4866666666666,385.0025025274264,340.45,575.0,716.4,3700.0,,,,3700.0,2012
UTTAR PRADESH,AZAMGARH,MAIZE,KHARIF,1.4578584234717715,0.37430365479669425,16,2014,34.15265625,26.7803125,0.20494476010312376,562.20625,377.22515375435927,360.825,604.4,732.025,1125.0,2014.0,1888.58,2014.0,1175.0,2012
UTTAR PRADESH,AZAMGARH,MAIZE,RABI,2.411202334425114,0.9851109523990372,12,2014,28.86388888888889,14.459583333333333,1.5,86.24166666666667,91.83446034066192,20.275,31.299999999999997,153.075,979.0,2014.0,1888.58,2014.0,1175.0,2012
UTTAR PRADESH,AZAMGARH,MAIZE,WHOLE YEAR,1.5353027808347102,0.2451161415936482,11,2014,32.41022727272727,20.18462121212121,1.5,712.7636363636364,385.78762881338554,557.5,663.0,843.0,1125.0,2014.0,1888.58,2014.0,1175.0,2012
UTTAR PRADESH,AZAMGARH,RICE,KHARIF,1.8679897860665216,0.3391646711038286,16,2014,34.15265625,26.7803125,1.1550802603599077,562.20625,377.22515375435927,360.825,604.4,732.025,1000.0,2012.0,1479.86,2014.0,1265.0,2012
UTTAR PRADESH,AZAMGARH,SORGHUM,KHARIF,1.0630528253108897,0.2320381553113141,15,2014,34.0925,26.78083333333333,0.05128205128205129,598.7,360.0448126870558,419.15,633.8,736.55,1510.0,,,,1510.0,2012
UTTAR PRADESH,AZAMGARH,WHEAT,RABI,2.505215868372381,0.299578774972247,18,2014,28.868425925925926,14.391203703703704,1.4137547171598235,116.8777777777778,206.4879103584106,21.7,42.599999999999994,131.425,1300.0,2013.0,1502.89,2014.0,1350.0,2012
UTTAR PRADESH,BAHRAICH,CHICKPEA,RABI,0.7296938653491525,0.25543244622921046,18,2014,27.67824074074074,13.640925925925925,0.2722761022667296,75.19999999999999,52.848841046895245,31.525,66.25,108.375,1528.0,1998.0,5507.26,2014.0,3000.0,2012
UTTAR PRADESH,BAHRAICH,GROUNDNUT,KHARIF,0.8602247070985632,0.19675775390750405,15,2014,33.679,26.460833333333333,0.0,889.4266666666666,262.68685993203457,767.8000000000001,961.4,1087.3,4312.0,2014.0,,,3700.0,2012
UTTAR PRADESH,BAHRAICH,MAIZE,KHARIF,1.1054996172896276,0.2171637893475054,16,2014,33.71421875,26.475,0.022653086530971152,908.525,265.0283670351786,820.0,965.0,1093.725,1093.0,2014.0,1888.58,2014.0,1175.0,2012
UTTAR PRADESH,BAHRAICH,MAIZE,RABI,2.517220004555386,0.9677982028971085,15,2014,27.764666666666663,13.661777777777779,1.380469689313407,76.0,55.67085670002111,32.95,53.5,112.55000000000001,1093.0,2014.0,1888.58,2014.0,1175.0,2012
UTTAR PRADESH,BAHRAICH,MAIZE,WHOLE YEAR,1.5354546105823736,0.2448055096837871,11,2014,31.3925,19.59280303030303,1.0887196408677076,1087.1909090909091,259.21042592668005,990.0,1144.2,1238.6999999999998,1093.0,2014.0,1888.58,2014.0,1175.0,2012
UTTAR PRADESH,BAHRAICH,RICE,KHARIF,1.925959873345906,0.2730652512547048,16,2014,33.71421875,26.475,0.14296057971463388,908.525,265.0283670351786,820.0,965.0,1093.725,1131.0,2014.0,1479.86,2014.0,1265.0,2012
UTTAR PRADESH,BAHRAICH,RICE,WHOLE YEAR,1.7634920634920632,0.07233768896395576,5,2006,31.20433333333333,19.506833333333333,1.5,958.4799999999999,327.8082167975659,1030.0,1103.1999999999998,1137.3,547.5,2006.0,1479.86,2014.0,1265.0,2012
UTTAR PRADESH,BAHRAICH,SORGHUM,KHARIF,1.0408012975454546,0.14892405426846325,16,2014,33.71421875,26.475,0.0,908.525,265.0283670351786,820.0,965.0,1093.725,1510.0,,,,1510.0,2012
UTTAR PRADESH,BAHRAICH,WHEAT,RABI,2.610176154684168,0.3069586573978249,17,2014,27.69843137254902,13.641862745098038,1.2973259833634398,69.25294117647059,47.86605161342247,30.1,53.5,98.4,1043.0,2012.0,1502.89,2014.0,1350.0,2012
UTTAR PRADESH,BALLIA,CHICKPEA,RABI,1.0514800629741752,0.27204067776230695,18,2014,28.403425925925927,14.937314814814815,0.17407893351497666,104.14444444444445,261.337406931036,12.25,22.3,72.45,2646.0,2009.0,5507.26,2014.0,3000.0,2012
UTTAR PRADESH,BALLIA,GROUNDNUT,KHARIF,0.80910029208961,0.13296286200674418,15,2014,33.80216666666667,26.717666666666666,0.10872156605424323,427.4133333333333,271.0074007072413,192.3,522.1999999999999,611.4000000000001,3700.0,,,,3700.0,2012
UTTAR PRADESH,BALLIA,MAIZE,KHARIF,1.1962408502909374,0.44425192705273786,16,2014,33.827343750000004,26.73859375,0.09110492066069696,452.825,280.8571202586824,242.20000000000002,527.5,658.5250000000001,1024.0,2014.0,1888.58,2014.0,1175.0,2012
UTTAR PRADESH,BALLIA,MAIZE,RABI,2.4049492860191966,0.9297593833885637,15,2014,28.40122222222222,14.944777777777778,1.2060942601791855,117.83333333333334,285.3459796374186,12.5,22.6,64.4,1024.0,2014.0,1888.58,2014.0,1175.0,2012
UTTAR PRADESH,BALLIA,MAIZE,WHOLE YEAR,1.5351551202824185,0.24526260663508606,11,2014,31.929015151515156,20.547954545454544,1.4935064935064934,649.9000000000001,250.4550099319238,507.55,677.3000000000001,753.5,1024.0,2014.0,1888.58,2014.0,1175.0,2012
UTTAR PRADESH,BALLIA,RICE,KHARIF,1.7492027049970058,0.4850485813082522,16,2014,33.827343750000004,26.73859375,0.821855487608673,452.825,280.8571202586824,242.20000000000002,527.5,658.5250000000001,1230.0,2014.0,1479.86,2014.0,1265.0,2012
UTTAR PRADESH,BALLIA,SORGHUM,KHARIF,1.0915759299850136,0.2260445519175762,16,2014,33.827343750000004,26.73859375,0.0017666392877230314,452.825,280.8571202586824,242.20000000000002,527.5,658.5250000000001,583.0,2004.0,,,1510.0,2012
UTTAR PRADESH,BALLIA,WHEAT,RABI,2.5294995333492576,0.3980943478126364,18,2014,28.403425925925927,14.937314814814815,0.9615011197610716,104.14444444444445,261.337406931036,12.25,22.3,72.45,1034.0,2012.0,1502.89,2014.0,1350.0,2012
UTTAR PRADESH,BANDA,CHICKPEA,RABI,0.7138050985902575,0.2507114544425881,18,2014,29.07194444444444,13.994814814814815,0.02752781778228299,72.84444444444445,80.65494567252469,15.5,42.5,101.375,4208.0,2014.0,5507.26,2014.0,3000.0,2012
UTTAR PRADESH,BANDA,GROUNDNUT,KHARIF,0.635256349223535,0.2825304422934296,15,2014,34.92833333333333,26.973666666666666,0.020377777150980738,598.86,264.30381544189413,422.9000000000001,583.0,731.5999999999999,4554.0,2014.0,,,3700.0,2012
UTTAR PRADESH,BANDA,MAIZE,KHARIF,1.2879824389105237,0.3943507780947404,16,2014,34.9596875,26.99515625,0.4444444444444444,613.11875,261.6340910986181,434.75000000000006,594.5,757.4749999999999,2425.0,2014.0,1888.58,2014.0,1175.0,2012
UTTAR PRADESH,BANDA,RICE,KHARIF,1.2388568858521751,0.36538260497157654,16,2014,34.9596875,26.99515625,1.1385912070192277,613.11875,261.6340910986181,434.75000000000006,594.5,757.4749999999999,1251.0,2014.0,1479.86,2014.0,1265.0,2012
UTTAR PRADESH,BANDA,SORGHUM,KHARIF,0.8568142297869987,0.2670135104808626,16,2014,34.9596875,26.99515625,5.24109014675e-05,613.11875,261.6340910986181,434.75000000000006,594.5,757.4749999999999,1099.0,2014.0,,,1510.0,2012
UTTAR PRADESH,BANDA,WHEAT,RABI,1.6170724382196249,0.3151328020299387,18,2014,29.07194444444444,13.994814814814815,1.1520301382424805,72.84444444444445,80.65494567252469,15.5,42.5,101.375,1315.0,2013.0,1502.89,2014.0,1350.0,2012
UTTAR PRADESH,BARABANKI,CHICKPEA,RABI,0.8898846479416189,0.25697903750159323,18,2014,28.135185185185186,13.793055555555556,0.025867958084257323,87.22777777777779,124.06206608722131,15.75,56.6,123.94999999999999,1570.0,2011.0,5507.26,2014.0,3000.0,2012
UTTAR PRADESH,BARABANKI,GROUNDNUT,KHARIF,0.7605483126257158,0.17412175213085104,15,2014,33.734,26.6125,0.005830980897634141,620.7733333333333,330.7598448306278,490.05,679.0999999999999,809.45,3700.0,,,,3700.0,2012
UTTAR PRADESH,BARABANKI,MAIZE,KHARIF,0.8295839046330454,0.35358163060576575,16,2014,33.7690625,26.6271875,0.1270305867808859,642.4125,331.05990369317357,491.82500000000005,682.4499999999999,871.625,483.0,2004.0,1888.58,2014.0,1175.0,2012
UTTAR PRADESH,BARABANKI,MAIZE,RABI,2.1369371364629854,0.8390050166751991,10,2014,28.176333333333332,13.746166666666667,1.321359353006993,66.29,54.33373108238872,23.075,56.6,116.625,486.0,2003.0,1888.58,2014.0,1175.0,2012
UTTAR PRADESH,BARABANKI,MAIZE,WHOLE YEAR,1.535727039502991,0.24535057098149024,11,2014,31.69454545454545,19.771439393939396,0.989977559296634,877.6727272727272,255.54921283740666,712.1,892.3,1007.45,1175.0,,1888.58,2014.0,1175.0,2012
UTTAR PRADESH,BARABANKI,RICE,KHARIF,2.2943194195869023,0.4090885255447796,16,2014,33.7690625,26.6271875,0.9405342802883603,642.4125,331.05990369317357,491.82500000000005,682.4499999999999,871.625,1143.0,2014.0,1479.86,2014.0,1265.0,2012
UTTAR PRADESH,BARABANKI,SORGHUM,KHARIF,0.8061362163940768,0.2925987425366893,16,2014,33.7690625,26.6271875,0.0,642.4125,331.05990369317357,491.82500000000005,682.4499999999999,871.625,1127.0,2014.0,,,1510.0,2012
UTTAR PRADESH,BARABANKI,WHEAT,RABI,2.9441365986024834,0.3872189580917728,18,2014,28.135185185185186,13.793055555555556,0.9893760270913234,87.22777777777779,124.06206608722131,15.75,56.6,123.94999999999999,714.0,2011.0,1502.89,2014.0,1350.0,2012
UTTAR PRADESH,BAREILLY,CHICKPEA,RABI,0.8470552275970428,0.22739486333870237,18,2014,26.83148148148148,13.447777777777778,0.1137971243295493,76.76111111111112,57.75535767242103,14.675,79.85,115.35000000000001,1550.0,2001.0,5507.26,2014.0,3000.0,2012
UTTAR PRADESH,BAREILLY,GROUNDNUT,KHARIF,0.8946456870458821,0.3565747774690325,15,2014,33.811166666666665,26.4625,0.05690520741190184,732.2266666666667,285.823648093582,559.8,699.4000000000001,897.35,1646.0,2002.0,,,3700.0,2012
UTTAR PRADESH,BAREILLY,MAIZE,KHARIF,1.6069895606763034,0.4650492331282747,16,2014,33.84875,26.474375,0.5727880601547064,733.8375,276.2070428139007,567.85,728.7,891.925,482.0,2004.0,1888.58,2014.0,1175.0,2012
UTTAR PRADESH,BAREILLY,MAIZE,WHOLE YEAR,1.5349512985258036,0.2432329556336828,11,2014,30.972727272727273,19.57431818181818,1.0647416710520226,899.3636363636364,263.49098380296533,706.9,873.5,1034.4,491.0,1997.0,1888.58,2014.0,1175.0,2012
UTTAR PRADESH,BAREILLY,RICE,KHARIF,2.0073695123066693,0.23459963970689857,16,2014,33.84875,26.474375,1.0029850051410496,733.8375,276.2070428139007,567.85,728.7,891.925,575.0,1999.0,1479.86,2014.0,1265.0,2012
UTTAR PRADESH,BAREILLY,RICE,WHOLE YEAR,2.021762078673185,0.24823102089639798,14,2014,31.064464285714283,19.57470238095238,1.5,843.1357142857142,294.5738371774563,625.25,849.5,1002.8,575.0,1999.0,1479.86,2014.0,1265.0,2012
UTTAR PRADESH,BAREILLY,SORGHUM,KHARIF,0.8529126518574718,0.16677004948620497,16,2014,33.84875,26.474375,0.03843706009982132,733.8375,276.2070428139007,567.85,728.7,891.925,645.0,2004.0,,,1510.0,2012
UTTAR PRADESH,BAREILLY,WHEAT,RABI,2.741362507167361,0.3132444949413864,18,2014,26.83148148148148,13.447777777777778,1.0060816913497301,76.76111111111112,57.75535767242103,14.675,79.85,115.35000000000001,656.0,2005.0,1502.89,2014.0,1350.0,2012
UTTAR PRADESH,BASTI,CHICKPEA,RABI,0.7806015757262696,0.2832831766853056,18,2014,28.185,13.91175925925926,1.1277732192587246,141.67222222222222,268.209785770405,5.325,40.15,151.55,1809.0,2008.0,5507.26,2014.0,3000.0,2012
UTTAR PRADESH,BASTI,GROUNDNUT,KHARIF,0.9026305712696245,0.16224811758786664,13,2014,33.39961538461539,26.447884615384616,0.11538461538461539,657.5,386.4226011333533,515.9000000000001,708.7,926.6,3700.0,,,,3700.0,2012
UTTAR PRADESH,BASTI,MAIZE,KHARIF,1.3348111335952204,0.4346881007886438,16,2014,33.496562499999996,26.43546875,0.14142358731627372,672.65625,419.6443318950783,484.6000000000001,712.25,1040.5,1175.0,,1888.58,2014.0,1175.0,2012
UTTAR PRADESH,BASTI,MAIZE,RABI,2.5739054453688386,0.9616269883520625,15,2014,28.227777777777774,13.934,1.3657046657046656,155.11333333333332,291.4433291314764,6.65,36.4,137.6,1175.0,,1888.58,2014.0,1175.0,2012
UTTAR PRADESH,BASTI,MAIZE,WHOLE YEAR,1.5355907440949332,0.24454755838282552,11,2014,31.56189393939394,19.703333333333333,1.468251011283798,899.1727272727272,329.9028496115458,676.8,928.5,1105.35,1175.0,,1888.58,2014.0,1175.0,2012
UTTAR PRADESH,BASTI,RICE,KHARIF,1.9407093383822274,0.4168786360138889,16,2014,33.496562499999996,26.43546875,0.3626971506756055,672.65625,419.6443318950783,484.6000000000001,712.25,1040.5,1255.0,2014.0,1479.86,2014.0,1265.0,2012
UTTAR PRADESH,BASTI,SORGHUM,KHARIF,1.0317899649876394,0.25059395810676666,8,2011,33.473437499999996,26.333125,0.0872093023255814,557.6625,433.9214410054955,293.025,541.45,834.0250000000001,616.0,2004.0,,,1510.0,2012
UTTAR PRADESH,BASTI,WHEAT,RABI,2.5327930942056103,0.3236115730327589,18,2014,28.185,13.91175925925926,1.5,141.67222222222222,268.209785770405,5.325,40.15,151.55,938.0,2011.0,1502.89,2014.0,1350.0,2012
UTTAR PRADESH,BIJNOR,CHICKPEA,RABI,0.8668363941680788,0.20721999072270478,18,2014,25.796296296296294,12.515,0.3137340662716446,116.2611111111111,88.94787064798379,47.275,81.9,176.67499999999998,3857.0,2014.0,5507.26,2014.0,3000.0,2012
UTTAR PRADESH,BIJNOR,GROUNDNUT,KHARIF,0.9777697871463946,0.2170163875230794,15,2014,33.413,25.919500000000003,0.020533338707303686,745.3,251.9549024272853,639.8000000000001,794.8,870.45,4208.0,2014.0,,,3700.0,2012
UTTAR PRADESH,BIJNOR,MAIZE,KHARIF,1.3400431359452365,0.2741438443064654,13,2014,33.52519230769231,25.88692307692308,0.5517181374849879,764.2,272.98524990677913,644.4000000000001,845.8000000000001,874.3,1135.0,2014.0,1888.58,2014.0,1175.0,2012
UTTAR PRADESH,BIJNOR,MAIZE,RABI,2.136458333333333,0.8299925594904594,8,2014,25.731666666666666,12.501041666666666,0.53125,96.2125,71.81886814360534,40.825,76.6,133.625,1135.0,2014.0,1888.58,2014.0,1175.0,2012
UTTAR PRADESH,BIJNOR,MAIZE,WHOLE YEAR,1.4678802195142064,0.21424028599104952,9,2012,30.25638888888889,18.793611111111108,0.8410364145658263,949.6333333333334,350.26660917078584,698.8,884.7,973.0,1175.0,,1888.58,2014.0,1175.0,2012
UTTAR PRADESH,BIJNOR,RICE,KHARIF,2.613336606235804,0.19310922710824652,16,2014,33.45078125,25.92875,0.948263676638335,760.59375,250.9812116972105,642.1000000000001,820.3,872.35,1166.0,2014.0,1479.86,2014.0,1265.0,2012
UTTAR PRADESH,BIJNOR,RICE,WHOLE YEAR,2.603253824887109,0.2163958600692169,14,2014,30.29940476190476,18.769702380952378,1.5,913.5857142857143,330.59812195739744,741.8499999999999,934.95,979.5250000000001,1166.0,2014.0,1479.86,2014.0,1265.0,2012
UTTAR PRADESH,BIJNOR,SORGHUM,KHARIF,0.7910268869452544,0.21386613660213186,7,2012,33.559285714285714,25.791071428571428,0.11661807580174928,776.7857142857143,353.50170875858305,622.85,856.3,929.6,1510.0,,,,1510.0,2012
UTTAR PRADESH,BIJNOR,WHEAT,RABI,2.8791535945133604,0.21018189521197259,18,2014,25.796296296296294,12.515,0.9636198313369254,116.2611111111111,88.94787064798379,47.275,81.9,176.67499999999998,1318.0,2013.0,1502.89,2014.0,1350.0,2012
UTTAR PRADESH,BUDAUN,CHICKPEA,RABI,0.85704429517096,0.23365409147705954,18,2014,27.320555555555554,13.293796296296296,0.7432598893442509,96.0,152.67433622314027,16.575,56.0,110.80000000000001,1207.0,2008.0,5507.26,2014.0,3000.0,2012
UTTAR PRADESH,BUDAUN,GROUNDNUT,KHARIF,0.8702553976954561,0.33769005310853856,15,2014,34.29116666666667,26.90716666666667,0.101515878210718,476.5466666666667,270.7190026225576,284.8,511.6,623.8499999999999,1082.5,2002.0,,,3700.0,2012
UTTAR PRADESH,BUDAUN,MAIZE,KHARIF,1.6738140769115621,0.378983798365041,16,2014,34.32875,26.91984375,0.25635482570908796,461.7,268.1970096775875,247.7,481.35,623.625,611.0,2009.0,1888.58,2014.0,1175.0,2012
UTTAR PRADESH,BUDAUN,MAIZE,RABI,1.8846651456418904,0.7143684145002311,6,2014,27.56888888888889,13.326944444444443,1.3517658816512725,50.88333333333333,51.165903360213115,16.575,38.25,67.65,477.0,2009.0,1888.58,2014.0,1175.0,2012
UTTAR PRADESH,BUDAUN,MAIZE,WHOLE YEAR,1.5352539974349868,0.24448001930223848,11,2014,31.452499999999997,19.720530303030305,1.460081758361996,702.4818181818182,305.0779763214048,501.9,663.2,891.8499999999999,696.0,2009.0,1888.58,2014.0,1175.0,2012
UTTAR PRADESH,BUDAUN,RICE,KHARIF,1.855996205569149,0.2474830896373401,16,2014,34.32875,26.91984375,1.0281784090467323,461.7,268.1970096775875,247.7,481.35,623.625,814.0,2009.0,1479.86,2014.0,1265.0,2012
UTTAR PRADESH,BUDAUN,RICE,WHOLE YEAR,1.8691296039557368,0.25217509615644446,13,2014,31.57935897435897,19.72371794871795,1.5,641.5076923076923,317.56261970814114,474.69999999999993,572.5,866.8,814.0,2009.0,1479.86,2014.0,1265.0,2012
UTTAR PRADESH,BUDAUN,SORGHUM,KHARIF,0.8617087164126573,0.1736007129324826,16,2014,34.32875,26.91984375,0.0444388440860215,461.7,268.1970096775875,247.7,481.35,623.625,518.0,2004.0,,,1510.0,2012
UTTAR PRADESH,BUDAUN,WHEAT,RABI,2.9916969072959407,0.38505241108681515,18,2014,27.320555555555554,13.293796296296296,1.0485709653996487,96.0,152.67433622314027,16.575,56.0,110.80000000000001,626.0,2009.0,1502.89,2014.0,1350.0,2012
UTTAR PRADESH,DEORIA,CHICKPEA,RABI,0.8121244131881364,0.15679519009715687,18,2014,28.287314814814817,14.590277777777779,0.9153757369467664,137.56666666666666,248.42071051296168,28.0,53.400000000000006,115.275,1481.0,2001.0,5507.26,2014.0,3000.0,2012
UTTAR PRADESH,DEORIA,GROUNDNUT,KHARIF,0.9978399857877515,0.3011399049373204,15,2014,33.477333333333334,26.398666666666667,0.02362977198783944,559.8133333333334,340.9500170043082,392.35,581.0,740.8,3700.0,,,,3700.0,2012
UTTAR PRADESH,DEORIA,MAIZE,KHARIF,1.3364879664636047,0.5789355621458098,16,2014,33.50421875,26.42015625,0.8060595252185809,563.2,329.6674566893129,412.0250000000001,597.5,738.4499999999999,381.0,2004.0,1888.58,2014.0,1175.0,2012
UTTAR PRADESH,DEORIA,MAIZE,RABI,2.4699210805334517,0.8332012549075405,15,2014,28.289666666666665,14.598666666666668,1.4082758620689655,148.32666666666668,271.8366696242083,24.3,44.7,119.19999999999999,381.0,2004.0,1888.58,2014.0,1175.0,2012
UTTAR PRADESH,DEORIA,MAIZE,WHOLE YEAR,1.5346882039781626,0.2449986889662614,11,2014,31.643484848484853,20.100530303030304,1.5,811.5181818181819,288.8541875001358,647.05,800.9,1040.05,516.0,1998.0,1888.58,2014.0,1175.0,2012
UTTAR PRADESH,DEORIA,RICE,KHARIF,1.981622910237758,0.2976930815686698,16,2014,33.50421875,26.42015625,1.2438729878203594,563.2,329.6674566893129,412.0250000000001,597.5,738.4499999999999,686.0,2009.0,1479.86,2014.0,1265.0,2012
UTTAR PRADESH,DEORIA,RICE,WHOLE YEAR,2.080867143135351,0.31322503660202683,9,2014,31.545092592592596,20.055092592592594,1.5,702.3333333333334,303.869684239807,613.0999999999999,759.9,847.3,808.5,2009.0,1479.86,2014.0,1265.0,2012
UTTAR PRADESH,DEORIA,SORGHUM,KHARIF,1.1411095296340992,0.21394736873871095,16,2014,33.50421875,26.42015625,0.0,563.2,329.6674566893129,412.0250000000001,597.5,738.4499999999999,1510.0,,,,1510.0,2012
UTTAR PRADESH,DEORIA,WHEAT,RABI,2.5895524382105615,0.3392815455030038,18,2014,28.287314814814817,14.590277777777779,1.5,137.56666666666666,248.42071051296168,28.0,53.400000000000006,115.275,1009.0,2009.0,1502.89,2014.0,1350.0,2012
UTTAR PRADESH,ETAH,CHICKPEA,RABI,0.9890717703283805,0.29523304246353316,17,2014,27.916372549019606,13.076470588235296,0.6463384680009566,59.56470588235294,51.537206719714526,18.3,44.0,95.6,4159.0,2014.0,5507.26,2014.0,3000.0,2012
UTTAR PRADESH,ETAH,GROUNDNUT,KHARIF,0.8135327730534403,0.12462835636706798,15,2014,34.96083333333333,27.401166666666665,1.1676313664175126,438.74,239.59612088441065,275.55,369.8,581.15,1562.0,2002.0,,,3700.0,2012
UTTAR PRADESH,ETAH,MAIZE,KHARIF,2.065255715575778,0.5366969518235366,16,2014,34.99828125,27.41515625,1.0656534059767588,432.06875,233.00494334884826,289.82500000000005,356.65,573.2249999999999,1211.0,2014.0,1888.58,2014.0,1175.0,2012
UTTAR PRADESH,ETAH,MAIZE,RABI,1.606724842101796,0.40360334817558263,6,2011,28.215277777777775,13.11138888888889,1.5,30.183333333333337,24.364024024505202,13.15,29.450000000000003,42.675,499.0,2011.0,1888.58,2014.0,1175.0,2012
UTTAR PRADESH,ETAH,MAIZE,WHOLE YEAR,1.535291792260241,0.24508638177945696,11,2014,32.11810606060606,19.889090909090907,1.5,573.5727272727273,231.1652097133523,430.6,491.3,678.75,1211.0,2014.0,1888.58,2014.0,1175.0,2012
UTTAR PRADESH,ETAH,RICE,KHARIF,2.1224180339004324,0.29157117365572605,16,2014,34.99828125,27.41515625,1.113668349527525,432.06875,233.00494334884826,289.82500000000005,356.65,573.2249999999999,1180.0,2014.0,1479.86,2014.0,1265.0,2012
UTTAR PRADESH,ETAH,SORGHUM,KHARIF,0.7915178177715341,0.2228677987330265,10,2009,35.145500000000006,27.211750000000002,0.5263157894736842,430.48999999999995,242.33906205975129,306.175,350.9,589.075,391.0,2004.0,,,1510.0,2012
UTTAR PRADESH,ETAH,WHEAT,RABI,2.9838679601833316,0.3798826086363379,18,2014,27.930185185185184,13.09824074074074,1.1706607530599222,56.31111111111111,51.868962598511175,15.375,41.35,92.975,1206.0,2013.0,1502.89,2014.0,1350.0,2012
UTTAR PRADESH,ETAWAH,CHICKPEA,RABI,1.192061773568122,0.29778713178557203,18,2014,28.50037037037037,13.287037037037038,0.6239959414286955,44.98888888888889,42.0777276406259,10.4,32.75,70.0,2317.0,2008.0,5507.26,2014.0,3000.0,2012
UTTAR PRADESH,ETAWAH,GROUNDNUT,KHARIF,0.8672211957522836,0.2041205537903644,14,2014,34.96964285714286,27.39089285714286,1.3269862586632772,449.1928571428571,252.793240124706,229.3,423.54999999999995,594.95,3700.0,,,,3700.0,2012
UTTAR PRADESH,ETAWAH,MAIZE,KHARIF,1.998562577544206,0.48571426619253255,16,2014,34.97609375,27.39546875,1.488196076628043,439.60625,242.7584711017654,222.45,423.54999999999995,545.3,699.0,2012.0,1888.58,2014.0,1175.0,2012
UTTAR PRADESH,ETAWAH,MAIZE,RABI,1.8985215137283358,0.8403620994741245,8,2014,28.471041666666668,13.246666666666666,1.5,54.8375,39.80925726870215,34.724999999999994,44.25,83.25,1175.0,,1888.58,2014.0,1175.0,2012
UTTAR PRADESH,ETAWAH,MAIZE,WHOLE YEAR,1.5354636635792425,0.24537855730024435,11,2014,32.46068181818182,20.003939393939394,1.5,495.57272727272726,211.0307991308808,326.4,488.8,662.3,699.0,2012.0,1888.58,2014.0,1175.0,2012
UTTAR PRADESH,ETAWAH,RICE,KHARIF,2.5821840260271927,0.24543713600516429,16,2014,34.97609375,27.39546875,1.5,439.60625,242.7584711017654,222.45,423.54999999999995,545.3,799.0,2012.0,1479.86,2014.0,1265.0,2012
UTTAR PRADESH,ETAWAH,SORGHUM,KHARIF,1.1019980966887035,0.18345712179746582,15,2014,34.96083333333333,27.382833333333334,0.716590828224524,455.65333333333336,242.33580558115358,253.9,437.2,571.6,1510.0,,,,1510.0,2012
UTTAR PRADESH,ETAWAH,WHEAT,RABI,3.0897786638309146,0.530425436220279,18,2014,28.50037037037037,13.287037037037038,1.5,44.98888888888889,42.0777276406259,10.4,32.75,70.0,1018.0,2011.0,1502.89,2014.0,1350.0,2012
UTTAR PRADESH,FAIZABAD,CHICKPEA,RABI,0.8993563536302615,0.2819495786730645,18,2014,28.3412037037037,13.782592592592591,0.3796114975415458,94.35,194.69663657628408,16.4,34.2,92.675,1487.0,2001.0,5507.26,2014.0,3000.0,2012
UTTAR PRADESH,FAIZABAD,MAIZE,KHARIF,0.9867397437899941,0.3232045658544607,16,2014,33.818125,26.76171875,1.1479830828302016,686.9375,327.9507013256718,467.57500000000005,754.25,901.9000000000001,579.0,2004.0,1888.58,2014.0,1175.0,2012
UTTAR PRADESH,FAIZABAD,MAIZE,RABI,2.494041532705739,0.975808856399627,14,2014,28.442619047619047,13.87702380952381,1.4225582088233184,106.24285714285715,219.2668964256389,16.4,33.25,92.675,579.0,2004.0,1888.58,2014.0,1175.0,2012
UTTAR PRADESH,FAIZABAD,MAIZE,WHOLE YEAR,1.5352506972193516,0.2449648908242033,11,2014,31.846363636363638,19.80901515151515,1.2531276324017229,862.6,254.9957842788778,634.65,906.7,991.8,1175.0,,1888.58,2014.0,1175.0,2012
UTTAR PRADESH,FAIZABAD,RICE,KHARIF,2.2466368468123767,0.2312572728086065,16,2014,33.818125,26.76171875,1.5,686.9375,327.9507013256718,467.57500000000005,754.25,901.9000000000001,1265.0,,1479.86,2014.0,1265.0,2012
UTTAR PRADESH,FAIZABAD,SORGHUM,KHARIF,0.7223023327588202,0.22542320108894304,16,2014,33.818125,26.76171875,0.0010517458981909938,686.9375,327.9507013256718,467.57500000000005,754.25,901.9000000000001,442.0,2004.0,,,1510.0,2012
UTTAR PRADESH,FAIZABAD,WHEAT,RABI,2.5528291782044668,0.26201349264938495,18,2014,28.3412037037037,13.782592592592591,1.5,94.35,194.69663657628408,16.4,34.2,92.675,630.5,2001.0,1502.89,2014.0,1350.0,2012
UTTAR PRADESH,FARRUKHABAD,CHICKPEA,RABI,1.2132708133255117,0.286193647081817,18,2014,28.084629629629628,13.406481481481482,1.1735552174843813,65.46666666666667,56.81940430770418,13.1,45.2,119.7,4005.0,2014.0,5507.26,2014.0,3000.0,2012
UTTAR PRADESH,FARRUKHABAD,GROUNDNUT,KHARIF,0.8674309201841682,0.19315425744622988,15,2014,34.769666666666666,27.22533333333333,0.9378381027116067,502.87333333333333,237.37515054284452,316.95,543.3000000000001,657.05,1545.0,1999.0,,,3700.0,2012
UTTAR PRADESH,FARRUKHABAD,MAIZE,KHARIF,2.00487544544969,0.4231782449455394,16,2014,34.80875,27.24171875,0.8705661551854356,509.63125,230.91385614192436,362.225,577.1500000000001,654.775,909.0,2012.0,1888.58,2014.0,1175.0,2012
UTTAR PRADESH,FARRUKHABAD,MAIZE,RABI,1.638474018912536,0.46742976980070083,5,2011,28.228999999999996,13.460666666666665,1.5,58.25999999999999,59.020742116649124,11.2,37.0,87.6,500.0,1999.0,1888.58,2014.0,1175.0,2012
UTTAR PRADESH,FARRUKHABAD,MAIZE,WHOLE YEAR,1.5342953740346141,0.24601085630257097,11,2014,32.14325757575757,19.904696969696968,1.5,616.1272727272727,220.22965781614923,430.95,745.6,754.8,909.0,2012.0,1888.58,2014.0,1175.0,2012
UTTAR PRADESH,FARRUKHABAD,RICE,KHARIF,2.2429964813056014,0.3182968026941943,16,2014,34.80875,27.24171875,1.5,509.63125,230.91385614192436,362.225,577.1500000000001,654.775,847.0,2012.0,1479.86,2014.0,1265.0,2012
UTTAR PRADESH,FARRUKHABAD,SORGHUM,KHARIF,1.0896372123642115,0.1845649974652408,16,2014,34.80875,27.24171875,0.12758699973070228,509.63125,230.91385614192436,362.225,577.1500000000001,654.775,377.0,1999.0,,,1510.0,2012
UTTAR PRADESH,FARRUKHABAD,WHEAT,RABI,3.2713033729584016,0.31977965435148437,18,2014,28.084629629629628,13.406481481481482,1.5,65.46666666666667,56.81940430770418,13.1,45.2,119.7,1093.0,2013.0,1502.89,2014.0,1350.0,2012
UTTAR PRADESH,FATEHPUR,CHICKPEA,RABI,1.006269894241079,0.2826172312865411,18,2014,28.672314814814815,13.883055555555554,0.0037067714171578276,123.58888888888889,241.7539777369423,20.325000000000003,75.9,98.30000000000001,4379.0,2014.0,5507.26,2014.0,3000.0,2012
UTTAR PRADESH,FATEHPUR,GROUNDNUT,KHARIF,0.8142767116224626,0.14270455447810326,15,2014,34.687000000000005,27.01383333333333,0.09544821115222758,480.65999999999997,274.87359640387433,318.5,522.0,649.9,1928.0,2002.0,,,3700.0,2012
UTTAR PRADESH,FATEHPUR,MAIZE,KHARIF,1.47683668788635,0.3896482225039005,16,2014,34.7209375,27.035625,0.21805862314994856,471.36875,268.1411909641386,313.25,500.1,647.3499999999999,1175.0,,1888.58,2014.0,1175.0,2012
UTTAR PRADESH,FATEHPUR,MAIZE,RABI,2.4941184807256236,1.1547892338589238,12,2014,28.704444444444444,13.998888888888887,1.4770408163265305,162.68333333333334,290.8127977468208,32.025,79.1,135.925,1175.0,,1888.58,2014.0,1175.0,2012
UTTAR PRADESH,FATEHPUR,MAIZE,WHOLE YEAR,1.5341463414634147,0.25830496462209723,10,2014,32.459916666666665,20.08833333333333,1.4109756097560975,690.71,273.42109749533876,443.9500000000001,633.1500000000001,861.375,1175.0,,1888.58,2014.0,1175.0,2012
UTTAR PRADESH,FATEHPUR,RICE,KHARIF,2.012469526125693,0.2892546955555828,16,2014,34.7209375,27.035625,1.02133677611203,471.36875,268.1411909641386,313.25,500.1,647.3499999999999,1187.0,2014.0,1479.86,2014.0,1265.0,2012
UTTAR PRADESH,FATEHPUR,SORGHUM,KHARIF,1.3162595226833145,0.40983177318839414,16,2014,34.7209375,27.035625,0.0,471.36875,268.1411909641386,313.25,500.1,647.3499999999999,1021.0,2014.0,,,1510.0,2012
UTTAR PRADESH,FATEHPUR,WHEAT,RABI,2.6461083847263263,0.42046267888158995,18,2014,28.672314814814815,13.883055555555554,0.994662719274592,123.58888888888889,241.7539777369423,20.325000000000003,75.9,98.30000000000001,1272.0,2013.0,1502.89,2014.0,1350.0,2012
UTTAR PRADESH,GHAZIPUR,CHICKPEA,RABI,0.951193274386548,0.16534316196750992,18,2014,28.828055555555554,14.891296296296296,0.4337885332493591,74.58888888888889,87.58967766801594,14.475,56.3,99.275,4258.0,2014.0,5507.26,2014.0,3000.0,2012
UTTAR PRADESH,GHAZIPUR,GROUNDNUT,KHARIF,0.7948444002911371,0.12641320670287934,14,2014,34.25910714285714,26.967142857142857,0.026935774309723885,612.5214285714285,290.4625626044177,377.95000000000005,691.5,844.925,3700.0,,,,3700.0,2012
UTTAR PRADESH,GHAZIPUR,MAIZE,KHARIF,1.4206921322106385,0.3072756573276593,16,2014,34.3375,27.0125,0.1541437932583032,620.01875,271.6039401254456,440.25,672.5,842.975,553.0,2004.0,1888.58,2014.0,1175.0,2012
UTTAR PRADESH,GHAZIPUR,MAIZE,RABI,2.4481210262414925,1.00817619862839,13,2014,28.800128205128203,15.007435897435897,1.2572579045735344,82.3153846153846,100.12825813387086,13.7,48.49999999999999,107.0,553.0,2004.0,1888.58,2014.0,1175.0,2012
UTTAR PRADESH,GHAZIPUR,MAIZE,WHOLE YEAR,1.5343870811877716,0.24953602019702886,11,2014,32.526893939393936,20.669924242424244,1.1614329620130333,806.4545454545455,249.4395291995091,653.8499999999999,852.0,1030.75,1175.0,,1888.58,2014.0,1175.0,2012
UTTAR PRADESH,GHAZIPUR,RICE,KHARIF,2.026537793621363,0.30363317021793135,16,2014,34.3375,27.0125,0.9892944222886648,620.01875,271.6039401254456,440.25,672.5,842.975,772.0,2009.0,1479.86,2014.0,1265.0,2012
UTTAR PRADESH,GHAZIPUR,SORGHUM,KHARIF,1.2749601041162117,0.37075392748421904,16,2014,34.3375,27.0125,0.00165695093785125,620.01875,271.6039401254456,440.25,672.5,842.975,704.0,2008.0,,,1510.0,2012
UTTAR PRADESH,GHAZIPUR,WHEAT,RABI,2.321334934000563,0.33041744590302036,18,2014,28.828055555555554,14.891296296296296,1.002341057460644,74.58888888888889,87.58967766801594,14.475,56.3,99.275,1074.0,2013.0,1502.89,2014.0,1350.0,2012
UTTAR PRADESH,GONDA,CHICKPEA,RABI,0.7324977756850966,0.24708061404546425,18,2014,28.106851851851854,13.628425925925926,0.7699240088801239,139.16666666666666,234.49833060988627,16.425,51.5,129.55,3946.0,2012.0,5507.26,2014.0,3000.0,2012
UTTAR PRADESH,GONDA,GROUNDNUT,KHARIF,0.8608211721570243,0.20597003044813425,14,2013,33.63,26.604107142857142,0.07170644683532756,602.8071428571428,368.5414128995248,440.625,686.4000000000001,885.25,3700.0,,,,3700.0,2012
UTTAR PRADESH,GONDA,MAIZE,KHARIF,0.9163750195093057,0.22390562914294865,16,2014,33.70140625,26.649375,0.05503676604206204,633.05625,368.89784307447496,513.825,686.4000000000001,898.375,1031.0,2014.0,1888.58,2014.0,1175.0,2012
UTTAR PRADESH,GONDA,MAIZE,RABI,2.5262586410511365,0.956730922095855,15,2014,28.175,13.652777777777777,1.3181048723269124,155.11333333333332,253.9496796799,15.45,53.4,122.15,1031.0,2014.0,1888.58,2014.0,1175.0,2012
UTTAR PRADESH,GONDA,MAIZE,WHOLE YEAR,1.5351485165383236,0.2452324836415871,11,2014,31.62272727272727,19.65189393939394,1.2672403529194618,918.4272727272728,211.69925881263305,733.7,963.0,1043.25,1031.0,2014.0,1888.58,2014.0,1175.0,2012
UTTAR PRADESH,GONDA,RICE,KHARIF,2.0123436252589806,0.313354689221018,16,2014,33.70140625,26.649375,0.6111022909097636,633.05625,368.89784307447496,513.825,686.4000000000001,898.375,1251.0,2014.0,1479.86,2014.0,1265.0,2012
UTTAR PRADESH,GONDA,RICE,WHOLE YEAR,1.834126984126984,0.2589428476268705,6,2006,31.536527777777778,19.657638888888886,1.5,647.5833333333334,359.7054762811746,495.275,674.45,939.1999999999999,1265.0,,1479.86,2014.0,1265.0,2012
UTTAR PRADESH,GONDA,SORGHUM,KHARIF,1.0309639243226,0.16209626776618613,10,2010,33.6725,26.64375,0.0,575.11,442.6303259430429,109.65,691.35,899.725,1510.0,,,,1510.0,2012
UTTAR PRADESH,GONDA,WHEAT,RABI,2.6938262638385058,0.19710606382325843,18,2014,28.106851851851854,13.628425925925926,1.3350239559918673,139.16666666666666,234.49833060988627,16.425,51.5,129.55,1120.5,2012.0,1502.89,2014.0,1350.0,2012
UTTAR PRADESH,GORAKHPUR,CHICKPEA,RABI,0.8131142479396599,0.1568305715350291,18,2014,28.178703703703704,14.431944444444444,0.8287746482762794,101.32222222222222,71.14323212452597,55.550000000000004,79.8,115.975,1599.0,2001.0,5507.26,2014.0,3000.0,2012
UTTAR PRADESH,GORAKHPUR,GROUNDNUT,KHARIF,1.0167537331955085,0.2599088977814573,15,2014,33.40416666666667,26.322666666666667,0.0,1038.2,461.8899389619628,855.3,1008.0,1213.15,2868.0,2012.0,,,3700.0,2012
UTTAR PRADESH,GORAKHPUR,MAIZE,KHARIF,1.1201470137976866,0.4016874652462673,15,2014,33.51316666666666,26.38383333333333,0.17756725994979045,993.1,432.87878705904996,855.3,971.4,1164.7,1014.0,2012.0,1888.58,2014.0,1175.0,2012
UTTAR PRADESH,GORAKHPUR,MAIZE,RABI,2.630914512329752,1.0082104342977731,15,2014,28.194222222222223,14.45,1.5,87.22,60.69325921620716,51.85,68.6,101.25,1015.0,2012.0,1888.58,2014.0,1175.0,2012
UTTAR PRADESH,GORAKHPUR,MAIZE,WHOLE YEAR,1.5350418245411712,0.24539822813460566,11,2014,31.55886363636364,19.96651515151515,1.5,1336.881818181818,410.0511914826778,1032.0499999999997,1326.2,1491.15,848.5,2012.0,1888.58,2014.0,1175.0,2012
UTTAR PRADESH,GORAKHPUR,RICE,KHARIF,1.8770231359783536,0.2906944265921314,16,2014,33.43296875,26.34484375,0.27430786321752343,1032.4375,446.82300429439243,868.6999999999999,989.7,1211.175,851.0,2012.0,1479.86,2014.0,1265.0,2012
UTTAR PRADESH,GORAKHPUR,RICE,WHOLE YEAR,1.908353974818929,0.2935817371582919,14,2014,31.566785714285714,20.004226190476192,1.5,1200.2285714285715,483.93214786399943,960.075,1171.35,1436.875,851.0,2012.0,1479.86,2014.0,1265.0,2012
UTTAR PRADESH,GORAKHPUR,SORGHUM,KHARIF,1.1127121563389786,0.20481619261007997,12,2010,33.39479166666667,26.327083333333334,0.0,1032.5333333333333,503.6298664934819,868.6999999999999,967.0,1172.0,1510.0,,,,1510.0,2012
UTTAR PRADESH,GORAKHPUR,WHEAT,RABI,2.544570586652113,0.38536211198796944,18,2014,28.178703703703704,14.431944444444444,1.5,101.32222222222222,71.14323212452597,55.550000000000004,79.8,115.975,961.0,2012.0,1502.89,2014.0,1350.0,2012
UTTAR PRADESH,HARDOI,CHICKPEA,RABI,0.8660700546854353,0.22898557213785467,18,2014,27.85472222222222,13.728796296296297,0.12842476691766122,59.46111111111111,43.408729657264985,19.925,51.95,83.575,2630.0,2011.0,5507.26,2014.0,3000.0,2012
UTTAR PRADESH,HARDOI,GROUNDNUT,KHARIF,0.8342120529426363,0.2591518670327928,15,2014,34.26416666666667,26.817666666666664,0.012831006706218614,489.72666666666663,230.69388953040487,334.45000000000005,470.8,647.55,3890.0,2014.0,,,3700.0,2012
UTTAR PRADESH,HARDOI,MAIZE,KHARIF,1.4656525854570028,0.2909888835658965,16,2014,34.3015625,26.833593750000002,0.02536993342775932,501.68125,227.94360185142284,339.625,504.20000000000005,682.15,1024.0,2014.0,1888.58,2014.0,1175.0,2012
UTTAR PRADESH,HARDOI,MAIZE,RABI,2.0190952804270346,0.8277999428473273,7,2014,27.71595238095238,13.680238095238094,1.4730679156908664,70.35714285714286,49.350206252282845,35.75,72.9,103.65,1024.0,2014.0,1888.58,2014.0,1175.0,2012
UTTAR PRADESH,HARDOI,MAIZE,WHOLE YEAR,1.5363215357880058,0.24422729811914465,11,2014,31.799015151515153,19.833863636363635,1.5,624.4636363636364,225.94211326234543,496.05,635.4,783.0999999999999,1024.0,2014.0,1888.58,2014.0,1175.0,2012
UTTAR PRADESH,HARDOI,RICE,KHARIF,2.1063918885441133,0.2343040834018876,16,2014,34.3015625,26.833593750000002,0.9855109931344377,501.68125,227.94360185142284,339.625,504.20000000000005,682.15,1059.0,2014.0,1479.86,2014.0,1265.0,2012
UTTAR PRADESH,HARDOI,RICE,WHOLE YEAR,2.0874680256718072,0.21991634231914234,14,2014,31.878690476190478,19.843630952380952,1.5,572.8071428571428,239.8288090229417,397.875,613.5500000000001,755.325,1059.0,2014.0,1479.86,2014.0,1265.0,2012
UTTAR PRADESH,HARDOI,SORGHUM,KHARIF,0.9938561925466587,0.1907154628685244,16,2014,34.3015625,26.833593750000002,0.0013479345882676937,501.68125,227.94360185142284,339.625,504.20000000000005,682.15,686.0,2009.0,,,1510.0,2012
UTTAR PRADESH,HARDOI,WHEAT,RABI,2.89494585786951,0.3704706878832387,18,2014,27.85472222222222,13.728796296296297,1.0032757165780117,59.46111111111111,43.408729657264985,19.925,51.95,83.575,995.0,2011.0,1502.89,2014.0,1350.0,2012
UTTAR PRADESH,JALAUN,CHICKPEA,RABI,0.9636613897187991,0.2864788037083117,18,2014,28.659074074074073,13.505833333333335,0.03965486444585978,57.62222222222223,76.13974424434832,11.825,28.049999999999997,77.05000000000001,1435.0,2010.0,5507.26,2014.0,3000.0,2012
UTTAR PRADESH,JALAUN,GROUNDNUT,KHARIF,0.8033303154878362,0.3887746732547481,15,2014,34.921166666666664,26.833166666666667,0.06728913787737317,553.1800000000001,287.8614304537118,360.55,471.2,703.6,3700.0,,,,3700.0,2012
UTTAR PRADESH,JALAUN,MAIZE,KHARIF,0.9778306878306878,0.49907787962419053,15,2014,34.921166666666664,26.833166666666667,0.1119047619047619,553.1800000000001,287.8614304537118,360.55,471.2,703.6,1175.0,,1888.58,2014.0,1175.0,2012
UTTAR PRADESH,JALAUN,RICE,KHARIF,1.043222687138148,0.4389535023840167,16,2014,34.95671875,26.8525,0.6759078174437378,556.16875,278.35740507184886,364.32500000000005,482.6,677.05,1265.0,,1479.86,2014.0,1265.0,2012
UTTAR PRADESH,JALAUN,SORGHUM,KHARIF,1.131418333501516,0.4378138399530122,16,2014,34.95671875,26.8525,4.888541259288125e-05,556.16875,278.35740507184886,364.32500000000005,482.6,677.05,806.0,2009.0,,,1510.0,2012
UTTAR PRADESH,JALAUN,WHEAT,RABI,2.855419936587578,0.5525134415459108,18,2014,28.659074074074073,13.505833333333335,1.0214601106872223,57.62222222222223,76.13974424434832,11.825,28.049999999999997,77.05000000000001,665.0,2010.0,1502.89,2014.0,1350.0,2012
UTTAR PRADESH,JAUNPUR,CHICKPEA,RABI,0.9842252470070133,0.17719596625282616,18,2014,28.98425925925926,14.38574074074074,0.06325950721533147,116.77222222222223,239.86608961608647,11.075,31.0,74.27499999999999,4106.0,2014.0,5507.26,2014.0,3000.0,2012
UTTAR PRADESH,JAUNPUR,MAIZE,KHARIF,1.4929376131451406,0.2618993872970703,16,2014,34.4675,27.04640625,0.009600321592052144,562.5749999999999,365.62734124606527,291.27500000000003,578.95,877.2249999999999,509.0,2012.0,1888.58,2014.0,1175.0,2012
UTTAR PRADESH,JAUNPUR,MAIZE,RABI,2.019638730729686,0.824427057754115,7,2014,28.74738095238095,14.23404761904762,1.4545080279950597,79.24285714285713,81.6567175669554,23.8,53.4,111.99999999999999,512.0,2002.0,1888.58,2014.0,1175.0,2012
UTTAR PRADESH,JAUNPUR,MAIZE,WHOLE YEAR,1.5355295337951227,0.24419537397937593,11,2014,32.61272727272728,20.32212121212121,1.0386423393681847,739.6272727272727,265.15473252766617,550.8,726.8,942.0,900.0,2012.0,1888.58,2014.0,1175.0,2012
UTTAR PRADESH,JAUNPUR,RICE,KHARIF,2.055351891235379,0.30216362807257713,16,2014,34.4675,27.04640625,0.989981290547256,562.5749999999999,365.62734124606527,291.27500000000003,578.95,877.2249999999999,1174.0,2012.0,1479.86,2014.0,1265.0,2012
UTTAR PRADESH,JAUNPUR,SORGHUM,KHARIF,1.16162242791863,0.23544475164863954,16,2014,34.4675,27.04640625,0.0003921962416360438,562.5749999999999,365.62734124606527,291.27500000000003,578.95,877.2249999999999,398.0,2012.0,,,1510.0,2012
UTTAR PRADESH,JAUNPUR,WHEAT,RABI,2.5548161050947056,0.3373847542788424,18,2014,28.98425925925926,14.38574074074074,1.0201589849634018,116.77222222222223,239.86608961608647,11.075,31.0,74.27499999999999,1181.0,2013.0,1502.89,2014.0,1350.0,2012
UTTAR PRADESH,JHANSI,CHICKPEA,RABI,0.8626783400817547,0.2777660070017157,18,2014,29.073703703703707,13.32175925925926,0.8620805046345977,75.0611111111111,81.89945872757207,19.1,38.1,89.375,2737.0,2012.0,5507.26,2014.0,3000.0,2012
UTTAR PRADESH,JHANSI,GROUNDNUT,KHARIF,0.816731935918128,0.27153108173533846,15,2014,34.85483333333333,26.352500000000003,0.0015636867002170333,641.3733333333333,281.7928379569103,455.95,551.3,875.9499999999999,5000.0,2014.0,,,3700.0,2012
UTTAR PRADESH,JHANSI,MAIZE,KHARIF,0.6748102719862723,0.29309814732943135,16,2014,34.87796875,26.37140625,0.023113109989821176,632.225,274.68611541175505,462.92499999999995,529.65,849.0249999999999,1175.0,,1888.58,2014.0,1175.0,2012
UTTAR PRADESH,JHANSI,MAIZE,RABI,2.3875100401606426,0.9099058137309894,5,2013,29.338,13.334,0.7542168674698795,99.02000000000001,106.26707862739053,36.6,73.3,77.0,1175.0,,1888.58,2014.0,1175.0,2012
UTTAR PRADESH,JHANSI,RICE,KHARIF,1.3850254198223202,0.6105285202768477,16,2014,34.87796875,26.37140625,0.5406153598347802,632.225,274.68611541175505,462.92499999999995,529.65,849.0249999999999,1183.0,2014.0,1479.86,2014.0,1265.0,2012
UTTAR PRADESH,JHANSI,SORGHUM,KHARIF,0.7570191342436988,0.4470003154736568,16,2014,34.87796875,26.37140625,0.00041082383873794373,632.225,274.68611541175505,462.92499999999995,529.65,849.0249999999999,805.0,2010.0,,,1510.0,2012
UTTAR PRADESH,JHANSI,WHEAT,RABI,2.345148002171814,0.4771420302585361,18,2014,29.073703703703707,13.32175925925926,1.4993348961194026,75.0611111111111,81.89945872757207,19.1,38.1,89.375,1075.0,2012.0,1502.89,2014.0,1350.0,2012
UTTAR PRADESH,KHERI,CHICKPEA,RABI,0.8929041983979865,0.219205363322885,18,2014,27.055185185185184,14.029074074074074,0.04230504734609194,108.72777777777779,151.60681656860078,30.575000000000003,58.8,118.55000000000001,4210.0,2014.0,5507.26,2014.0,3000.0,2012
UTTAR PRADESH,KHERI,GROUNDNUT,KHARIF,0.7691700342772871,0.17716282433406244,15,2014,33.681666666666665,26.172833333333337,0.019677313376134098,782.8066666666667,396.56681200139826,697.15,929.4,1066.0,4302.0,2014.0,,,3700.0,2012
UTTAR PRADESH,KHERI,MAIZE,KHARIF,0.9683686995046119,0.2974431334215151,16,2014,33.72015625,26.18703125,0.12440578822685727,782.56875,383.1211204806299,721.575,895.6500000000001,1056.25,1109.0,2014.0,1888.58,2014.0,1175.0,2012
UTTAR PRADESH,KHERI,MAIZE,RABI,2.4704723963447153,1.0283360760833775,13,2014,27.214358974358973,14.092820512820513,1.4194595909878844,64.79230769230769,56.98136335005306,29.1,56.0,87.9,1103.0,2014.0,1888.58,2014.0,1175.0,2012
UTTAR PRADESH,KHERI,MAIZE,WHOLE YEAR,1.5352690207672857,0.2450308971787973,11,2014,31.028787878787877,19.689090909090908,1.1570933657768356,1068.590909090909,412.14042862729553,996.9,1162.6999999999998,1229.1,1109.0,2014.0,1888.58,2014.0,1175.0,2012
UTTAR PRADESH,KHERI,RICE,KHARIF,2.2979502011095696,0.28527637326184635,16,2014,33.72015625,26.18703125,0.872372385854797,782.56875,383.1211204806299,721.575,895.6500000000001,1056.25,1133.0,2014.0,1479.86,2014.0,1265.0,2012
UTTAR PRADESH,KHERI,RICE,WHOLE YEAR,2.3089808589020606,0.29519807873951276,14,2014,31.095178571428573,19.708154761904762,1.5,983.5857142857142,418.8357725834845,829.15,1078.35,1191.325,1133.0,2014.0,1479.86,2014.0,1265.0,2012
UTTAR PRADESH,KHERI,SORGHUM,KHARIF,0.9254331099274565,0.16708494838021318,16,2014,33.72015625,26.18703125,0.00543478260869565,782.56875,383.1211204806299,721.575,895.6500000000001,1056.25,488.0,2004.0,,,1510.0,2012
UTTAR PRADESH,KHERI,WHEAT,RABI,2.964315887362766,0.37729730090526387,18,2014,27.055185185185184,14.029074074074074,0.9261189298028635,108.72777777777779,151.60681656860078,30.575000000000003,58.8,118.55000000000001,1146.0,2013.0,1502.89,2014.0,1350.0,2012
UTTAR PRADESH,LUCKNOW,CHICKPEA,RABI,0.893962775701286,0.21891785783130666,18,2014,28.183611111111112,13.799444444444443,0.02969077592824454,68.03333333333335,56.35519705665235,22.025,55.0,101.6,1318.5,2001.0,5507.26,2014.0,3000.0,2012
UTTAR PRADESH,LUCKNOW,GROUNDNUT,KHARIF,0.8355040767592953,0.2722738941170861,15,2014,34.049,26.782666666666668,0.006293866356759427,618.9933333333333,288.91428404253315,550.95,653.4,691.5999999999999,1282.0,2002.0,,,3700.0,2012
UTTAR PRADESH,LUCKNOW,MAIZE,KHARIF,1.0499336006338795,0.35120470925067077,16,2014,34.08421875,26.79734375,0.06939155169842678,617.24375,279.20543683519725,569.75,646.2,690.3,490.0,2008.0,1888.58,2014.0,1175.0,2012
UTTAR PRADESH,LUCKNOW,MAIZE,RABI,2.352149680954972,1.1171822527788713,10,2014,28.205666666666666,13.804833333333331,1.426775797068321,69.46000000000001,54.99186202420218,28.075000000000003,55.0,116.95000000000002,490.0,2004.0,1888.58,2014.0,1175.0,2012
UTTAR PRADESH,LUCKNOW,MAIZE,WHOLE YEAR,1.5343559356840055,0.2450918368343961,11,2014,31.872651515151514,19.88681818181818,1.1334340969478072,803.3090909090909,260.74199299133033,703.75,789.9,817.15,763.0,2008.0,1888.58,2014.0,1175.0,2012
UTTAR PRADESH,LUCKNOW,RICE,KHARIF,1.8967132115821863,0.24661513484212866,16,2014,34.08421875,26.79734375,1.0289403025967527,617.24375,279.20543683519725,569.75,646.2,690.3,821.0,2012.0,1479.86,2014.0,1265.0,2012
UTTAR PRADESH,LUCKNOW,RICE,WHOLE YEAR,1.6746031746031746,0.21171295046312583,6,2009,31.957222222222224,19.83125,1.5,589.3333333333334,321.27537513271477,351.47499999999997,774.9,806.8249999999999,1265.0,,1479.86,2014.0,1265.0,2012
UTTAR PRADESH,LUCKNOW,SORGHUM,KHARIF,0.8672516270974295,0.20586568288360577,16,2014,34.08421875,26.79734375,0.0005478645047955687,617.24375,279.20543683519725,569.75,646.2,690.3,536.0,2007.0,,,1510.0,2012
UTTAR PRADESH,LUCKNOW,WHEAT,RABI,2.509421197584511,0.2995028313009459,18,2014,28.183611111111112,13.799444444444443,0.9998038943321872,68.03333333333335,56.35519705665235,22.025,55.0,101.6,709.0,2012.0,1502.89,2014.0,1350.0,2012
UTTAR PRADESH,MAINPURI,CHICKPEA,RABI,1.2583086873495342,0.3424556524735903,18,2014,28.34777777777778,13.133055555555556,1.426646037901302,105.67777777777778,170.13154964029025,26.825000000000003,46.8,117.0,4455.0,2014.0,5507.26,2014.0,3000.0,2012
UTTAR PRADESH,MAINPURI,GROUNDNUT,KHARIF,0.9452498724093,0.39055240369728633,15,2014,35.044666666666664,27.409166666666668,0.8849550912616936,403.9933333333334,275.91722482001904,168.9,423.8,589.2,1466.0,2002.0,,,3700.0,2012
UTTAR PRADESH,MAINPURI,MAIZE,KHARIF,2.099685684961706,0.4014667607709607,16,2014,35.08375,27.425,1.068309216290982,412.55625000000003,268.75292982899117,179.95,461.4,587.1,470.0,2009.0,1888.58,2014.0,1175.0,2012
UTTAR PRADESH,MAINPURI,MAIZE,RABI,1.9510812079957243,0.8780891280137894,6,2013,28.26527777777778,13.150277777777779,1.5,82.23333333333333,51.68468503015827,37.075,81.5,117.0,490.0,2002.0,1888.58,2014.0,1175.0,2012
UTTAR PRADESH,MAINPURI,MAIZE,WHOLE YEAR,1.5345916667862631,0.2459005992732989,11,2014,32.4475,19.93227272727273,1.5,575.1090909090909,383.58349665892933,305.35,521.9,818.75,629.5,2009.0,1888.58,2014.0,1175.0,2012
UTTAR PRADESH,MAINPURI,RICE,KHARIF,2.3473518238711426,0.23793302872075367,16,2014,35.08375,27.425,1.1618372980179859,412.55625000000003,268.75292982899117,179.95,461.4,587.1,594.5,2009.0,1479.86,2014.0,1265.0,2012
UTTAR PRADESH,MAINPURI,RICE,WHOLE YEAR,2.465336060950096,0.20952998047349997,9,2014,32.56537037037037,20.09777777777778,1.5,477.9888888888888,363.075486106004,275.1,396.2000000000001,656.3999999999999,873.0,2009.0,1479.86,2014.0,1265.0,2012
UTTAR PRADESH,MAINPURI,SORGHUM,KHARIF,0.9314459293742502,0.45715849433556793,15,2014,35.1135,27.435000000000002,0.603585414586879,431.1933333333334,267.26929294698436,246.45,499.0,589.2,529.0,2004.0,,,1510.0,2012
UTTAR PRADESH,MAINPURI,WHEAT,RABI,3.162786130009331,0.3626718099271978,18,2014,28.34777777777778,13.133055555555556,1.4705596668749483,105.67777777777778,170.13154964029025,26.825000000000003,46.8,117.0,1120.0,2013.0,1502.89,2014.0,1350.0,2012
UTTAR PRADESH,MATHURA,CHICKPEA,RABI,1.266098447917747,0.34464028738638647,18,2014,27.587962962962962,12.89824074074074,0.7519963552234243,52.05,50.43043257212617,20.099999999999998,41.8,61.0,4200.0,2014.0,5507.26,2014.0,3000.0,2012
UTTAR PRADESH,MATHURA,MAIZE,KHARIF,2.0375980426851634,0.5483531108617566,16,2014,34.97625,27.291875,0.8887213142433271,438.1,209.7555275394032,297.55,389.5,540.75,460.0,1999.0,1888.58,2014.0,1175.0,2012
UTTAR PRADESH,MATHURA,MAIZE,WHOLE YEAR,1.5396146942199573,0.2620232325170743,10,2014,31.694333333333333,19.66183333333333,1.5,527.84,253.47856451121595,323.95,471.70000000000005,667.4,437.0,1998.0,1888.58,2014.0,1175.0,2012
UTTAR PRADESH,MATHURA,RICE,KHARIF,2.2497791931545326,0.2477647724612897,16,2014,34.97625,27.291875,0.9991336098801243,438.1,209.7555275394032,297.55,389.5,540.75,1317.0,2012.0,1479.86,2014.0,1265.0,2012
UTTAR PRADESH,MATHURA,SORGHUM,KHARIF,0.9400350506646538,0.4462604100779619,16,2014,34.97625,27.291875,0.4082985105424348,438.1,209.7555275394032,297.55,389.5,540.75,432.0,1999.0,,,1510.0,2012
UTTAR PRADESH,MATHURA,WHEAT,RABI,3.321519930061886,0.4081182902927054,18,2014,27.587962962962962,12.89824074074074,1.009139676578512,52.05,50.43043257212617,20.099999999999998,41.8,61.0,1069.0,2012.0,1502.89,2014.0,1350.0,2012
UTTAR PRADESH,MEERUT,CHICKPEA,RABI,0.8842828131261905,0.18051087728383408,18,2014,26.136203703703703,12.43074074074074,0.903737776550488,88.44444444444444,86.92436348527531,16.475,35.150000000000006,156.7,4050.0,2014.0,5507.26,2014.0,3000.0,2012
UTTAR PRADESH,MEERUT,MAIZE,KHARIF,1.8575869267974365,0.41516080484546936,16,2014,33.936875,26.28140625,1.5,448.2375,236.07676117455244,287.25,386.20000000000005,553.125,611.0,1998.0,1888.58,2014.0,1175.0,2012
UTTAR PRADESH,MEERUT,MAIZE,RABI,1.8639869672099127,0.6940446496649397,6,2014,26.095555555555553,12.30361111111111,1.5,87.46666666666665,74.06747374297754,19.125,93.95,154.22500000000002,1175.0,,1888.58,2014.0,1175.0,2012
UTTAR PRADESH,MEERUT,MAIZE,WHOLE YEAR,1.5347188542668846,0.24500313693344333,11,2014,30.537196969696968,18.90772727272727,1.5,541.5454545454545,326.03998639319184,371.05,437.4,677.75,611.0,1998.0,1888.58,2014.0,1175.0,2012
UTTAR PRADESH,MEERUT,RICE,KHARIF,2.4643675614243383,0.22403449697973712,16,2014,33.936875,26.28140625,1.5,448.2375,236.07676117455244,287.25,386.20000000000005,553.125,1953.0,2012.0,1479.86,2014.0,1265.0,2012
UTTAR PRADESH,MEERUT,SORGHUM,KHARIF,0.7193228473435497,0.32102517383888074,7,2012,34.05571428571429,26.106428571428573,0.010548523206751,565.5,281.93683098642265,409.54999999999995,534.0,742.0,583.0,2002.0,,,1510.0,2012
UTTAR PRADESH,MEERUT,WHEAT,RABI,3.7504943541718467,0.2712170570513778,18,2014,26.136203703703703,12.43074074074074,1.5,88.44444444444444,86.92436348527531,16.475,35.150000000000006,156.7,1412.0,2013.0,1502.89,2014.0,1350.0,2012
UTTAR PRADESH,MORADABAD,CHICKPEA,RABI,0.8622136585223017,0.22116290166262795,18,2014,26.348888888888887,13.04861111111111,0.6863589309241482,101.84444444444445,89.09045120961069,29.924999999999997,65.25,180.225,1403.0,1999.0,5507.26,2014.0,3000.0,2012
UTTAR PRADESH,MORADABAD,GROUNDNUT,KHARIF,0.8754166666666666,0.17194441239069375,8,2011,33.587500000000006,26.1084375,0.0,731.5875,280.21058630710473,577.375,701.6999999999999,788.95,1495.5,1998.0,,,3700.0,2012
UTTAR PRADESH,MORADABAD,MAIZE,KHARIF,1.309608261433311,0.28675813812123774,16,2014,33.668906250000006,26.26125,1.499068901303538,699.93125,275.1591508412298,523.175,642.6,864.8499999999999,403.0,1998.0,1888.58,2014.0,1175.0,2012
UTTAR PRADESH,MORADABAD,MAIZE,RABI,1.7414994538448383,0.4904920068714045,6,2014,26.3425,13.101944444444444,1.5,72.08333333333333,52.67498141116583,48.925,58.85,67.125,1175.0,,1888.58,2014.0,1175.0,2012
UTTAR PRADESH,MORADABAD,MAIZE,WHOLE YEAR,1.5360146094207503,0.24611889792139593,11,2014,30.583560606060608,19.218257575757576,1.5,892.1909090909091,319.8693716333137,672.5500000000001,738.4999999999999,1004.55,403.0,1998.0,1888.58,2014.0,1175.0,2012
UTTAR PRADESH,MORADABAD,RICE,KHARIF,2.2192727213426178,0.1620848967333231,16,2014,33.668906250000006,26.26125,1.2790519321666398,699.93125,275.1591508412298,523.175,642.6,864.8499999999999,1055.0,2014.0,1479.86,2014.0,1265.0,2012
UTTAR PRADESH,MORADABAD,RICE,WHOLE YEAR,2.1934471863498226,0.19039673710211658,13,2014,30.657628205128205,19.227307692307694,1.5,835.9461538461538,350.6495701204281,655.5000000000002,738.4999999999999,989.7,1055.0,2014.0,1479.86,2014.0,1265.0,2012
UTTAR PRADESH,MORADABAD,SORGHUM,KHARIF,0.8444233842093831,0.3651084597466805,16,2014,33.668906250000006,26.26125,0.0,699.93125,275.1591508412298,523.175,642.6,864.8499999999999,364.0,2004.0,,,1510.0,2012
UTTAR PRADESH,MORADABAD,WHEAT,RABI,2.9425315930412355,0.37601219881680575,18,2014,26.348888888888887,13.04861111111111,1.4769970759588866,101.84444444444445,89.09045120961069,29.924999999999997,65.25,180.225,1095.0,2012.0,1502.89,2014.0,1350.0,2012
UTTAR PRADESH,MUZAFFARNAGAR,CHICKPEA,RABI,0.8744995667736412,0.19159341001951585,18,2014,25.822314814814817,12.103425925925926,0.9621212121212122,110.15555555555557,93.27149632199428,34.625,70.4,197.05,4100.0,2014.0,5507.26,2014.0,3000.0,2012
UTTAR PRADESH,MUZAFFARNAGAR,GROUNDNUT,KHARIF,0.9621427781842111,0.17576403529704823,8,2010,33.573750000000004,25.6325,,466.2,216.48717546971955,361.7,443.30000000000007,604.05,3700.0,,,,3700.0,2012
UTTAR PRADESH,MUZAFFARNAGAR,MAIZE,KHARIF,1.401786204642808,0.19092712550823462,16,2014,33.6384375,25.826093750000002,0.7386381761154319,503.53749999999997,326.10261140730944,305.15,452.45,679.4,660.0,2004.0,1888.58,2014.0,1175.0,2012
UTTAR PRADESH,MUZAFFARNAGAR,MAIZE,RABI,1.912324286868735,1.3741253876751751,6,2004,26.12194444444445,11.967222222222224,0.9836448598130841,62.083333333333336,60.93128643535,14.95,37.9,106.375,660.0,2004.0,1888.58,2014.0,1175.0,2012
UTTAR PRADESH,MUZAFFARNAGAR,MAIZE,WHOLE YEAR,1.5425830638033902,0.2645388076639704,11,2014,30.25371212121212,18.507499999999997,1.5,660.7727272727273,404.7041934324602,464.70000000000005,509.1,796.7,591.0,1998.0,1888.58,2014.0,1175.0,2012
UTTAR PRADESH,MUZAFFARNAGAR,RICE,KHARIF,2.43681295491627,0.19095279743867127,16,2014,33.6384375,25.826093750000002,1.0673475321250436,503.53749999999997,326.10261140730944,305.15,452.45,679.4,1868.0,2011.0,1479.86,2014.0,1265.0,2012
UTTAR PRADESH,MUZAFFARNAGAR,RICE,WHOLE YEAR,2.423746027462973,0.28875063749559243,8,2014,30.338020833333335,18.5946875,1.5,649.5375,467.59113683858465,408.675,506.5,648.725,1868.0,2011.0,1479.86,2014.0,1265.0,2012
UTTAR PRADESH,MUZAFFARNAGAR,SORGHUM,KHARIF,0.8533333333333333,0.14452988925785867,5,2004,33.682,25.449,,721.4599999999999,413.4724089948445,490.7000000000001,658.1999999999999,804.5,1510.0,,,,1510.0,2012
UTTAR PRADESH,MUZAFFARNAGAR,WHEAT,RABI,3.4005538327400577,0.25821662254439237,18,2014,25.822314814814817,12.103425925925926,1.0749825255778815,110.15555555555557,93.27149632199428,34.625,70.4,197.05,1236.0,2013.0,1502.89,2014.0,1350.0,2012
UTTAR PRADESH,PILIBHIT,CHICKPEA,RABI,0.8813288615752133,0.1557124704613805,17,2013,26.6728431372549,13.635882352941177,0.06920415224913495,62.31764705882353,103.24544321236482,14.2,36.7,48.7,1413.0,2013.0,5507.26,2014.0,3000.0,2012
UTTAR PRADESH,PILIBHIT,GROUNDNUT,KHARIF,0.9001565090305345,0.36456488235566464,15,2014,33.51483333333333,25.999166666666667,0.11225821896757178,456.02666666666664,260.32425238719577,238.75,437.9,715.35,3700.0,,,,3700.0,2012
UTTAR PRADESH,PILIBHIT,MAIZE,KHARIF,1.6060967378710727,0.464645096652827,16,2014,33.55375,26.0121875,0.2961799558461899,440.15,259.39140052566637,197.25,435.0,711.725,1175.0,,1888.58,2014.0,1175.0,2012
UTTAR PRADESH,PILIBHIT,MAIZE,RABI,1.5589567966583853,0.3250035612633518,5,2011,26.741333333333337,13.681999999999999,1.1562009296143834,25.28,17.808059972944836,14.2,16.6,39.5,1175.0,,1888.58,2014.0,1175.0,2012
UTTAR PRADESH,PILIBHIT,MAIZE,WHOLE YEAR,1.5336764528074525,0.24653659510092824,11,2014,30.739772727272726,19.403636363636362,0.89463640866494,661.309090909091,239.96612033595682,510.6,782.3000000000001,812.0,1175.0,,1888.58,2014.0,1175.0,2012
UTTAR PRADESH,PILIBHIT,RICE,KHARIF,2.646766988944468,0.19011088472938378,16,2014,33.55375,26.0121875,1.0252880103055955,440.15,259.39140052566637,197.25,435.0,711.725,834.0,2009.0,1479.86,2014.0,1265.0,2012
UTTAR PRADESH,PILIBHIT,RICE,WHOLE YEAR,2.6655365833030475,0.19663307928742874,14,2014,30.81529761904762,19.41767857142857,1.5,599.5571428571428,254.6925498420693,474.15000000000003,622.95,807.25,834.0,2009.0,1479.86,2014.0,1265.0,2012
UTTAR PRADESH,PILIBHIT,SORGHUM,KHARIF,0.8082267081096876,0.2051402071013626,11,2011,33.501363636363635,25.94568181818182,0.0,457.23636363636365,229.8631343766428,248.25,437.9,674.6,625.0,2004.0,,,1510.0,2012
UTTAR PRADESH,PILIBHIT,WHEAT,RABI,3.2727840101531864,0.41215670610584054,18,2014,26.645462962962963,13.63,1.0010755082791825,67.82222222222222,102.84936189315938,14.8,38.1,69.625,1050.0,2013.0,1502.89,2014.0,1350.0,2012
UTTAR PRADESH,PRATAPGARH,CHICKPEA,RABI,0.9083857186934315,0.1603871348249019,18,2014,29.694444444444443,14.644722222222223,0.06478924024541778,81.65,82.42004503474512,26.55,52.8,96.125,4659.0,2014.0,5507.26,2014.0,3000.0,2012
UTTAR PRADESH,PRATAPGARH,GROUNDNUT,KHARIF,0.879899913125494,0.15065473432426002,7,2009,33.114285714285714,25.43857142857143,0.0,441.2285714285714,263.8918510443607,298.3,423.9,533.85,3700.0,,,,3700.0,2012
UTTAR PRADESH,PRATAPGARH,MAIZE,KHARIF,1.4771202509599624,0.38996005954066876,16,2014,33.35875,25.685625,0.04233745433237339,564.41875,293.14674645701484,413.225,507.25,634.1750000000001,1175.0,,1888.58,2014.0,1175.0,2012
UTTAR PRADESH,PRATAPGARH,MAIZE,RABI,2.2962027668210143,1.3109327873616525,7,2013,29.698809523809526,14.615714285714287,1.297497570456754,96.35714285714286,95.82029807827529,34.7,50.3,148.85,1175.0,,1888.58,2014.0,1175.0,2012
UTTAR PRADESH,PRATAPGARH,MAIZE,WHOLE YEAR,1.5324710763906397,0.239881542940829,11,2014,32.54363636363637,20.051363636363636,0.9600175808395668,768.5181818181819,283.02311855458674,632.3,650.5,868.2,1175.0,,1888.58,2014.0,1175.0,2012
UTTAR PRADESH,PRATAPGARH,RICE,KHARIF,2.0049416118223675,0.2784731906738646,16,2014,33.35875,25.685625,0.9639067815285233,564.41875,293.14674645701484,413.225,507.25,634.1750000000001,759.0,2012.0,1479.86,2014.0,1265.0,2012
UTTAR PRADESH,PRATAPGARH,SORGHUM,KHARIF,1.1974638212591033,0.26561196328344744,16,2014,33.35875,25.685625,0.0,564.41875,293.14674645701484,413.225,507.25,634.1750000000001,642.0,2012.0,,,1510.0,2012
UTTAR PRADESH,PRATAPGARH,WHEAT,RABI,2.3563540355179575,0.3946468476075772,18,2014,29.694444444444443,14.644722222222223,1.00753206151036,81.65,82.42004503474512,26.55,52.8,96.125,1143.0,2013.0,1502.89,2014.0,1350.0,2012
UTTAR PRADESH,RAMPUR,CHICKPEA,RABI,0.9172235876227895,0.12612804980777662,13,2011,26.532692307692308,13.303974358974358,0.1225775116718265,87.55384615384615,84.91267686457478,10.4,58.8,149.5,1396.0,2008.0,5507.26,2014.0,3000.0,2012
UTTAR PRADESH,RAMPUR,GROUNDNUT,KHARIF,0.9559500075947445,0.19827219806730997,12,2014,33.585,26.215833333333336,0.0,443.51666666666665,271.2810646923336,287.34999999999997,546.65,656.9,1361.0,1998.0,,,3700.0,2012
UTTAR PRADESH,RAMPUR,MAIZE,KHARIF,1.3168049848867414,0.2783907248480477,16,2014,33.571406249999995,26.205,0.31099146501263675,352.61875,287.7396212289854,61.925,342.2,608.0500000000001,636.0,2009.0,1888.58,2014.0,1175.0,2012
UTTAR PRADESH,RAMPUR,MAIZE,RABI,2.0383049263991144,0.8359921690524938,7,2014,26.285,13.313095238095238,1.1611892825403716,88.95714285714287,83.02338741067398,20.2,58.8,154.45,640.0,2002.0,1888.58,2014.0,1175.0,2012
UTTAR PRADESH,RAMPUR,MAIZE,WHOLE YEAR,1.532376543014841,0.24863671185888878,11,2014,30.58212121212121,19.295530303030304,1.0461769227166764,503.89090909090913,303.6194541018261,374.85,526.2,697.7,754.5,2009.0,1888.58,2014.0,1175.0,2012
UTTAR PRADESH,RAMPUR,RICE,KHARIF,2.1750769185094216,0.1745365653290759,16,2014,33.571406249999995,26.205,1.0355310630226666,352.61875,287.7396212289854,61.925,342.2,608.0500000000001,818.0,2009.0,1479.86,2014.0,1265.0,2012
UTTAR PRADESH,RAMPUR,RICE,WHOLE YEAR,2.1852633263047827,0.17933957706549833,14,2014,30.67910714285714,19.29375,1.5,518.3071428571428,280.0075753488595,372.275,561.6,704.75,818.0,2009.0,1479.86,2014.0,1265.0,2012
UTTAR PRADESH,RAMPUR,SORGHUM,KHARIF,0.8395810699286029,0.3531977496760584,16,2014,33.571406249999995,26.205,0.025202706978325055,352.61875,287.7396212289854,61.925,342.2,608.0500000000001,688.0,2009.0,,,1510.0,2012
UTTAR PRADESH,RAMPUR,WHEAT,RABI,3.254422850544994,0.4144333446989367,18,2014,26.44814814814815,13.276759259259258,1.0124677783869773,90.45555555555556,81.7041522612653,24.299999999999997,61.8,152.95,983.0,2009.0,1502.89,2014.0,1350.0,2012
UTTAR PRADESH,SAHARANPUR,CHICKPEA,RABI,0.8655371558958624,0.2205765017421545,18,2014,25.303518518518516,11.623333333333333,0.578696121411882,171.7888888888889,129.22135995755903,64.175,168.85000000000002,246.2,1335.0,2001.0,5507.26,2014.0,3000.0,2012
UTTAR PRADESH,SAHARANPUR,GROUNDNUT,KHARIF,1.0176404331257765,0.16172748731917275,15,2014,33.3125,25.315833333333334,0.018800446907540586,561.36,324.9472612154603,339.15,668.9000000000001,729.0,3050.0,2009.0,,,3700.0,2012
UTTAR PRADESH,SAHARANPUR,MAIZE,KHARIF,1.3584129689975861,0.15046992085772978,16,2014,33.345625,25.32078125,0.04210596279675286,589.5875,333.61656009057265,340.225,669.6,766.4750000000001,849.0,2009.0,1888.58,2014.0,1175.0,2012
UTTAR PRADESH,SAHARANPUR,MAIZE,WHOLE YEAR,1.503594468031968,0.24446889944312164,10,2013,29.856416666666668,18.0095,1.5,878.1300000000001,322.4799874927642,681.0500000000002,826.05,954.4250000000001,849.0,2009.0,1888.58,2014.0,1175.0,2012
UTTAR PRADESH,SAHARANPUR,RICE,KHARIF,2.3616068587528414,0.13651173690053683,16,2014,33.345625,25.32078125,1.295848726844433,589.5875,333.61656009057265,340.225,669.6,766.4750000000001,1053.0,2009.0,1479.86,2014.0,1265.0,2012
UTTAR PRADESH,SAHARANPUR,WHEAT,RABI,2.9409063348093243,0.3216979214644075,18,2014,25.303518518518516,11.623333333333333,1.2819460926259736,171.7888888888889,129.22135995755903,64.175,168.85000000000002,246.2,621.0,2006.0,1502.89,2014.0,1350.0,2012
UTTAR PRADESH,SHAHJAHANPUR,CHICKPEA,RABI,0.8482417239787954,0.220865278725001,18,2014,27.340092592592594,13.616296296296296,0.3597915416188532,77.76666666666667,54.774758033669656,21.575,77.19999999999999,128.6,1488.0,2001.0,5507.26,2014.0,3000.0,2012
UTTAR PRADESH,SHAHJAHANPUR,GROUNDNUT,KHARIF,0.8218535569622477,0.3333188963463066,15,2014,34.04116666666667,26.556833333333334,0.023574619223243897,627.52,198.67896646169092,534.65,629.9,746.8,2753.0,2010.0,,,3700.0,2012
UTTAR PRADESH,SHAHJAHANPUR,MAIZE,KHARIF,1.476161486868357,0.4545126725808274,15,2014,34.06816666666667,26.524333333333335,0.11517984083542684,640.7333333333333,185.85001505310163,562.15,629.9,746.8,456.5,2002.0,1888.58,2014.0,1175.0,2012
UTTAR PRADESH,SHAHJAHANPUR,MAIZE,RABI,1.9801675624479362,0.5974992085868646,8,2014,27.542916666666667,13.742291666666667,1.439122533748702,49.212500000000006,44.31566757769923,14.650000000000002,45.05,75.45,444.0,2002.0,1888.58,2014.0,1175.0,2012
UTTAR PRADESH,SHAHJAHANPUR,MAIZE,WHOLE YEAR,1.5358723217879329,0.2458118782239665,11,2014,31.39848484848485,19.700757575757578,1.3551587301587302,833.0909090909091,250.15867945983985,663.2,879.5,980.9,2436.0,2010.0,1888.58,2014.0,1175.0,2012
UTTAR PRADESH,SHAHJAHANPUR,RICE,KHARIF,2.4044570797025826,0.24294409484855603,16,2014,34.0796875,26.57109375,1.0373910206455887,623.2375,192.70498998901576,545.25,625.0,721.9,852.0,2010.0,1479.86,2014.0,1265.0,2012
UTTAR PRADESH,SHAHJAHANPUR,RICE,WHOLE YEAR,2.4630837118579447,0.2821782941159604,13,2014,31.471346153846152,19.721282051282053,1.5,814.1692307692307,233.3876045859312,676.5999999999999,839.7,927.7,852.0,2010.0,1479.86,2014.0,1265.0,2012
UTTAR PRADESH,SHAHJAHANPUR,SORGHUM,KHARIF,0.8614562609475682,0.17333076198967387,16,2014,34.0796875,26.57109375,0.022916987314917953,623.2375,192.70498998901576,545.25,625.0,721.9,920.0,2010.0,,,1510.0,2012
UTTAR PRADESH,SHAHJAHANPUR,WHEAT,RABI,3.3044564530542786,0.4235963461108878,18,2014,27.340092592592594,13.616296296296296,0.9966210670800264,77.76666666666667,54.774758033669656,21.575,77.19999999999999,128.6,852.0,2009.0,1502.89,2014.0,1350.0,2012
UTTAR PRADESH,SITAPUR,CHICKPEA,RABI,0.8684089965628617,0.2537974949454839,18,2014,27.58111111111111,14.021851851851853,0.04313038109574347,94.66111111111111,83.93432403751154,25.875,67.8,140.225,4389.0,2014.0,5507.26,2014.0,3000.0,2012
UTTAR PRADESH,SITAPUR,GROUNDNUT,KHARIF,0.6339542104937659,0.19714419993469434,15,2014,33.859,26.3825,0.0026552332439660803,755.0,242.5121469711804,693.9,797.3000000000001,873.55,4246.0,2014.0,,,3700.0,2012
UTTAR PRADESH,SITAPUR,MAIZE,KHARIF,0.7823703178630146,0.22488601155378393,16,2014,33.89609375,26.39765625,0.013569492047482106,749.3125,235.39093971518952,684.925,786.6,871.275,1085.0,2014.0,1888.58,2014.0,1175.0,2012
UTTAR PRADESH,SITAPUR,MAIZE,RABI,2.4322361421435317,1.17367396967988,11,2014,27.52560606060606,13.948333333333334,1.481675858388187,88.52727272727272,58.54670086194595,38.849999999999994,75.7,139.14999999999998,1085.0,2014.0,1888.58,2014.0,1175.0,2012
UTTAR PRADESH,SITAPUR,MAIZE,WHOLE YEAR,1.5354709775849693,0.2435023455940357,11,2014,31.44181818181818,19.794696969696968,1.013514840905559,1047.4363636363635,236.2607342438741,941.2,959.1,1135.3500000000004,1085.0,2014.0,1888.58,2014.0,1175.0,2012
UTTAR PRADESH,SITAPUR,RICE,KHARIF,1.9095738467941383,0.33029288119070116,16,2014,33.89609375,26.39765625,0.8564554184500466,749.3125,235.39093971518952,684.925,786.6,871.275,1115.0,2014.0,1479.86,2014.0,1265.0,2012
UTTAR PRADESH,SITAPUR,RICE,WHOLE YEAR,2.031517188369246,0.32672022611783585,9,2014,31.605925925925924,19.924166666666665,1.5,999.3666666666666,235.3058594680549,932.9,954.0,987.1,1115.0,2014.0,1479.86,2014.0,1265.0,2012
UTTAR PRADESH,SITAPUR,SORGHUM,KHARIF,0.9677190441429164,0.23827037065165893,16,2014,33.89609375,26.39765625,0.00029594570285261876,749.3125,235.39093971518952,684.925,786.6,871.275,1101.0,2014.0,,,1510.0,2012
UTTAR PRADESH,SITAPUR,WHEAT,RABI,2.584271531656408,0.3910694374594956,18,2014,27.58111111111111,14.021851851851853,0.9870072283516556,94.66111111111111,83.93432403751154,25.875,67.8,140.225,1155.0,2013.0,1502.89,2014.0,1350.0,2012
UTTAR PRADESH,SULTANPUR,CHICKPEA,RABI,0.8881018520142964,0.27961001114529316,18,2014,28.623611111111114,14.00925925925926,0.05681720581953548,66.41666666666667,48.90959547381029,28.95,54.0,97.44999999999999,3999.0,2014.0,5507.26,2014.0,3000.0,2012
UTTAR PRADESH,SULTANPUR,GROUNDNUT,KHARIF,0.7570102927544399,0.18851303938363864,13,2014,34.23076923076923,27.00096153846154,0.0,678.8615384615385,259.80688513606134,558.8,670.1,774.0,3700.0,,,,3700.0,2012
UTTAR PRADESH,SULTANPUR,MAIZE,KHARIF,1.1581832855927585,0.40978459713218784,16,2014,34.11890625,26.96046875,0.08259135834412687,701.7125,262.1144708583128,541.1999999999999,683.55,827.825,1027.0,2014.0,1888.58,2014.0,1175.0,2012
UTTAR PRADESH,SULTANPUR,MAIZE,RABI,2.5909595784882975,0.9312977145139615,14,2014,28.63309523809524,14.041071428571428,1.5,67.05,47.38590751235256,30.049999999999997,54.0,97.44999999999999,1027.0,2014.0,1888.58,2014.0,1175.0,2012
UTTAR PRADESH,SULTANPUR,MAIZE,WHOLE YEAR,1.5349175033284814,0.24471229156681815,11,2014,32.20492424242424,20.056590909090907,1.162042860702285,810.9545454545455,218.5411968651969,644.2,811.3,930.9000000000001,1027.0,2014.0,1888.58,2014.0,1175.0,2012
UTTAR PRADESH,SULTANPUR,RICE,KHARIF,2.1491673736598473,0.21772489603411616,16,2014,34.11890625,26.96046875,1.03640836860713,701.7125,262.1144708583128,541.1999999999999,683.55,827.825,1153.0,2014.0,1479.86,2014.0,1265.0,2012
UTTAR PRADESH,SULTANPUR,SORGHUM,KHARIF,0.8010989279529876,0.22206015424333456,16,2014,34.11890625,26.96046875,0.0,701.7125,262.1144708583128,541.1999999999999,683.55,827.825,1096.0,2014.0,,,1510.0,2012
UTTAR PRADESH,SULTANPUR,WHEAT,RABI,2.703071812349634,0.25057195549517763,18,2014,28.623611111111114,14.00925925925926,1.1350455491437401,66.41666666666667,48.90959547381029,28.95,54.0,97.44999999999999,1052.0,2013.0,1502.89,2014.0,1350.0,2012
UTTAR PRADESH,UNNAO,CHICKPEA,RABI,0.9031926057756274,0.2571003644621259,18,2014,28.23898148148148,13.750648148148148,0.12750122368796632,124.5888888888889,189.02258467267842,25.375,54.0,146.35000000000002,1196.0,2001.0,5507.26,2014.0,3000.0,2012
UTTAR PRADESH,UNNAO,GROUNDNUT,KHARIF,0.8174672667928464,0.311349408827521,15,2014,34.3795,27.06683333333333,0.01308642414375734,497.24,257.5119575587011,417.85,569.5999999999999,664.95,1589.0,2008.0,,,3700.0,2012
UTTAR PRADESH,UNNAO,MAIZE,KHARIF,1.2136871993912755,0.28723085208599813,16,2014,34.41609375,27.084218749999998,0.01921557638963075,498.975,248.87696692676616,425.7750000000001,566.0,645.375,446.0,2009.0,1888.58,2014.0,1175.0,2012
UTTAR PRADESH,UNNAO,MAIZE,RABI,2.1883891117323535,0.8359304254529065,9,2014,28.08185185185185,13.654074074074074,1.4019749992943449,82.41111111111111,72.97712731473548,30.3,52.2,134.20000000000002,424.0,2002.0,1888.58,2014.0,1175.0,2012
UTTAR PRADESH,UNNAO,MAIZE,WHOLE YEAR,1.535623509447828,0.24531149712708444,11,2014,32.09007575757576,20.03848484848485,1.1003517102147888,736.1363636363636,142.749222573906,642.8499999999999,700.3999999999999,850.6,446.0,2009.0,1888.58,2014.0,1175.0,2012
UTTAR PRADESH,UNNAO,RICE,KHARIF,1.7017208105126316,0.261771018196183,16,2014,34.41609375,27.084218749999998,1.0252100909945905,498.975,248.87696692676616,425.7750000000001,566.0,645.375,674.0,2009.0,1479.86,2014.0,1265.0,2012
UTTAR PRADESH,UNNAO,SORGHUM,KHARIF,0.983249743536729,0.2231408222205423,16,2014,34.41609375,27.084218749999998,0.0005700716742048,498.975,248.87696692676616,425.7750000000001,566.0,645.375,550.0,2007.0,,,1510.0,2012
UTTAR PRADESH,UNNAO,WHEAT,RABI,2.592747911639181,0.31046250612098353,18,2014,28.23898148148148,13.750648148148148,1.0015526471452594,124.5888888888889,189.02258467267842,25.375,54.0,146.35000000000002,1028.0,2009.0,1502.89,2014.0,1350.0,2012
UTTAR PRADESH,VARANASI,CHICKPEA,RABI,0.9855141333523996,0.20024036992137648,18,2014,29.09527777777778,14.80777777777778,0.1351743990843819,73.11111111111111,69.5709108319485,27.425,43.4,110.225,1269.0,1998.0,5507.26,2014.0,3000.0,2012
UTTAR PRADESH,VARANASI,GROUNDNUT,KHARIF,0.9083333333333332,0.14553540997144152,5,2013,34.598,27.153,0.0,735.0400000000001,328.76755162272326,667.8,772.6000000000001,820.3000000000001,3700.0,,,,3700.0,2012
UTTAR PRADESH,VARANASI,MAIZE,KHARIF,1.4167652625849376,0.2742896776095988,16,2014,34.644062500000004,27.16625,0.012755495309943706,688.78125,303.97623419986854,514.9749999999999,672.9,784.5250000000001,409.0,1998.0,1888.58,2014.0,1175.0,2012
UTTAR PRADESH,VARANASI,MAIZE,RABI,2.2216932655329784,0.8237368243322795,11,2014,29.029090909090908,14.649242424242425,1.4138755980861244,79.82727272727273,81.34433097529406,28.35,44.8,105.85,1175.0,,1888.58,2014.0,1175.0,2012
UTTAR PRADESH,VARANASI,MAIZE,WHOLE YEAR,1.5325774397177858,0.2449872536842299,11,2014,32.76659090909091,20.636969696969697,1.3465009013363949,824.6454545454545,302.927266397848,710.4,780.1999999999999,987.4,409.0,1998.0,1888.58,2014.0,1175.0,2012
UTTAR PRADESH,VARANASI,RICE,KHARIF,2.009709414219569,0.5495715395811126,16,2014,34.644062500000004,27.16625,1.5,688.78125,303.97623419986854,514.9749999999999,672.9,784.5250000000001,890.0,2009.0,1479.86,2014.0,1265.0,2012
UTTAR PRADESH,VARANASI,SORGHUM,KHARIF,1.0831158762138218,0.22278597397599226,16,2014,34.644062500000004,27.16625,0.0010495481231793937,688.78125,303.97623419986854,514.9749999999999,672.9,784.5250000000001,443.0,1998.0,,,1510.0,2012
UTTAR PRADESH,VARANASI,WHEAT,RABI,2.5326622584412046,0.35539629082520086,18,2014,29.09527777777778,14.80777777777778,1.5,73.11111111111111,69.5709108319485,27.425,43.4,110.225,643.0,2009.0,1502.89,2014.0,1350.0,2012
UTTARAKHAND,CHAMOLI,MAIZE,KHARIF,0.9689159839036453,0.3124014039175325,11,2014,15.509545454545457,7.879545454545454,0.0,933.1636363636364,446.46106946233795,735.45,947.0,1199.35,1175.0,,,,1175.0,2012
UTTARAKHAND,CHAMOLI,RICE,KHARIF,1.3183561061103701,0.11764876870729175,11,2014,15.509545454545457,7.879545454545454,0.33283393001846173,933.1636363636364,446.46106946233795,735.45,947.0,1199.35,1265.0,,896.47,2014.0,1265.0,2012
UTTARAKHAND,CHAMOLI,WHEAT,RABI,1.2641598795207571,0.21601908383855825,12,2014,3.6256944444444446,-5.991111111111111,0.26504913428349736,125.27499999999999,126.6553313309213,38.625,101.75,155.925,1350.0,,1277.32,2014.0,1350.0,2012
UTTARAKHAND,DEHRADUN,CHICKPEA,RABI,0.7976133097046779,0.09231343684139098,12,2014,21.258055555555554,10.355972222222222,0.08560999473169262,170.57500000000002,124.32665277770931,81.375,166.45,255.425,3000.0,,,,3000.0,2012
UTTARAKHAND,DEHRADUN,GROUNDNUT,KHARIF,0.9932717563804306,0.12621178490093626,11,2014,28.360681818181817,22.024545454545457,0.013857460192239818,1756.4818181818182,776.4299579719756,1292.4,1830.7,2254.8,3700.0,,,,3700.0,2012
UTTARAKHAND,DEHRADUN,MAIZE,KHARIF,1.7103803349785225,0.32500550813630336,11,2014,28.360681818181817,22.024545454545457,0.006140568215234882,1756.4818181818182,776.4299579719756,1292.4,1830.7,2254.8,1522.0,2014.0,,,1175.0,2012
UTTARAKHAND,DEHRADUN,RICE,KHARIF,2.0242966593504397,0.09755090008304251,11,2014,28.360681818181817,22.024545454545457,0.9242352889810597,1756.4818181818182,776.4299579719756,1292.4,1830.7,2254.8,1941.0,2014.0,896.47,2014.0,1265.0,2012
UTTARAKHAND,DEHRADUN,WHEAT,RABI,2.023134047228614,0.3913873777623308,12,2014,21.258055555555554,10.355972222222222,0.5814088231593998,170.57500000000002,124.32665277770931,81.375,166.45,255.425,1558.0,2014.0,1277.32,2014.0,1350.0,2012
UTTARAKHAND,NAINITAL,CHICKPEA,RABI,0.8074053027224927,0.11570094750297714,12,2014,22.86611111111111,11.480138888888888,0.8614555642176414,153.98333333333335,150.15673528521842,22.625,123.15,275.42499999999995,3000.0,,,,3000.0,2012
UTTARAKHAND,NAINITAL,GROUNDNUT,KHARIF,1.0125458197626,0.18706722033511847,10,2014,29.546749999999996,22.7345,0.0,1346.55,649.3719517092393,1097.825,1430.4,1755.5,3700.0,,,,3700.0,2012
UTTARAKHAND,NAINITAL,MAIZE,KHARIF,1.7084902243390099,0.2837153444292465,11,2014,29.605227272727276,22.734772727272727,0.017510134478963782,1306.9545454545455,629.8899417575047,997.25,1418.0,1740.1999999999998,1233.0,2014.0,,,1175.0,2012
UTTARAKHAND,NAINITAL,RICE,KHARIF,2.6173674087327297,0.24641779386521606,11,2014,29.605227272727276,22.734772727272727,1.5,1306.9545454545455,629.8899417575047,997.25,1418.0,1740.1999999999998,1155.0,2014.0,896.47,2014.0,1265.0,2012
UTTARAKHAND,NAINITAL,RICE,WHOLE YEAR,3.1695127073594285,0.20092937836538818,7,2014,26.599166666666665,16.509761904761906,1.5,1691.1714285714286,404.71825061510685,1569.8,1802.2,1927.2500000000002,1155.0,2014.0,896.47,2014.0,1265.0,2012
UTTARAKHAND,NAINITAL,WHEAT,RABI,2.5710210348400877,0.2821789057130603,12,2014,22.86611111111111,11.480138888888888,1.5,153.98333333333335,150.15673528521842,22.625,123.15,275.42499999999995,1480.0,2014.0,1277.32,2014.0,1350.0,2012
UTTARAKHAND,TEHRI GARHWAL,CHICKPEA,RABI,0.5026481936648177,0.13707727390326177,10,2014,16.530833333333334,7.236666666666666,0.09090909090909091,172.48000000000002,130.66741326317322,76.19999999999999,176.45,283.975,3000.0,,,,3000.0,2012
UTTARAKHAND,TEHRI GARHWAL,MAIZE,KHARIF,1.1800717038958348,0.452319709564777,11,2014,24.14909090909091,18.22159090909091,0.001932180465655491,697.3909090909091,326.74505797194684,616.6,813.1999999999999,844.7,1175.0,,,,1175.0,2012
UTTARAKHAND,TEHRI GARHWAL,RICE,KHARIF,1.5294536397160612,0.1480735758180541,11,2014,24.14909090909091,18.22159090909091,0.6235119282104906,697.3909090909091,326.74505797194684,616.6,813.1999999999999,844.7,1265.0,,896.47,2014.0,1265.0,2012
UTTARAKHAND,TEHRI GARHWAL,WHEAT,RABI,1.256795909049888,0.26598022458229353,12,2014,16.686944444444446,7.341111111111111,0.25243150183228014,154.68333333333334,125.33142124589169,67.82499999999999,129.4,263.725,1350.0,,1277.32,2014.0,1350.0,2012
UTTARAKHAND,UTTAR KASHI,CHICKPEA,RABI,0.7518518518518519,0.2415868322795433,9,2014,2.9174074074074077,-6.131296296296296,0.1388888888888889,152.43333333333334,128.0073044790804,9.8,163.4,237.0,3000.0,,,,3000.0,2012
UTTARAKHAND,UTTAR KASHI,MAIZE,KHARIF,1.3004668771661403,0.44198984702844935,11,2014,15.331818181818182,8.253636363636362,0.0021190930281839364,1252.9454545454546,572.8337252006665,950.25,1308.6,1639.85,1175.0,,,,1175.0,2012
UTTARAKHAND,UTTAR KASHI,RICE,KHARIF,1.639303967285047,0.13825126936851206,11,2014,15.331818181818182,8.253636363636362,0.4702492989953371,1252.9454545454546,572.8337252006665,950.25,1308.6,1639.85,1265.0,,896.47,2014.0,1265.0,2012
UTTARAKHAND,UTTAR KASHI,WHEAT,RABI,1.5056407334993198,0.2527488433758905,12,2014,2.94875,-6.180694444444445,0.27821708825927255,172.775,145.24566728008227,15.8,181.7,261.075,1350.0,,1277.32,2014.0,1350.0,2012
WEST BENGAL,BANKURA,CHICKPEA,RABI,0.8881772195453564,0.38567445195898464,18,2014,29.66009259259259,17.02240740740741,,176.96666666666667,99.5595181138339,106.85,157.55,222.0,2815.0,2008.0,,,3000.0,2012
WEST BENGAL,BANKURA,GROUNDNUT,KHARIF,0.9043086887554962,0.1537002356933135,7,2008,32.574285714285715,25.78964285714286,,1146.542857142857,248.16692538922834,961.0,1135.0,1276.3,3700.0,,,,3700.0,2012
WEST BENGAL,BANKURA,GROUNDNUT,RABI,1.5273357639778462,0.27689782880512825,9,2014,29.554814814814815,16.830555555555556,,150.66666666666666,117.7313254830676,79.5,127.7,156.10000000000002,3700.0,,,,3700.0,2012
WEST BENGAL,BANKURA,GROUNDNUT,WHOLE YEAR,1.3259426079106154,0.38619172322828516,18,2014,32.10541666666667,21.439537037037034,,1413.361111111111,286.05613833834394,1251.275,1322.5,1507.25,3700.0,,,,3700.0,2012
WEST BENGAL,BANKURA,MAIZE,KHARIF,1.618501837495988,0.5065331822411664,10,2007,32.81025,25.862000000000002,,1019.9200000000001,231.40608270119242,874.75,961.0,1116.25,1175.0,,,,1175.0,2012
WEST BENGAL,BANKURA,MAIZE,RABI,2.653424124332383,0.7501123906429146,8,2014,29.54,16.84166666666667,,147.125,125.34648835470878,78.875,114.85,142.525,1175.0,,,,1175.0,2012
WEST BENGAL,BANKURA,MAIZE,WHOLE YEAR,2.2362832593450195,0.812883206757298,9,2014,32.04944444444445,21.36296296296296,,1512.7222222222222,372.7567228695472,1300.1,1454.0,1814.6,1175.0,,,,1175.0,2012
WEST BENGAL,BANKURA,RICE,WHOLE YEAR,2.7064724481336557,0.15201277800736546,18,2014,32.10541666666667,21.439537037037034,,1413.361111111111,286.05613833834394,1251.275,1322.5,1507.25,1373.0,2014.0,1411.34,2014.0,1265.0,2012
WEST BENGAL,BANKURA,SORGHUM,KHARIF,1.21608027966782,1.7690926315679694,7,2004,32.75857142857143,25.798571428571428,,968.8571428571429,146.09748865218796,888.5,952.0,1052.5,1510.0,,,,1510.0,2012
WEST BENGAL,BANKURA,WHEAT,RABI,2.105621107823761,0.30374617510230056,18,2014,29.66009259259259,17.02240740740741,,176.96666666666667,99.5595181138339,106.85,157.55,222.0,950.0,2013.0,1585.96,2014.0,1350.0,2012
WEST BENGAL,BIRBHUM,CHICKPEA,RABI,1.0819932313177503,0.22468503846333243,17,2014,29.595882352941175,16.418235294117647,,192.95294117647057,98.15516490261135,118.5,178.79999999999998,276.0,3567.0,2012.0,,,3000.0,2012
WEST BENGAL,BIRBHUM,GROUNDNUT,KHARIF,0.9851515151515152,0.06873980431953505,7,2008,32.76964285714286,26.006785714285716,,1237.142857142857,352.65537406530876,1034.5,1193.1,1516.45,3700.0,,,,3700.0,2012
WEST BENGAL,BIRBHUM,GROUNDNUT,RABI,1.2830781404916576,0.2573510982692418,9,2014,29.82333333333333,16.385,,140.53333333333333,85.33344889315092,72.80000000000001,118.5,178.79999999999998,3700.0,,,,3700.0,2012
WEST BENGAL,BIRBHUM,GROUNDNUT,WHOLE YEAR,1.0561199334035059,0.3704950763453589,17,2014,32.05549019607844,21.044999999999998,,1452.2764705882353,301.72504148937423,1204.0,1399.3000000000002,1712.4,3700.0,,,,3700.0,2012
WEST BENGAL,BIRBHUM,MAIZE,KHARIF,1.5375561952572627,0.28460576811209404,10,2007,32.989,26.064750000000004,,1204.29,326.1775877919539,965.75,1187.0,1433.725,1175.0,,,,1175.0,2012
WEST BENGAL,BIRBHUM,MAIZE,WHOLE YEAR,1.5655282455132509,0.39495279725304544,9,2014,32.01990740740741,20.961203703703703,,1359.0777777777778,267.9233695377177,1144.4,1374.3000000000002,1543.9999999999998,1175.0,,,,1175.0,2012
WEST BENGAL,BIRBHUM,RICE,WHOLE YEAR,2.9379358510585094,0.2094489465541384,18,2014,32.05319444444444,21.0475,,1457.3722222222223,293.5135848255138,1212.65,1430.65,1685.5500000000002,1012.0,2013.0,1411.34,2014.0,1265.0,2012
WEST BENGAL,BIRBHUM,SORGHUM,KHARIF,0.6502762792957165,0.0015426888354471964,5,2002,32.8775,25.875999999999998,,1315.6,310.48075624746855,1131.0,1243.0,1600.0,1510.0,,,,1510.0,2012
WEST BENGAL,BIRBHUM,WHEAT,RABI,2.7285688963575243,0.15377634450179606,18,2014,29.619537037037034,16.406388888888888,,185.17777777777778,100.77629597313727,88.125,175.59999999999997,269.25,1250.0,2013.0,1585.96,2014.0,1350.0,2012
WEST BENGAL,DARJEELING,GROUNDNUT,RABI,1.5139584367685652,0.03854200085125212,8,2014,24.004583333333333,13.114583333333334,,218.1375,118.59660242664145,138.7,180.95,307.95,3700.0,,,,3700.0,2012
WEST BENGAL,DARJEELING,GROUNDNUT,WHOLE YEAR,1.215765805663504,0.13877905594706666,11,2012,26.092651515151513,17.31280303030303,,3068.7363636363634,337.66462732340574,2885.75,3015.0,3327.3,3700.0,,,,3700.0,2012
WEST BENGAL,DARJEELING,MAIZE,KHARIF,2.6162342915453465,0.6081795267640756,10,2007,28.047500000000003,22.259999999999998,,2428.84,342.57591275511476,2170.0,2553.5,2725.8,1175.0,,,,1175.0,2012
WEST BENGAL,DARJEELING,MAIZE,RABI,2.485743674256438,0.6736840865005548,8,2014,23.709375,12.981875,,175.2125,82.15922585356525,126.4,160.8,203.42499999999998,1175.0,,,,1175.0,2012
WEST BENGAL,DARJEELING,MAIZE,WHOLE YEAR,2.529049331104308,0.5731729388395812,9,2014,25.90425925925926,17.148240740740743,,3148.5555555555557,221.813999282682,2969.5,3009.1000000000004,3316.1,1175.0,,,,1175.0,2012
WEST BENGAL,DARJEELING,RICE,WHOLE YEAR,1.81141785866611,0.40076807284187926,18,2014,25.906203703703703,17.193981481481483,,3071.277777777778,299.46903906660714,2949.05,3012.05,3321.275,1021.0,2014.0,1411.34,2014.0,1265.0,2012
WEST BENGAL,DARJEELING,WHEAT,RABI,1.5419528910415154,0.28468045391806723,18,2014,23.72138888888889,13.107685185185185,,204.49444444444444,93.11604696621511,142.425,183.8,261.22499999999997,1460.0,2014.0,1585.96,2014.0,1350.0,2012
WEST BENGAL,HOOGHLY,CHICKPEA,RABI,0.9741167184867802,0.30125537750770603,8,2014,29.342916666666667,16.83125,,172.7625,112.29743588854937,83.45,133.0,256.5,2359.0,2008.0,,,3000.0,2012
WEST BENGAL,HOOGHLY,GROUNDNUT,RABI,1.5320700319383338,0.27646204156008264,12,2014,29.49013888888889,16.81277777777778,,168.95000000000002,91.90625164214397,104.5,136.25,226.2,3700.0,,,,3700.0,2012
WEST BENGAL,HOOGHLY,GROUNDNUT,WHOLE YEAR,1.7263698459896364,0.2928946781697008,18,2014,31.715740740740742,21.434583333333332,,1311.7333333333333,221.0214628917824,1118.0500000000002,1256.5,1469.975,3700.0,,,,3700.0,2012
WEST BENGAL,HOOGHLY,MAIZE,KHARIF,2.0115254755332574,0.5930751292881001,6,2006,32.84291666666667,26.184166666666666,,844.1666666666666,174.90159137831384,715.5,814.5,908.25,1175.0,,,,1175.0,2012
WEST BENGAL,HOOGHLY,MAIZE,WHOLE YEAR,2.1389215351038424,0.23361805225718948,8,2014,31.7375,21.425729166666667,,1303.525,249.46455660073238,1108.25,1260.65,1439.5249999999999,1175.0,,,,1175.0,2012
WEST BENGAL,HOOGHLY,RICE,WHOLE YEAR,2.772641378285808,0.1823236250658518,18,2014,31.715740740740742,21.434583333333332,,1311.7333333333333,221.0214628917824,1118.0500000000002,1256.5,1469.975,1442.0,2014.0,1411.34,2014.0,1265.0,2012
WEST BENGAL,HOOGHLY,WHEAT,RABI,2.1762356463690504,0.35057218333518997,18,2014,29.564444444444444,16.933703703703703,,183.06666666666666,91.73758611323035,115.5,171.0,233.75,1560.0,2014.0,1585.96,2014.0,1350.0,2012
WEST BENGAL,HOWRAH,CHICKPEA,RABI,0.88125,0.18504343119541267,8,2010,29.774166666666666,17.98979166666667,,280.2625,73.50002793974201,221.825,272.5,307.75,1267.0,2006.0,,,3000.0,2012
WEST BENGAL,HOWRAH,GROUNDNUT,WHOLE YEAR,1.5796119054885507,0.6527200059985626,18,2014,31.46421296296296,21.813287037037036,,1490.388888888889,234.84794552292743,1307.475,1463.75,1639.5,3700.0,,,,3700.0,2012
WEST BENGAL,HOWRAH,MAIZE,KHARIF,1.4131236731166605,0.5880369610059079,6,2006,32.27625,26.41416666666667,,990.3333333333334,150.31389379118175,894.0,945.5,1066.75,1175.0,,,,1175.0,2012
WEST BENGAL,HOWRAH,MAIZE,WHOLE YEAR,1.2359672869094804,0.05981019011080198,8,2014,31.464166666666667,21.813020833333333,,1511.625,330.2466772840309,1241.75,1384.9,1744.35,1175.0,,,,1175.0,2012
WEST BENGAL,HOWRAH,RICE,WHOLE YEAR,2.2098479366622823,0.2926517973866296,18,2014,31.46421296296296,21.813287037037036,,1490.388888888889,234.84794552292743,1307.475,1463.75,1639.5,1360.0,2014.0,1411.34,2014.0,1265.0,2012
WEST BENGAL,HOWRAH,WHEAT,RABI,1.8362857564868456,0.5958467211956692,17,2014,29.483039215686272,17.615882352941174,,225.29999999999998,116.01838216420705,119.4,221.3,304.0,1116.0,2013.0,1585.96,2014.0,1350.0,2012
WEST BENGAL,JALPAIGURI,CHICKPEA,RABI,1.0162783884130966,0.23606857305688927,13,2014,28.08025641025641,15.80051282051282,,229.83846153846156,110.34395874160593,148.9,185.0,319.7,1822.0,2005.0,,,3000.0,2012
WEST BENGAL,JALPAIGURI,GROUNDNUT,RABI,1.5428321764570407,0.21624781253371372,11,2014,27.933636363636364,15.607575757575757,,247.0181818181818,164.12523156530088,141.55,179.3,333.0,3700.0,,,,3700.0,2012
WEST BENGAL,JALPAIGURI,GROUNDNUT,WHOLE YEAR,1.699370724805564,0.258052334254953,18,2014,29.87462962962963,20.238518518518518,,3502.9333333333334,471.9804133523289,3075.775,3490.25,3797.5,3700.0,,,,3700.0,2012
WEST BENGAL,JALPAIGURI,MAIZE,KHARIF,2.131093610770391,0.6861727208088108,10,2007,31.58225,25.66375,,2772.7799999999997,563.4622294351237,2342.5,2847.0,2927.45,1175.0,,,,1175.0,2012
WEST BENGAL,JALPAIGURI,MAIZE,RABI,4.264843205574913,1.4973849598477413,8,2014,27.91375,15.594166666666666,,177.275,95.47050030544214,127.07499999999999,154.75,196.675,1175.0,,,,1175.0,2012
WEST BENGAL,JALPAIGURI,MAIZE,WHOLE YEAR,2.5606428587743353,0.43281643686802235,9,2014,29.87712962962963,20.187592592592594,,3407.755555555556,405.07873034482776,3055.1,3472.7,3559.3000000000006,1175.0,,,,1175.0,2012
WEST BENGAL,JALPAIGURI,RICE,WHOLE YEAR,1.7443954424154307,0.36087866838823157,18,2014,29.87462962962963,20.238518518518518,,3502.9333333333334,471.9804133523289,3075.775,3490.25,3797.5,1338.0,2014.0,1411.34,2014.0,1265.0,2012
WEST BENGAL,JALPAIGURI,WHEAT,RABI,2.040037933881604,0.27448902173117123,18,2014,27.92824074074074,15.73851851851852,,262.6611111111111,134.76872188565423,165.27499999999998,245.9,343.925,1233.0,2014.0,1585.96,2014.0,1350.0,2012
WEST BENGAL,MURSHIDABAD,CHICKPEA,RABI,0.9427752405913742,0.1971846943763774,18,2014,29.353333333333335,16.11546296296296,,179.7388888888889,92.57869237057602,129.75,187.35,216.75,3241.0,2012.0,,,3000.0,2012
WEST BENGAL,MURSHIDABAD,GROUNDNUT,KHARIF,1.3580501618122978,0.2513736522524771,7,2008,32.684999999999995,26.168928571428573,,1152.1285714285714,216.30654724476645,1045.65,1123.0,1264.0,3700.0,,,,3700.0,2012
WEST BENGAL,MURSHIDABAD,GROUNDNUT,RABI,2.2271649791099697,0.8058804911417505,12,2014,29.308333333333334,16.00138888888889,,156.19166666666666,74.34075669550725,89.1,168.14999999999998,205.47500000000002,3700.0,,,,3700.0,2012
WEST BENGAL,MURSHIDABAD,GROUNDNUT,WHOLE YEAR,1.7000733741762608,0.4711819934749662,18,2014,31.79171296296296,20.844675925925927,,1384.4444444444443,257.3704316446768,1188.75,1367.0,1563.5,3700.0,,,,3700.0,2012
WEST BENGAL,MURSHIDABAD,MAIZE,KHARIF,2.95107090025995,0.9700456922101454,10,2007,32.887,26.21225,,1108.16,215.50671657488746,936.75,1138.0,1215.75,1175.0,,,,1175.0,2012
WEST BENGAL,MURSHIDABAD,MAIZE,RABI,4.6145582294687175,0.36026746799159287,8,2014,29.258958333333332,15.903541666666667,,139.0375,71.3368856202736,81.05,152.3,187.35,1175.0,,,,1175.0,2012
WEST BENGAL,MURSHIDABAD,MAIZE,WHOLE YEAR,4.262919730829129,1.0020243411742498,9,2014,31.76722222222222,20.759074074074075,,1308.7777777777778,290.10542815404943,1173.8,1228.2,1462.0,1175.0,,,,1175.0,2012
WEST BENGAL,MURSHIDABAD,RICE,WHOLE YEAR,2.769289027517751,0.23183234436805597,18,2014,31.79171296296296,20.844675925925927,,1384.4444444444443,257.3704316446768,1188.75,1367.0,1563.5,1453.0,2014.0,1411.34,2014.0,1265.0,2012
WEST BENGAL,MURSHIDABAD,SORGHUM,KHARIF,0.44597036507092436,0.030333146670590384,12,2009,32.90270833333333,26.245416666666667,,1094.7749999999999,197.79617665667854,975.55,1089.65,1195.25,1510.0,,,,1510.0,2012
WEST BENGAL,MURSHIDABAD,WHEAT,RABI,2.514528618232622,0.3132328055442756,18,2014,29.353333333333335,16.11546296296296,,179.7388888888889,92.57869237057602,129.75,187.35,216.75,1467.0,2013.0,1585.96,2014.0,1350.0,2012
WEST BENGAL,NADIA,CHICKPEA,RABI,0.8811811057547151,0.17527611546304503,18,2014,29.81027777777778,16.083796296296295,,190.04444444444445,86.36050446833984,118.6,198.75,258.85,2747.0,2011.0,,,3000.0,2012
WEST BENGAL,NADIA,GROUNDNUT,RABI,1.6705951198994349,0.19633909710717476,13,2014,29.75948717948718,15.946923076923078,,170.3923076923077,82.75811603239146,95.2,179.0,253.0,3700.0,,,,3700.0,2012
WEST BENGAL,NADIA,GROUNDNUT,WHOLE YEAR,1.7766645394461604,0.3454712626424025,18,2014,32.03310185185185,20.900972222222222,,1325.8777777777777,246.4128423781701,1161.0,1394.2,1494.1249999999998,3700.0,,,,3700.0,2012
WEST BENGAL,NADIA,MAIZE,KHARIF,2.387959876245437,0.34549558836069244,10,2007,32.96775,26.184250000000002,,999.07,242.19240308298507,861.75,974.5,1203.5,1175.0,,,,1175.0,2012
WEST BENGAL,NADIA,MAIZE,RABI,2.5587837095526194,0.0677100167780374,8,2014,29.700416666666666,15.850625,,154.76250000000002,85.85737238500339,95.2,122.4,211.825,1175.0,,,,1175.0,2012
WEST BENGAL,NADIA,MAIZE,WHOLE YEAR,2.596951041345347,0.431304314465994,9,2014,32.0037962962963,20.808425925925928,,1298.7555555555555,300.60082381420335,1096.8,1413.4,1496.4999999999998,1175.0,,,,1175.0,2012
WEST BENGAL,NADIA,RICE,WHOLE YEAR,2.8092969518786006,0.17384991122496204,18,2014,32.03310185185185,20.900972222222222,,1325.8777777777777,246.4128423781701,1161.0,1394.2,1494.1249999999998,1193.0,2013.0,1411.34,2014.0,1265.0,2012
WEST BENGAL,NADIA,SORGHUM,KHARIF,0.635,0.13341664064126332,8,2007,32.9528125,26.2278125,,980.3375,240.90015084796323,863.0,974.5,1082.5,1510.0,,,,1510.0,2012
WEST BENGAL,NADIA,WHEAT,RABI,2.488112511518069,0.47584952921686313,18,2014,29.81027777777778,16.083796296296295,,190.04444444444445,86.36050446833984,118.6,198.75,258.85,1413.0,2013.0,1585.96,2014.0,1350.0,2012
WEST BENGAL,PURULIA,CHICKPEA,RABI,0.9017197216853741,0.3009342579975696,18,2014,29.38324074074074,16.67925925925926,,173.93333333333334,112.06569501859165,96.375,132.25,231.0,3790.0,2012.0,,,3000.0,2012
WEST BENGAL,PURULIA,GROUNDNUT,KHARIF,0.8834699370876106,0.16145948916861994,7,2008,32.40535714285714,25.396428571428572,,1141.8285714285714,249.36482453282326,986.5,1149.0,1260.05,3700.0,,,,3700.0,2012
WEST BENGAL,PURULIA,GROUNDNUT,RABI,1.2056509693031898,0.38519218083977885,10,2014,29.366166666666665,16.593666666666667,,158.12,130.60645551511698,90.42500000000001,127.75,160.0,3700.0,,,,3700.0,2012
WEST BENGAL,PURULIA,GROUNDNUT,WHOLE YEAR,1.1170383307329552,0.40991434245454045,16,2014,32.11869791666667,21.177968749999998,,1352.39375,263.11638101481503,1200.45,1373.5,1442.25,3700.0,,,,3700.0,2012
WEST BENGAL,PURULIA,MAIZE,KHARIF,1.574944153032542,0.30416726744899536,10,2007,32.65,25.47625,,1036.17,246.58561754039465,826.75,1043.0,1144.0,1175.0,,,,1175.0,2012
WEST BENGAL,PURULIA,MAIZE,WHOLE YEAR,2.4544269501529126,2.0291098563187635,9,2014,32.04972222222222,21.076296296296295,,1408.1444444444444,330.07558646131,1165.8,1400.9,1763.3,1175.0,,,,1175.0,2012
WEST BENGAL,PURULIA,RICE,WHOLE YEAR,2.1893414849743786,0.3471362201710206,18,2014,32.10912037037037,21.15134259259259,,1348.7388888888888,266.18674369010165,1177.35,1373.5,1458.75,1305.0,2014.0,1411.34,2014.0,1265.0,2012
WEST BENGAL,PURULIA,SORGHUM,KHARIF,0.515397274954465,0.70725900786855,14,2013,32.61535714285714,25.473035714285714,,1077.2642857142857,251.7189171313079,870.25,1043.0,1230.75,1510.0,,,,1510.0,2012
WEST BENGAL,PURULIA,WHEAT,RABI,2.0938835914931153,0.3319619087810309,18,2014,29.38324074074074,16.67925925925926,,173.93333333333334,112.06569501859165,96.375,132.25,231.0,1490.0,2013.0,1585.96,2014.0,1350.0,2012
